table,column_id,column,type,max_length,precision,scale,is_nullable,is_identity,default,collation
AB_CATCH,1,Index,int,4,10,0,False,True,,
AB_CATCH,2,A_Code,varchar,7,0,0,True,False,,Arabic_CI_AS
AB_CATCH,3,C_Code,varchar,5,0,0,True,False,,Arabic_CI_AS
AB_CATCH,4,First_Exist,float,8,53,0,True,False,,
AB_CATCH,5,First_Exist2,float,8,53,0,True,False,,
AB_CATCH,6,Exist,float,8,53,0,True,False,,
AB_CATCH,7,Exist2,float,8,53,0,True,False,,
AB_CATCH,8,Buy_Price,float,8,53,0,True,False,,
AB_CATCH,9,Sel_Price,float,8,53,0,True,False,,
AB_CATCH,10,Ab_Date,datetime,8,23,3,True,False,,
AB_CATCH,11,Sanad_Code,int,4,10,0,True,False,,
AB_CATCH,12,FacArtic_Comment,nvarchar,8000,0,0,True,False,,Arabic_CI_AS
AB_CATCH,13,AmadehTahvil,bit,1,1,0,True,False,,
AB_CATCH,14,BoxType,varchar,20,0,0,True,False,,Arabic_CI_AS
AB_CATCH,15,Number_Bar,int,4,10,0,True,False,,
AB_CATCH,16,Fac_Code_C,int,4,10,0,True,False,,
AB_CATCH,17,Ab_Time,datetime,8,23,3,True,False,,
AB_CATCH,18,GetPrice,float,8,53,0,True,False,,
AB_CATCH,19,DarsadTakhfif,float,8,53,0,True,False,,
AB_CATCH,20,TakhfifSatriR,float,8,53,0,True,False,,
AB_CATCH,21,A_Index,int,4,10,0,False,False,((0)),
AB_CATCH,22,ACode_C,varchar,50,0,0,True,False,,Arabic_CI_AS
AB_CATCH,23,VasetehCode,varchar,5,0,0,True,False,,Arabic_CI_AS
AB_CATCH,24,VasetehPrice,float,8,53,0,False,False,((0)),
AB_CATCH,25,UserCode,int,4,10,0,True,False,,
AB_CATCH,26,VahedCode,int,4,10,0,False,False,((0)),
AB_CATCH,27,Vahed_few,float,8,53,0,False,False,((0)),
AB_CATCH,28,SelPriceID,int,4,10,0,False,False,((1)),
AB_CATCH,29,Pelak,nvarchar,100,0,0,True,False,,Arabic_CI_AS
AB_CATCH,30,First_FirstExist,float,8,53,0,True,False,,
AB_CATCH,31,Beiane,float,8,53,0,True,False,((0)),
AB_CATCH,32,sanad_code_Beiane,int,4,10,0,True,False,((0)),
AB_CATCH,33,Karton,float,8,53,0,True,False,((0)),
ABAILPRE,1,Fac_Code,varchar,6,0,0,False,False,,Arabic_CI_AS
ABAILPRE,2,Fac_Type,varchar,1,0,0,False,False,,Arabic_CI_AS
ABAILPRE,3,A_Code,varchar,7,0,0,False,False,,Arabic_CI_AS
ABAILPRE,4,A_Index,smallint,2,5,0,False,False,,
ABAILPRE,5,First_Article,float,8,53,0,True,False,,
ABAILPRE,6,First_Article2,float,8,53,0,True,False,,
ABAILPRE,7,Few_Article,float,8,53,0,True,False,,
ABAILPRE,8,Few_Article2,float,8,53,0,True,False,,
ABAILPRE,9,Price_BS,float,8,53,0,True,False,,
ABAILPRE,10,FacArtic_Comment,nvarchar,8000,0,0,True,False,,Arabic_CI_AS
ABAILPRE,11,Unit_Few,float,8,53,0,True,False,,
ABAILPRE,12,VahedCode,smallint,2,5,0,True,False,,
ABAILPRE,13,Money_Code,int,4,10,0,True,False,,
ABAILPRE,14,Price_Dollari,float,8,53,0,True,False,,
ABAILPRE,15,DarsadTakhfif,float,8,53,0,True,False,,
ABAILPRE,16,HlpFieldS,varchar,30,0,0,True,False,,Arabic_CI_AS
ABAILPRE,17,RetDate,datetime,8,23,3,True,False,,
ABAILPRE,18,MaxRetDate,datetime,8,23,3,True,False,,
ABAILPRE,19,Buy_Price,float,8,53,0,True,False,,
ABAILPRE,20,Unit_Name,varchar,30,0,0,True,False,,Arabic_CI_AS
ABAILPRE,21,AmadehTahvil,bit,1,1,0,True,False,,
ABAILPRE,22,TAKHFIFSATRIR,float,8,53,0,True,False,,
ABAILPRE,23,Tool,nvarchar,20,0,0,True,False,,Arabic_CI_AS
ABAILPRE,24,Arz,nvarchar,20,0,0,True,False,,Arabic_CI_AS
ABAILPRE,25,Ghotr,float,8,53,0,True,False,,
ABAILPRE,26,Tedad,float,8,53,0,True,False,,
ABAILPRE,27,Metr,float,8,53,0,True,False,,
ABAILPRE,28,Tool_Arz,bit,1,1,0,True,False,,
ABAILPRE,29,Karton,float,8,53,0,True,False,,
ABAILPRE,30,Basteh,float,8,53,0,True,False,,
ABAILPRE,31,ToolArzType,varchar,1,0,0,True,False,,Arabic_CI_AS
ABAILPRE,32,DarsadPorsant,float,8,53,0,True,False,,
ABAILPRE,33,Levy,float,8,53,0,True,False,,
ABAILPRE,34,Scot,float,8,53,0,True,False,,
ABAILPRE,35,ACode_C,varchar,50,0,0,True,False,,Arabic_CI_AS
ABAILPRE,36,ArtClassSIndex,int,4,10,0,True,False,,
ABAILPRE,37,Sigar_Levy,float,8,53,0,False,False,((0)),
ABAILPRE,38,Sigar_Scot,float,8,53,0,False,False,((0)),
ABAILPRE,39,SelPriceID,int,4,10,0,False,False,((1)),
ABAILPRE,40,k_Fac_Code_C,varchar,50,0,0,True,False,(''),Arabic_CI_AS
ABAILPRE,41,k_FacType,varchar,1,0,0,True,False,(''),Arabic_CI_AS
ABAILPRE,42,A_IndexK_FacCode,int,4,10,0,True,False,((0)),
ABAILPRE,43,loadFromOldYaer,bit,1,1,0,True,False,,
ABAILPRE,44,Index,int,4,10,0,False,True,,
ABAILPRE,45,ISSabegheDelete,bit,1,1,0,False,False,((0)),
ABAILPRE,46,GDarsadSoodF,float,8,53,0,False,False,((0)),
ABAILPRE,47,Vaseteh_Code,nvarchar,100,0,0,True,False,,Arabic_CI_AS
AccessDelay,1,Id,int,4,10,0,False,True,,
AccessDelay,2,C_Code,nvarchar,100,0,0,True,False,,Arabic_CI_AS
AccessDelay,3,Year,int,4,10,0,False,False,,
AccessDelay,4,Month,int,4,10,0,False,False,,
AccessDelay,5,MohlatTasvieh,int,4,10,0,False,False,,
AccessDelay,6,InsUserCode,int,4,10,0,False,False,,
AccessDelay,7,AcceptUserCode,int,4,10,0,False,False,,
ACOUND_C,1,C_Code,varchar,5,0,0,False,False,,Arabic_CI_AS
ACOUND_C,2,Ac_Index,int,4,10,0,False,True,,
ACOUND_C,3,Bank_Code,varchar,10,0,0,True,False,,Arabic_CI_AS
ACOUND_C,4,Account_N,varchar,18,0,0,True,False,,Arabic_CI_AS
ACOUND_C,5,Branch_Number,varchar,10,0,0,True,False,,Arabic_CI_AS
ACOUND_C,6,Branch_Name,varchar,30,0,0,True,False,,Arabic_CI_AS
ACOUND_C,7,Bank_Attribute,varchar,120,0,0,True,False,,Arabic_CI_AS
ACOUND_C,8,Account_N2,nvarchar,100,0,0,True,False,,Arabic_CI_AS
ACOUND_C,9,Account_N3,nvarchar,100,0,0,True,False,,Arabic_CI_AS
ACOUND_C,10,Cust_name,nvarchar,200,0,0,True,False,,Arabic_CI_AS
ACOUND_C,11,Sheba_Num,nvarchar,100,0,0,True,False,,Arabic_CI_AS
ACOUND_N,1,C_Code,varchar,5,0,0,False,False,,Arabic_CI_AS
ACOUND_N,2,Bank_Code,varchar,10,0,0,False,False,,Arabic_CI_AS
ACOUND_N,3,Account_N,varchar,50,0,0,False,False,,Arabic_CI_AS
ACOUND_N,4,Branch_Number,varchar,10,0,0,True,False,,Arabic_CI_AS
ACOUND_N,5,Branch_Name,varchar,30,0,0,True,False,,Arabic_CI_AS
ACOUND_N,6,Col_Code,varchar,3,0,0,True,False,(''),Arabic_CI_AS
ACOUND_N,7,Moien_Code,varchar,4,0,0,True,False,(''),Arabic_CI_AS
ACOUND_N,8,Tafzili_Code,varchar,4,0,0,True,False,(''),Arabic_CI_AS
ACOUND_N,9,Jary_Hasaneh,bit,1,1,0,True,False,,
ACOUND_N,10,Vosol_Report,nvarchar,120,0,0,True,False,,Arabic_CI_AS
ACOUND_N,11,Naghdi_Report,nvarchar,120,0,0,True,False,,Arabic_CI_AS
ACOUND_N,12,Vosol_PrnRecCount,int,4,10,0,True,False,,
ACOUND_N,13,Naghdi_PrnFew,int,4,10,0,True,False,,
ACOUND_N,14,Pos,bit,1,1,0,True,False,,
ACOUND_N,15,wage,float,8,53,0,True,False,,
ACOUND_N,16,Max_Price,float,8,53,0,True,False,,
ACOUND_N,17,Wage_Col_Code,nvarchar,6,0,0,True,False,,Arabic_CI_AS
ACOUND_N,18,Wage_Moien_Code,nvarchar,8,0,0,True,False,,Arabic_CI_AS
ACOUND_N,19,Wage_Tafzili_Code,nvarchar,8,0,0,True,False,,Arabic_CI_AS
ACOUND_N,20,Bank_Code_C,varchar,6,0,0,True,False,,Arabic_CI_AS
ACOUND_N,21,Dar_Col_Code,varchar,3,0,0,False,False,(''),Arabic_CI_AS
ACOUND_N,22,Dar_Moien_Code,varchar,4,0,0,False,False,(''),Arabic_CI_AS
ACOUND_N,23,Dar_Tafzili_Code,varchar,4,0,0,False,False,(''),Arabic_CI_AS
ACOUND_N,24,Par_Col_Code,varchar,3,0,0,False,False,(''),Arabic_CI_AS
ACOUND_N,25,Par_Moien_Code,varchar,4,0,0,False,False,(''),Arabic_CI_AS
ACOUND_N,26,Par_Tafzili_Code,varchar,4,0,0,False,False,(''),Arabic_CI_AS
ACOUND_N,27,Id,int,4,10,0,False,True,,
ACOUND_N,28,Sheba_Num,nvarchar,100,0,0,True,False,,Arabic_CI_AS
ACOUND_N,29,Kart_Num,nvarchar,100,0,0,True,False,,Arabic_CI_AS
ACOUND_N,30,MyNameAcound,nvarchar,800,0,0,True,False,,Arabic_CI_AS
ACOUND_N,31,IsActive,bit,1,1,0,False,False,((1)),
ACOUND_N,32,TaitleBank,nvarchar,200,0,0,True,False,,Arabic_CI_AS
ACOUND_N,33,NSpordeh,int,4,10,0,True,False,,
ACOUND_N,34,Min_Price,float,8,53,0,True,False,,
ACOUND_N_Pos,1,ID,int,4,10,0,False,True,,
ACOUND_N_Pos,2,ACOUND_N_ID,int,4,10,0,False,False,,
ACOUND_N_Pos,3,ComputerName,nvarchar,100,0,0,False,False,,Arabic_CI_AS
ACOUND_N_Pos,4,Pos_Port,int,4,10,0,False,False,((8002)),
ACOUND_N_Pos,5,Pos_Serial,nvarchar,60,0,0,True,False,,Arabic_CI_AS
ACOUND_N_Pos,6,Pos_IPAddress,nvarchar,30,0,0,True,False,,Arabic_CI_AS
ACOUND_N_Pos,7,Pos_AcceptorId,nvarchar,60,0,0,True,False,,Arabic_CI_AS
ACOUND_N_Pos,8,Pos_TerminalId,nvarchar,60,0,0,True,False,,Arabic_CI_AS
ACOUND_N_Pos,9,Pos_BaudRate,int,4,10,0,True,False,,
ACOUND_N_Pos,10,Pos_Parity,int,4,10,0,True,False,,
ACOUND_N_Pos,11,Pos_StopBits,int,4,10,0,True,False,,
ACOUND_N_Pos,12,PosType,tinyint,1,3,0,False,False,((0)),
AcoundCashArz,1,ID,int,4,10,0,False,True,,
AcoundCashArz,2,CashId,int,4,10,0,False,False,((0)),
AcoundCashArz,3,BankSarfasl,nvarchar,22,0,0,False,False,(''),Arabic_CI_AS
AcoundCashArz,4,ArzId,int,4,10,0,False,False,,
Address,1,Code,int,4,10,0,False,True,,
Address,2,Address,nvarchar,200,0,0,True,False,,Arabic_CI_AS
Amozshgh,1,CodeInc,int,4,10,0,False,True,,
Amozshgh,2,NameAmoozeshgah,varchar,25,0,0,True,False,,Arabic_CI_AS
ANB_SER,1,A_Code,varchar,7,0,0,False,False,,Arabic_CI_AS
ANB_SER,2,A_Serial,nvarchar,100,0,0,False,False,,Arabic_CI_AS
ANB_SER,3,Un_Used,bit,1,1,0,True,False,,
ANB_SER,4,A_Index,nvarchar,100,0,0,True,False,,Arabic_CI_AS
ANB_SER,5,Index,int,4,10,0,True,False,,
ANB_SER,6,UsedByUser,varchar,50,0,0,True,False,,Arabic_CI_AS
ANB_SER,7,Guarantor,nvarchar,60,0,0,True,False,,Arabic_CI_AS
ANB_SER,8,BuyDate,datetime,8,23,3,True,False,,
ANB_SER,9,GuaranteeDuration,int,4,10,0,True,False,,
ANB_SER,10,Comment,nvarchar,200,0,0,True,False,,Arabic_CI_AS
ANB_SER,11,UseKhadamat,bit,1,1,0,False,False,((0)),
ANB_SER,12,isTempUsedByUser,varchar,50,0,0,True,False,,Arabic_CI_AS
ANB_SER,13,FrizeSerial,int,4,10,0,False,False,((0)),
ANB_SER,14,Tracking_Code,nvarchar,100,0,0,True,False,,Arabic_CI_AS
ANB_SER,15,IsOnlineFact,bit,1,1,0,False,False,((0)),
ANBAGARD,1,A_Code,varchar,7,0,0,False,False,,Arabic_CI_AS
ANBAGARD,2,Num1,float,8,53,0,True,False,,
ANBAGARD,3,Num1_2,float,8,53,0,True,False,,
ANBAGARD,4,Num2,float,8,53,0,True,False,,
ANBAGARD,5,Num2_2,float,8,53,0,True,False,,
ANBAGARD,6,Num3,float,8,53,0,True,False,,
ANBAGARD,7,Num3_2,float,8,53,0,True,False,,
ANBAGARD,8,Mojod,float,8,53,0,True,False,,
ANBAGARD,9,Mojod_2,float,8,53,0,True,False,,
ANBAGARD,10,Anb_Date,datetime,8,23,3,True,False,,
ANBAGARD,11,SelectForSanad,bit,1,1,0,True,False,,
ANBAGARD,12,Id,int,4,10,0,False,True,,
ANBAGARD,13,acode_c,varchar,50,0,0,True,False,,Arabic_CI_AS
ANBAGARD,14,Num1_3,real,4,24,0,True,False,,
ANBAGARD,15,Num2_3,real,4,24,0,True,False,,
ANBAGARD,16,Num3_3,real,4,24,0,True,False,,
ANBAGARDSize,1,Id,int,4,10,0,False,True,,
ANBAGARDSize,2,ANBAGARDId,int,4,10,0,False,False,,
ANBAGARDSize,3,A_Code,varchar,7,0,0,True,False,,Arabic_CI_AS
ANBAGARDSize,4,AnbSCode,nvarchar,100,0,0,True,False,,Arabic_CI_AS
ANBAGARDSize,5,Num1,float,8,53,0,True,False,,
ANBAGARDSize,6,Num2,float,8,53,0,True,False,,
ANBAGARDSize,7,Num3,float,8,53,0,True,False,,
AnbargardFarsh,1,Anbargard_Id,int,4,10,0,False,False,,
AnbargardFarsh,2,K_fac_code,varchar,60,0,0,False,False,,Arabic_CI_AS
AnbargardFarsh,3,K_fac_type,varchar,1,0,0,False,False,,Arabic_CI_AS
AnbargardFarsh,4,A_indexK_facCode,smallint,2,5,0,True,False,,
AnbargardFarsh,5,Tool,float,8,53,0,False,False,,
AnbargardFarsh,6,arz,float,8,53,0,False,False,,
AnbargardFarsh,7,Num1,float,8,53,0,True,False,,
AnbargardFarsh,8,Num2,float,8,53,0,True,False,,
AnbargardFarsh,9,Num3,float,8,53,0,True,False,,
AnbargardFarsh,10,Count_type,smallint,2,5,0,True,False,,
AnbargardFarsh,11,A_Code,varchar,7,0,0,False,False,,Arabic_CI_AS
AnbargardFarsh,12,LoadFromLastYear,bit,1,1,0,True,False,,
AnbargardFarsh,13,Id,int,4,10,0,False,True,,
AnbToAnbLogs,1,id,int,4,10,0,False,True,,
AnbToAnbLogs,2,PreantId,int,4,10,0,True,False,,
AnbToAnbLogs,3,A_CodeOld,varchar,7,0,0,False,False,,Arabic_CI_AS
AnbToAnbLogs,4,A_CodeNew,varchar,7,0,0,False,False,,Arabic_CI_AS
AnbToAnbLogs,5,AnbDate,datetime,8,23,3,True,False,,
AnbToAnbLogs,6,MainOld,varchar,11,0,0,True,False,,Arabic_CI_AS
AnbToAnbLogs,7,RetBuyOld,varchar,11,0,0,True,False,,Arabic_CI_AS
AnbToAnbLogs,8,SellOld,varchar,11,0,0,True,False,,Arabic_CI_AS
AnbToAnbLogs,9,RetSellOld,varchar,11,0,0,True,False,,Arabic_CI_AS
AnbToAnbLogs,10,OffPriceOld,varchar,11,0,0,True,False,,Arabic_CI_AS
AnbToAnbLogs,11,MainNew,varchar,11,0,0,True,False,,Arabic_CI_AS
AnbToAnbLogs,12,RetBuyNew,varchar,11,0,0,True,False,,Arabic_CI_AS
AnbToAnbLogs,13,SellNew,varchar,11,0,0,True,False,,Arabic_CI_AS
AnbToAnbLogs,14,RetSellNew,varchar,11,0,0,True,False,,Arabic_CI_AS
AnbToAnbLogs,15,OffPriceNew,varchar,11,0,0,True,False,,Arabic_CI_AS
ANDROID_USER_ACTIONS,1,id,int,4,10,0,False,True,,
ANDROID_USER_ACTIONS,4,UserCodeInc,int,4,10,0,False,False,((-1)),
ANDROID_USER_ACTIONS,5,Method,nvarchar,20,0,0,False,False,('GET'),Arabic_CI_AS
ANDROID_USER_ACTIONS,6,Uri,nvarchar,-1,0,0,False,False,('/'),Arabic_CI_AS
ANDROID_USER_ACTIONS,7,IP,nvarchar,200,0,0,False,False,('0.0.0.0'),Arabic_CI_AS
ANDROID_USER_ACTIONS,8,Status,int,4,10,0,False,False,((200)),
ANDROID_USER_ACTIONS,9,Duration,bigint,8,19,0,False,False,((0)),
ANDROID_USER_ACTIONS,10,Timestamp,datetime,8,23,3,False,False,(getdate()),
ANDROID_USER_ACTIONS,11,Username,nvarchar,200,0,0,False,False,(''),Arabic_CI_AS
ArayeshgahPackage_Detail,1,ID,int,4,10,0,False,True,,
ArayeshgahPackage_Detail,2,IDP,int,4,10,0,False,False,,
ArayeshgahPackage_Detail,3,A_Code,varchar,7,0,0,False,False,,Arabic_CI_AS
ArayeshgahPackage_Detail,4,C_Code,varchar,5,0,0,False,False,,Arabic_CI_AS
ArayeshgahPackage_Detail,5,DarsadPorsant,float,8,53,0,True,False,,
ArayeshgahPackage_Title,1,ID,int,4,10,0,False,True,,
ArayeshgahPackage_Title,2,P_Name,nvarchar,1000,0,0,False,False,,Arabic_CI_AS
ArayeshShift_Work,1,Id,int,4,10,0,False,True,,
ArayeshShift_Work,2,ShiftNo,int,4,10,0,False,False,,
ArayeshShift_Work,3,Shift_Date,datetime,8,23,3,False,False,,
ArayeshShift_Work,4,PerCode,varchar,5,0,0,False,False,,Arabic_CI_AS
ArayeshShift_Work,5,A_Code,varchar,7,0,0,False,False,,Arabic_CI_AS
ArayeshShift_Work,6,C_Code,varchar,5,0,0,False,False,,Arabic_CI_AS
ArayeshShift_Work,7,darsadPorsant,float,8,53,0,False,False,((0)),
ArayeshShift_Work,8,Levy,float,8,53,0,False,False,((0)),
ArayeshShift_Work,9,Scot,float,8,53,0,False,False,((0)),
ArayeshShift_Work,10,Shift_Time,datetime,8,23,3,False,False,,
ArayeshShift_Work,11,DayNumber,smallint,2,5,0,True,False,,
ArayeshShift_Work,12,Comment,nvarchar,1000,0,0,True,False,,Arabic_CI_AS
ArayeshShift_Work,13,ActionState,bit,1,1,0,False,False,((0)),
ArayeshShift_Work,14,Select,bit,1,1,0,False,False,((0)),
ArayeshShift_Work,15,Ins_Date,datetime,8,23,3,False,False,,
ArayeshShift_Work,16,Fac_Code,varchar,6,0,0,True,False,,Arabic_CI_AS
ArayeshShift_Work,17,Shift_TimeTo,datetime,8,23,3,False,False,((0)),
ArayeshShift_Work,18,Sanad_Code,int,4,10,0,False,False,((0)),
ArayeshShift_Work,19,Beianeh,float,8,53,0,True,False,,
ArayeshShift_Work,20,SanadCode_Beianeh,int,4,10,0,True,False,,
ArayeshShift_Work,21,BNaghd,float,8,53,0,True,False,,
ArayeshShift_Work,22,BCheck,float,8,53,0,True,False,,
ArayeshShift_Work,23,BCard,float,8,53,0,True,False,,
ArayeshShift_Work,24,Cancel,bit,1,1,0,False,False,((0)),
ArayeshShift_Work,25,IDP,int,4,10,0,False,False,((0)),
ArayeshShift_Work,26,IDPCode,int,4,10,0,False,False,((0)),
ART_AVAL,1,A_Code,varchar,7,0,0,True,False,,Arabic_CI_AS
ART_AVAL,2,Art_Name,varchar,60,0,0,True,False,,Arabic_CI_AS
ART_AVAL,3,Model,varchar,15,0,0,True,False,,Arabic_CI_AS
ART_AVAL,4,Exist,float,8,53,0,True,False,,
ART_AVAL,5,First_Exist,float,8,53,0,True,False,,
ART_AVAL,6,First_Exist_Old,float,8,53,0,True,False,,
ART_AVAL,7,Buy_Price,float,8,53,0,True,False,,
ART_AVAL,8,FirstBuy_Price,float,8,53,0,True,False,,
ART_AVAL,9,FirstBuy_Price_Old,float,8,53,0,True,False,,
ART_AVAL,10,Sel_Price,float,8,53,0,True,False,,
ART_AVAL,11,A_Code_C,varchar,50,0,0,True,False,,Arabic_CI_AS
ART_BAIL,1,Fac_Code,varchar,6,0,0,False,False,,Arabic_CI_AS
ART_BAIL,2,A_Code,varchar,7,0,0,False,False,,Arabic_CI_AS
ART_BAIL,3,A_Index,int,4,10,0,False,False,,
ART_BAIL,4,Index,int,4,10,0,False,True,,
ART_BAIL,5,BailType,varchar,1,0,0,True,False,,Arabic_CI_AS
ART_BAIL,6,Few1,float,8,53,0,True,False,,
ART_BAIL,7,Few2,float,8,53,0,True,False,,
ART_BAIL,8,Price,float,8,53,0,True,False,,
ART_BAIL,9,Ab_Date,datetime,8,23,3,True,False,,
ART_BAIL,10,Fac_CodeKF,varchar,6,0,0,True,False,,Arabic_CI_AS
ART_BAIL,11,C_Code,varchar,5,0,0,True,False,,Arabic_CI_AS
ART_BAIL,12,B_Code_C,int,4,10,0,True,False,,
ART_BAIL,13,Sanad_code,int,4,10,0,True,False,,
ART_BAIL,14,Ab_Time,datetime,8,23,3,True,False,,
ART_BAIL,15,Fac_Code_Ser,varchar,6,0,0,True,False,,Arabic_CI_AS
ART_BAIL,16,ACode_C,varchar,50,0,0,True,False,,Arabic_CI_AS
ART_BAIL,17,Buy_Price,float,8,53,0,False,False,((0)),
ART_BAIL,18,Fac_Comment,nvarchar,8000,0,0,True,False,,Arabic_CI_AS
ART_BAIL,19,HazinehCust,float,8,53,0,True,False,,
ART_BAIL,20,HazinehCode,varchar,11,0,0,True,False,,Arabic_CI_AS
ART_BAIL,21,HazinehCustCode,varchar,11,0,0,True,False,,Arabic_CI_AS
Art_H_R,1,Code,int,4,10,0,False,True,,
Art_H_R,2,Code_havaleh_Rasid,int,4,10,0,True,False,,
Art_H_R,3,A_Code,nvarchar,14,0,0,True,False,,Arabic_CI_AS
Art_H_R,4,Count,float,8,53,0,True,False,,
Art_Sel_Comment,1,A_Code,nvarchar,14,0,0,False,False,,Arabic_CI_AS
Art_Sel_Comment,2,Sel_Comm1,nvarchar,400,0,0,True,False,,Arabic_CI_AS
Art_Sel_Comment,3,Sel_Comm2,nvarchar,400,0,0,True,False,,Arabic_CI_AS
Art_Sel_Comment,4,Sel_Comm3,nvarchar,400,0,0,True,False,,Arabic_CI_AS
Art_Sel_Comment,5,Sel_Comm4,nvarchar,400,0,0,True,False,,Arabic_CI_AS
Art_Sel_Comment,6,Sel_Comm5,nvarchar,400,0,0,True,False,,Arabic_CI_AS
Art_Sel_Comment,7,Sel_Comm6,nvarchar,400,0,0,True,False,,Arabic_CI_AS
Art_Sel_Comment,8,Sel_Comm7,nvarchar,400,0,0,True,False,,Arabic_CI_AS
Art_Sel_Comment,9,Sel_Comm8,nvarchar,400,0,0,True,False,,Arabic_CI_AS
Art_Sel_Comment,10,Sel_Comm9,nvarchar,400,0,0,True,False,,Arabic_CI_AS
Art_Sel_Comment,11,Sel_Comm10,nvarchar,400,0,0,True,False,,Arabic_CI_AS
Art_Sel_Comment,12,EndBuy_Comm1,nvarchar,400,0,0,True,False,,Arabic_CI_AS
Art_Sel_Comment,13,EndBuy_Comm2,nvarchar,400,0,0,True,False,,Arabic_CI_AS
Art_Sel_Comment,14,EndBuy_Comm3,nvarchar,400,0,0,True,False,,Arabic_CI_AS
Art_Sel_Comment,15,EndBuy_Comm4,nvarchar,400,0,0,True,False,,Arabic_CI_AS
Art_Sel_Comment,16,EndBuy_Comm5,nvarchar,400,0,0,True,False,,Arabic_CI_AS
Art_Sel_Comment,17,EndBuy_Comm6,nvarchar,400,0,0,True,False,,Arabic_CI_AS
Art_Sel_Comment,18,EndBuy_Comm7,nvarchar,400,0,0,True,False,,Arabic_CI_AS
Art_Sel_Comment,19,EndBuy_Comm8,nvarchar,400,0,0,True,False,,Arabic_CI_AS
Art_Sel_Comment,20,EndBuy_Comm9,nvarchar,400,0,0,True,False,,Arabic_CI_AS
Art_Sel_Comment,21,EndBuy_Comm10,nvarchar,400,0,0,True,False,,Arabic_CI_AS
Artclass,1,A_Code,varchar,7,0,0,False,False,,Arabic_CI_AS
Artclass,2,SIndex,int,4,10,0,False,True,,
Artclass,3,SCode,varchar,12,0,0,True,False,,Arabic_CI_AS
Artclass,4,SClass,varchar,50,0,0,True,False,,Arabic_CI_AS
Artclass,5,Few,float,8,53,0,True,False,,
Artclass,6,FirstFew,float,8,53,0,True,False,,
Artclass,7,Few2,float,8,53,0,True,False,,
Artclass,8,FirstFew2,float,8,53,0,True,False,,
Artexst2,1,A_Code,varchar,7,0,0,False,False,,Arabic_CI_AS
Artexst2,2,SIndex,int,4,10,0,False,True,,
Artexst2,3,SCode,varchar,50,0,0,True,False,,Arabic_CI_AS
Artexst2,4,Few,float,8,53,0,True,False,,
Artexst2,5,FirstFew,float,8,53,0,True,False,,
Artexst2,6,Selected,int,4,10,0,False,False,((0)),
Artexst2,7,S_Code_C,nvarchar,100,0,0,True,False,,Arabic_CI_AS
Artexst2,8,PrintNum,int,4,10,0,False,False,((0)),
ARTICLE,1,A_Code,varchar,7,0,0,False,False,,Arabic_CI_AS
ARTICLE,2,A_Code_C,varchar,50,0,0,True,False,(''),Arabic_CI_AS
ARTICLE,3,A_Name,varchar,255,0,0,True,False,(''),Arabic_CI_AS
ARTICLE,4,A_Country,varchar,50,0,0,True,False,(''),Arabic_CI_AS
ARTICLE,5,Attribute,nvarchar,8000,0,0,True,False,(''),Arabic_CI_AS
ARTICLE,6,PicturePath,nvarchar,1000,0,0,True,False,(''),Arabic_CI_AS
ARTICLE,7,Model,varchar,50,0,0,True,False,(''),Arabic_CI_AS
ARTICLE,8,Buy_Price,float,8,53,0,True,False,,
ARTICLE,9,FirstBuy_Price,float,8,53,0,True,False,,
ARTICLE,10,EndBuy_Price,float,8,53,0,True,False,,
ARTICLE,11,Sel_Price,float,8,53,0,True,False,,
ARTICLE,12,Sel_Price2,float,8,53,0,True,False,,
ARTICLE,13,Sel_Price3,float,8,53,0,True,False,,
ARTICLE,14,Sel_Price4,float,8,53,0,True,False,,
ARTICLE,15,Sel_Price5,float,8,53,0,True,False,,
ARTICLE,16,Sel_Price6,float,8,53,0,True,False,,
ARTICLE,17,Sel_Price7,float,8,53,0,True,False,,
ARTICLE,18,Sel_Price8,float,8,53,0,True,False,,
ARTICLE,19,Sel_Price9,float,8,53,0,True,False,,
ARTICLE,20,Sel_Price10,float,8,53,0,True,False,,
ARTICLE,21,DarsadForush,float,8,53,0,True,False,,
ARTICLE,22,Tool_Arz,bit,1,1,0,True,False,,
ARTICLE,23,Moddat,float,8,53,0,True,False,,
ARTICLE,24,Weight2,float,8,53,0,True,False,,
ARTICLE,25,IncField,int,4,10,0,False,True,,
ARTICLE,26,Exist,float,8,53,0,True,False,,
ARTICLE,27,Exist2,float,8,53,0,True,False,,
ARTICLE,28,Finish_Date,datetime,8,23,3,True,False,,
ARTICLE,29,Place,varchar,50,0,0,True,False,(''),Arabic_CI_AS
ARTICLE,30,A_Min,float,8,53,0,True,False,,
ARTICLE,31,A_Max,float,8,53,0,True,False,,
ARTICLE,32,First_exist,float,8,53,0,True,False,,
ARTICLE,33,First_exist2,float,8,53,0,True,False,,
ARTICLE,34,Exist_Mandeh,float,8,53,0,True,False,,
ARTICLE,35,Buy_Dollar,float,8,53,0,True,False,,
ARTICLE,36,Sel_Dollar,float,8,53,0,True,False,,
ARTICLE,37,Delete,bit,1,1,0,True,False,,
ARTICLE,38,Type_Anbar_C,smallint,2,5,0,True,False,,
ARTICLE,39,FewTakhfif,float,8,53,0,True,False,,
ARTICLE,40,DarsadTakhfif,float,8,53,0,True,False,,
ARTICLE,41,VahedCode,int,4,10,0,True,False,,
ARTICLE,42,HlpFieldL,bit,1,1,0,True,False,,
ARTICLE,43,Karton,float,8,53,0,True,False,,
ARTICLE,44,Basteh,float,8,53,0,True,False,,
ARTICLE,45,MyBuy_Price,float,8,53,0,True,False,,
ARTICLE,46,MaxPrice,float,8,53,0,True,False,,
ARTICLE,47,MinPrice,float,8,53,0,True,False,,
ARTICLE,48,DarsadPorsant,float,8,53,0,True,False,,
ARTICLE,49,weight,float,8,53,0,True,False,,
ARTICLE,50,Hajm,float,8,53,0,True,False,,
ARTICLE,51,User_Price,float,8,53,0,True,False,,
ARTICLE,52,Other6,nvarchar,8000,0,0,True,False,,Arabic_CI_AS
ARTICLE,53,Other5,nvarchar,8000,0,0,True,False,,Arabic_CI_AS
ARTICLE,54,Other4,nvarchar,8000,0,0,True,False,,Arabic_CI_AS
ARTICLE,55,Other3,nvarchar,8000,0,0,True,False,,Arabic_CI_AS
ARTICLE,56,Other2,nvarchar,8000,0,0,True,False,,Arabic_CI_AS
ARTICLE,57,Other1,nvarchar,8000,0,0,True,False,,Arabic_CI_AS
ARTICLE,58,SelectOrNo,bit,1,1,0,True,False,((0)),
ARTICLE,59,State,bit,1,1,0,True,False,,
ARTICLE,60,ToolArzType,varchar,1,0,0,True,False,,Arabic_CI_AS
ARTICLE,61,SerialUsage,bit,1,1,0,True,False,,
ARTICLE,62,Include_Tax,bit,1,1,0,False,False,((0)),
ARTICLE,63,Levy,float,8,53,0,True,False,,
ARTICLE,64,scot,float,8,53,0,True,False,,
ARTICLE,65,Res_ArtTypeId,varchar,50,0,0,True,False,,Arabic_CI_AS
ARTICLE,66,ANegative_Sel,bit,1,1,0,True,False,,
ARTICLE,67,Creation_Date,datetime,8,23,3,True,False,,
ARTICLE,68,Endeditdate,datetime,8,23,3,True,False,,
ARTICLE,69,PLUNo,int,4,10,0,False,False,((0)),
ARTICLE,70,ReqRadifForAhan,bit,1,1,0,False,False,((1)),
ARTICLE,71,Check_Resting,bit,1,1,0,False,False,((0)),
ARTICLE,72,DarsadForush2,float,8,53,0,True,False,,
ARTICLE,73,DarsadForush3,float,8,53,0,True,False,,
ARTICLE,74,DarsadForush4,float,8,53,0,True,False,,
ARTICLE,75,DarsadForush5,float,8,53,0,True,False,,
ARTICLE,76,DarsadForush6,float,8,53,0,True,False,,
ARTICLE,77,DarsadForush7,float,8,53,0,True,False,,
ARTICLE,78,DarsadForush8,float,8,53,0,True,False,,
ARTICLE,79,DarsadForush9,float,8,53,0,True,False,,
ARTICLE,80,DarsadForush10,float,8,53,0,True,False,,
ARTICLE,81,Include_HazHaml,bit,1,1,0,False,False,((0)),
ARTICLE,82,TypePay,smallint,2,5,0,False,False,((0)),
ARTICLE,83,PricePay,float,8,53,0,False,False,((0)),
ARTICLE,84,HazArtSelect,smallint,2,5,0,False,False,((0)),
ARTICLE,85,Diamond,varchar,50,0,0,True,False,,Arabic_CI_AS
ARTICLE,86,DiamondPrice,varchar,30,0,0,True,False,,Arabic_CI_AS
ARTICLE,87,Emerald,varchar,50,0,0,True,False,,Arabic_CI_AS
ARTICLE,88,emeraldPrice,varchar,30,0,0,True,False,,Arabic_CI_AS
ARTICLE,89,Platinum,varchar,50,0,0,True,False,,Arabic_CI_AS
ARTICLE,90,PlatinumPrice,float,8,53,0,True,False,,
ARTICLE,91,Ruby,varchar,50,0,0,True,False,,Arabic_CI_AS
ARTICLE,92,RubyPrice,varchar,30,0,0,True,False,,Arabic_CI_AS
ARTICLE,93,Saphire,varchar,50,0,0,True,False,,Arabic_CI_AS
ARTICLE,94,SaphirePrice,varchar,30,0,0,True,False,,Arabic_CI_AS
ARTICLE,95,Silver,varchar,50,0,0,True,False,,Arabic_CI_AS
ARTICLE,96,SilverPrice,float,8,53,0,True,False,,
ARTICLE,97,Pearl,varchar,50,0,0,True,False,,Arabic_CI_AS
ARTICLE,98,PearlPrice,varchar,30,0,0,True,False,,Arabic_CI_AS
ARTICLE,99,Turqouise,varchar,50,0,0,True,False,,Arabic_CI_AS
ARTICLE,100,TurqouisePrice,varchar,30,0,0,True,False,,Arabic_CI_AS
ARTICLE,101,Other,varchar,50,0,0,True,False,,Arabic_CI_AS
ARTICLE,102,OtherPrice,varchar,30,0,0,True,False,,Arabic_CI_AS
ARTICLE,103,TolidNum,varchar,15,0,0,True,False,,Arabic_CI_AS
ARTICLE,104,Picture,varchar,255,0,0,True,False,,Arabic_CI_AS
ARTICLE,105,Gold,varchar,50,0,0,True,False,,Arabic_CI_AS
ARTICLE,106,GoldPrice,float,8,53,0,True,False,,
ARTICLE,107,j_Code,varchar,5,0,0,True,False,,Arabic_CI_AS
ARTICLE,108,j_Ojrat,float,8,53,0,True,False,,
ARTICLE,109,M_Code,varchar,5,0,0,True,False,,Arabic_CI_AS
ARTICLE,110,M_Ojrat,float,8,53,0,True,False,,
ARTICLE,111,Mekhrajkar,bit,1,1,0,False,False,((0)),
ARTICLE,112,Javahersaz,bit,1,1,0,False,False,((0)),
ARTICLE,113,Comment2,varchar,150,0,0,True,False,,Arabic_CI_AS
ARTICLE,114,Abkari_Ojrat,float,8,53,0,False,False,((0)),
ARTICLE,115,Sakht_Ojrat,float,8,53,0,False,False,((0)),
ARTICLE,116,IsAbkari,bit,1,1,0,False,False,((0)),
ARTICLE,117,IsSakht,bit,1,1,0,False,False,((0)),
ARTICLE,118,PriceTakhfif,float,8,53,0,False,False,((0)),
ARTICLE,119,FromModatDate,datetime,8,23,3,True,False,,
ARTICLE,120,ToModatDate,datetime,8,23,3,True,False,,
ARTICLE,121,UseInPortable,bit,1,1,0,False,False,((1)),
ARTICLE,122,WeightUnit,smallint,2,5,0,False,False,((0)),
ARTICLE,123,Choice,bit,1,1,0,False,False,((0)),
ARTICLE,124,TimeService,int,4,10,0,False,False,((30)),
ARTICLE,125,TypeArt,int,4,10,0,False,False,((12)),
ARTICLE,126,ParchehClcType,smallint,2,5,0,False,False,((0)),
ARTICLE,127,EXPDate,datetime,8,23,3,True,False,,
ARTICLE,128,Other7,varchar,4000,0,0,True,False,,Arabic_CI_AS
ARTICLE,129,Other8,varchar,4000,0,0,True,False,,Arabic_CI_AS
ARTICLE,130,Other9,varchar,4000,0,0,True,False,,Arabic_CI_AS
ARTICLE,131,Other10,varchar,4000,0,0,True,False,,Arabic_CI_AS
ARTICLE,132,Karton_Code,varchar,50,0,0,True,False,,Arabic_CI_AS
ARTICLE,133,WebId,int,4,10,0,False,False,((0)),
ARTICLE,134,Synced,bit,1,1,0,False,False,((0)),
ARTICLE,135,SendToSite,smallint,2,5,0,False,False,((0)),
ARTICLE,136,Forosh_Ojrat,float,8,53,0,False,False,((0)),
ARTICLE,137,IsActive,bit,1,1,0,False,False,((1)),
ARTICLE,138,KartonSelPrice,float,8,53,0,False,False,((0)),
ARTICLE,139,CheckSize,bit,1,1,0,False,False,((0)),
ARTICLE,140,A_MinReq,float,8,53,0,False,False,((0)),
ARTICLE,141,A_MaxReq,float,8,53,0,False,False,((0)),
ARTICLE,142,Sigar_Levy,float,8,53,0,False,False,((0)),
ARTICLE,143,Sigar_Scot,float,8,53,0,False,False,((0)),
ARTICLE,144,First_Weight,float,8,53,0,False,False,((0)),
ARTICLE,145,ArtForKiosk,bit,1,1,0,False,False,((1)),
ARTICLE,146,FilterGroupId,nvarchar,6000,0,0,False,False,(''),Arabic_CI_AS
ARTICLE,147,ComputerName,nvarchar,100,0,0,True,False,,Arabic_CI_AS
ARTICLE,148,A_codeIdTax,nvarchar,100,0,0,True,False,,Arabic_CI_AS
ARTICLE,149,arz,nvarchar,100,0,0,True,False,,Arabic_CI_AS
ARTICLE,150,EshantionCount,float,8,53,0,False,False,((0)),
ARTICLE,151,FixedBuy_Price,float,8,53,0,False,False,((0)),
ARTICLE,152,Tool,float,8,53,0,False,False,((0)),
ARTICLE,153,Ghotr,float,8,53,0,False,False,((0)),
ARTICLE,154,FirstWeight,float,8,53,0,True,False,,
ARTICLE,155,LastWeight,float,8,53,0,True,False,,
ARTICLE,156,ArtScaleNo,varchar,50,0,0,True,False,,Arabic_CI_AS
ARTICLE,157,EndArz_Price,float,8,53,0,False,False,((0)),
ARTICLE,158,Sel_Price11,float,8,53,0,True,False,,
ARTICLE,159,Sel_Price12,float,8,53,0,True,False,,
ARTICLE,160,Sel_Price13,float,8,53,0,True,False,,
ARTICLE,161,Sel_Price14,float,8,53,0,True,False,,
ARTICLE,162,Sel_Price15,float,8,53,0,True,False,,
ARTICLE,163,Sel_Price16,float,8,53,0,True,False,,
ARTICLE,164,Sel_Price17,float,8,53,0,True,False,,
ARTICLE,165,Sel_Price18,float,8,53,0,True,False,,
ARTICLE,166,Sel_Price19,float,8,53,0,True,False,,
ARTICLE,167,Sel_Price20,float,8,53,0,True,False,,
ARTICLE,168,Sel_Price21,float,8,53,0,True,False,,
ARTICLE,169,Sel_Price22,float,8,53,0,True,False,,
ARTICLE,170,Sel_Price23,float,8,53,0,True,False,,
ARTICLE,171,Sel_Price24,float,8,53,0,True,False,,
ARTICLE,172,Sel_Price25,float,8,53,0,True,False,,
ARTICLE,173,Sel_Price26,float,8,53,0,True,False,,
ARTICLE,174,Sel_Price27,float,8,53,0,True,False,,
ARTICLE,175,Sel_Price28,float,8,53,0,True,False,,
ARTICLE,176,Sel_Price29,float,8,53,0,True,False,,
ARTICLE,177,Sel_Price30,float,8,53,0,True,False,,
ARTICLE,178,Sel_Price31,float,8,53,0,True,False,,
ARTICLE,179,Sel_Price32,float,8,53,0,True,False,,
ARTICLE,180,Sel_Price33,float,8,53,0,True,False,,
ARTICLE,181,Sel_Price34,float,8,53,0,True,False,,
ARTICLE,182,Sel_Price35,float,8,53,0,True,False,,
ARTICLE,183,Sel_Price36,float,8,53,0,True,False,,
ARTICLE,184,Sel_Price37,float,8,53,0,True,False,,
ARTICLE,185,Sel_Price38,float,8,53,0,True,False,,
ARTICLE,186,Sel_Price39,float,8,53,0,True,False,,
ARTICLE,187,Sel_Price40,float,8,53,0,True,False,,
ARTICLE,188,Sel_Price41,float,8,53,0,True,False,,
ARTICLE,189,Sel_Price42,float,8,53,0,True,False,,
ARTICLE,190,Sel_Price43,float,8,53,0,True,False,,
ARTICLE,191,Sel_Price44,float,8,53,0,True,False,,
ARTICLE,192,Sel_Price45,float,8,53,0,True,False,,
ARTICLE,193,Sel_Price46,float,8,53,0,True,False,,
ARTICLE,194,Sel_Price47,float,8,53,0,True,False,,
ARTICLE,195,Sel_Price48,float,8,53,0,True,False,,
ARTICLE,196,Sel_Price49,float,8,53,0,True,False,,
ARTICLE,197,Sel_Price50,float,8,53,0,True,False,,
ARTICLE,198,Sel_Price51,float,8,53,0,True,False,,
ARTICLE,199,Sel_Price52,float,8,53,0,True,False,,
ARTICLE,200,Sel_Price53,float,8,53,0,True,False,,
ARTICLE,201,Sel_Price54,float,8,53,0,True,False,,
ARTICLE,202,Sel_Price55,float,8,53,0,True,False,,
ARTICLE,203,Sel_Price56,float,8,53,0,True,False,,
ARTICLE,204,Sel_Price57,float,8,53,0,True,False,,
ARTICLE,205,Sel_Price58,float,8,53,0,True,False,,
ARTICLE,206,Sel_Price59,float,8,53,0,True,False,,
ARTICLE,207,Sel_Price60,float,8,53,0,True,False,,
ARTICLE,208,Sel_Price61,float,8,53,0,True,False,,
ARTICLE,209,Sel_Price62,float,8,53,0,True,False,,
ARTICLE,210,Sel_Price63,float,8,53,0,True,False,,
ARTICLE,211,Sel_Price64,float,8,53,0,True,False,,
ARTICLE,212,Sel_Price65,float,8,53,0,True,False,,
ARTICLE,213,Sel_Price66,float,8,53,0,True,False,,
ARTICLE,214,Sel_Price67,float,8,53,0,True,False,,
ARTICLE,215,Sel_Price68,float,8,53,0,True,False,,
ARTICLE,216,Sel_Price69,float,8,53,0,True,False,,
ARTICLE,217,Sel_Price70,float,8,53,0,True,False,,
ARTICLE,218,Sel_Price71,float,8,53,0,True,False,,
ARTICLE,219,Sel_Price72,float,8,53,0,True,False,,
ARTICLE,220,Sel_Price73,float,8,53,0,True,False,,
ARTICLE,221,Sel_Price74,float,8,53,0,True,False,,
ARTICLE,222,Sel_Price75,float,8,53,0,True,False,,
ARTICLE,223,Sel_Price76,float,8,53,0,True,False,,
ARTICLE,224,Sel_Price77,float,8,53,0,True,False,,
ARTICLE,225,Sel_Price78,float,8,53,0,True,False,,
ARTICLE,226,Sel_Price79,float,8,53,0,True,False,,
ARTICLE,227,Sel_Price80,float,8,53,0,True,False,,
ARTICLE,228,Sel_Price81,float,8,53,0,True,False,,
ARTICLE,229,Sel_Price82,float,8,53,0,True,False,,
ARTICLE,230,Sel_Price83,float,8,53,0,True,False,,
ARTICLE,231,Sel_Price84,float,8,53,0,True,False,,
ARTICLE,232,Sel_Price85,float,8,53,0,True,False,,
ARTICLE,233,Sel_Price86,float,8,53,0,True,False,,
ARTICLE,234,Sel_Price87,float,8,53,0,True,False,,
ARTICLE,235,Sel_Price88,float,8,53,0,True,False,,
ARTICLE,236,Sel_Price89,float,8,53,0,True,False,,
ARTICLE,237,Sel_Price90,float,8,53,0,True,False,,
ARTICLE,238,Sel_Price91,float,8,53,0,True,False,,
ARTICLE,239,Sel_Price92,float,8,53,0,True,False,,
ARTICLE,240,Sel_Price93,float,8,53,0,True,False,,
ARTICLE,241,Sel_Price94,float,8,53,0,True,False,,
ARTICLE,242,Sel_Price95,float,8,53,0,True,False,,
ARTICLE,243,Sel_Price96,float,8,53,0,True,False,,
ARTICLE,244,Sel_Price97,float,8,53,0,True,False,,
ARTICLE,245,Sel_Price98,float,8,53,0,True,False,,
ARTICLE,246,Sel_Price99,float,8,53,0,True,False,,
ARTICLE,247,Sel_Price100,float,8,53,0,True,False,,
Article_DeliveryTimes,1,id,int,4,10,0,False,True,,
Article_DeliveryTimes,2,A_Code,varchar,7,0,0,False,False,,Arabic_CI_AS
Article_DeliveryTimes,3,DeliveryTimeId,int,4,10,0,False,False,,
ArticleCodes,1,Id,int,4,10,0,False,True,,
ArticleCodes,2,A_Code,varchar,7,0,0,False,False,,Arabic_CI_AS
ArticleCodes,3,A_Code_C,varchar,50,0,0,True,False,,Arabic_CI_AS
ArticleCodes,4,Description,nvarchar,400,0,0,True,False,,Arabic_CI_AS
ArticlePrice,1,ID,int,4,10,0,False,True,,
ArticlePrice,2,A_Code,varchar,7,0,0,False,False,,Arabic_CI_AS
ArticlePrice,3,SelID,int,4,10,0,False,False,,
ArticlePrice,4,Sel_Price,float,8,53,0,False,False,((0)),
ArticlePrice,5,PoshakID,int,4,10,0,False,False,((0)),
ArticlePrice,6,ModifyDate,datetime,8,23,3,True,False,,
ArticlePrice,7,Min_Price,float,8,53,0,True,False,,
ArticlePrice,8,Max_Price,float,8,53,0,True,False,,
ArticlePrice,9,TakhfifRialy,float,8,53,0,False,False,((0)),
ArticlePrice,10,DarsadTakhfif,float,8,53,0,False,False,((0)),
ArticlePrice,11,Buy_ID,int,4,10,0,False,False,((0)),
ArticleSarfasl,1,ID,int,4,10,0,False,True,,
ArticleSarfasl,2,ArtID,varchar,7,0,0,False,False,,Arabic_CI_AS
ArticleSarfasl,3,Main,varchar,11,0,0,True,False,,Arabic_CI_AS
ArticleSarfasl,4,RetBuy,varchar,11,0,0,True,False,,Arabic_CI_AS
ArticleSarfasl,5,Sell,varchar,11,0,0,True,False,,Arabic_CI_AS
ArticleSarfasl,6,RetSell,varchar,11,0,0,True,False,,Arabic_CI_AS
ArticleSarfasl,7,OffPrice,varchar,11,0,0,True,False,,Arabic_CI_AS
ArtInsurance,1,A_Code,varchar,7,0,0,False,False,,Arabic_CI_AS
ArtInsurance,2,InsuranceId,int,4,10,0,False,False,,
ArtInsurance,3,FTakhfif,float,8,53,0,False,False,,
Artlabel,1,Index,varchar,1,0,0,False,False,,Arabic_CI_AS
Artlabel,2,Diamond,varchar,50,0,0,True,False,,Arabic_CI_AS
Artlabel,3,Emerald,varchar,50,0,0,True,False,,Arabic_CI_AS
Artlabel,4,Ruby,varchar,50,0,0,True,False,,Arabic_CI_AS
Artlabel,5,Saphire,varchar,50,0,0,True,False,,Arabic_CI_AS
Artlabel,6,Turqouise,varchar,50,0,0,True,False,,Arabic_CI_AS
Artlabel,7,Pearl,varchar,50,0,0,True,False,,Arabic_CI_AS
Artlabel,8,Gold,varchar,50,0,0,True,False,,Arabic_CI_AS
Artlabel,9,Silver,varchar,50,0,0,True,False,,Arabic_CI_AS
Artlabel,10,Platinum,varchar,50,0,0,True,False,,Arabic_CI_AS
Artlabel,11,Other,varchar,50,0,0,True,False,,Arabic_CI_AS
ARZ_LIST,1,C_Code,varchar,5,0,0,False,False,,Arabic_CI_AS
ARZ_LIST,2,Index,int,4,10,0,False,True,,
ARZ_LIST,3,Bed,float,8,53,0,True,False,,
ARZ_LIST,4,Bes,float,8,53,0,True,False,,
ARZ_LIST,5,Sanad_Code,int,4,10,0,True,False,,
ARZ_LIST,6,Comment_Line,nvarchar,1000,0,0,True,False,,Arabic_CI_AS
ARZ_LIST,7,Sanad_Date,datetime,8,23,3,True,False,,
ARZ_LIST,8,Arz_Type,int,4,10,0,True,False,,
ArzEqual,1,ID,int,4,10,0,False,True,,
ArzEqual,2,FirstArzID,int,4,10,0,False,False,,
ArzEqual,3,LastArzID,int,4,10,0,False,False,,
ArzEqual,4,Price,float,8,53,0,True,False,,
AutoCarModel,1,Id,int,4,10,0,False,True,,
AutoCarModel,2,ModelName,nvarchar,1000,0,0,False,False,,Arabic_CI_AS
AutoCustomerCars,1,Id,int,4,10,0,False,True,,
AutoCustomerCars,2,C_Code,varchar,5,0,0,False,False,,Arabic_CI_AS
AutoCustomerCars,3,PelakNo,nvarchar,40,0,0,False,False,,Arabic_CI_AS
AutoCustomerCars,4,TagNo,varchar,200,0,0,False,False,,Arabic_CI_AS
AutoCustomerCars,5,CarName,nvarchar,400,0,0,False,False,,Arabic_CI_AS
AutoCustomerCars,6,Color,int,4,10,0,False,False,,
AutoCustomerCars,7,Model,int,4,10,0,False,False,,
AutoCustomerCars,8,Comment,nvarchar,1000,0,0,True,False,,Arabic_CI_AS
AutoCustomerCars,9,PelakType,smallint,2,5,0,False,False,((0)),
AutoCustomerCars,10,OldTagNo,varchar,200,0,0,True,False,,Arabic_CI_AS
AutoFactInfo,1,Id,int,4,10,0,False,True,,
AutoFactInfo,2,Fac_Code,varchar,6,0,0,False,False,,Arabic_CI_AS
AutoFactInfo,3,Fac_Type,char,1,0,0,False,False,,Arabic_CI_AS
AutoFactInfo,4,VisitDate,datetime,8,23,3,False,False,,
AutoFactInfo,5,car_ID,int,4,10,0,False,False,,
AutoFactInfo,6,Next_VisitDate,datetime,8,23,3,True,False,,
AutoFactInfo,7,Current_Kilometer,int,4,10,0,False,False,((0)),
AutoFactInfo,8,Next_KilometerOil,int,4,10,0,False,False,((0)),
AutoFactInfo,9,Next_KilometerGearBox,int,4,10,0,False,False,((0)),
AutoFactInfo,10,Next_KilometerToonup,int,4,10,0,False,False,((0)),
AutoFactInfo,11,AW_Naghd,float,8,53,0,False,False,((0)),
AutoFactInfo,12,AW_Card,float,8,53,0,False,False,((0)),
AutoFactInfo,13,Cmt_Other,varchar,4000,0,0,True,False,,Arabic_CI_AS
BackInfo,1,ID,int,4,10,0,False,True,,
BackInfo,2,Bkup_Serial,nvarchar,1000,0,0,True,False,,Arabic_CI_AS
BackInfo,3,Bkup_Date,datetime,8,23,3,True,False,,
BackInfo,4,Ver_SQL,nvarchar,1000,0,0,True,False,,Arabic_CI_AS
BackInfo,5,Backup_Restore,bit,1,1,0,False,False,,
Barname_detail,1,master_id,bigint,8,19,0,True,False,,
Barname_detail,2,detail_id,bigint,8,19,0,False,True,,
Barname_detail,3,a_index,smallint,2,5,0,True,False,,
Barname_detail,4,a_code,varchar,7,0,0,True,False,,Arabic_CI_AS
Barname_detail,5,a_count,float,8,53,0,True,False,,
Barname_detail,6,Price,float,8,53,0,True,False,,
Barname_master,1,id,bigint,8,19,0,False,True,,
Barname_master,2,fac_code,varchar,6,0,0,True,False,,Arabic_CI_AS
Barname_master,3,barname_code,varchar,10,0,0,True,False,,Arabic_CI_AS
Barname_master,4,barname_name,varchar,50,0,0,True,False,,Arabic_CI_AS
Barname_master,5,Bar_date,datetime,8,23,3,True,False,,
Barname_master,6,Bar_time,datetime,8,23,3,True,False,,
Barname_master,7,Comment,nvarchar,1000,0,0,True,False,,Arabic_CI_AS
Barname_master,8,UserCode,int,4,10,0,True,False,,
Barname_Title,1,id,bigint,8,19,0,False,True,,
Barname_Title,2,Title,varchar,30,0,0,True,False,,Arabic_CI_AS
Bijak,1,B_CodeInc,int,4,10,0,False,True,,
Bijak,2,Fac_Code,nvarchar,12,0,0,True,False,,Arabic_CI_AS
Bijak,3,Fac_Type,nvarchar,2,0,0,True,False,,Arabic_CI_AS
Bijak,4,B_Code,int,4,10,0,True,False,,
Bijak,5,B_Date,smalldatetime,4,16,0,True,False,,
Bijak,6,BarbariName,nvarchar,200,0,0,True,False,,Arabic_CI_AS
Bijak,7,Karton,float,8,53,0,True,False,,
Bijak,8,Basteh,float,8,53,0,True,False,,
Bijak,9,Sandogh,float,8,53,0,True,False,,
Bijak,10,Guni,float,8,53,0,True,False,,
Bijak,11,SumFew,float,8,53,0,True,False,,
Bijak,12,FName,nvarchar,200,0,0,True,False,,Arabic_CI_AS
Bijak,13,GName,nvarchar,200,0,0,True,False,,Arabic_CI_AS
Bijak,14,A_Code,nvarchar,14,0,0,True,False,,Arabic_CI_AS
Bijak,15,C_Code,nvarchar,10,0,0,True,False,,Arabic_CI_AS
Bijak,16,Run_Code,nvarchar,10,0,0,True,False,,Arabic_CI_AS
Bijak,17,Sanad_CodeRun,int,4,10,0,True,False,,
Bijak,18,Account_N,nvarchar,12,0,0,True,False,,Arabic_CI_AS
Bijak,19,Comment,nvarchar,200,0,0,True,False,,Arabic_CI_AS
Bijak,20,Mablagh,float,8,53,0,True,False,,
Bijak,21,NumBarbari,nvarchar,40,0,0,True,False,,Arabic_CI_AS
Bijak,22,NumberMashin,nvarchar,20,0,0,True,False,,Arabic_CI_AS
Bijak,23,Pardakhti,float,8,53,0,True,False,,
Bijak,24,SaderKonande,nvarchar,40,0,0,True,False,,Arabic_CI_AS
Bijak,25,Address,nvarchar,510,0,0,True,False,,Arabic_CI_AS
Bijak,26,Whatfor,nvarchar,200,0,0,True,False,,Arabic_CI_AS
BILD,1,A_Code,varchar,7,0,0,False,False,,Arabic_CI_AS
BILD,2,A_Code_C,varchar,50,0,0,True,False,,Arabic_CI_AS
BILD,3,A_Name,varchar,60,0,0,True,False,,Arabic_CI_AS
BILD,4,Few,float,8,53,0,True,False,,
BILD,5,Few2,float,8,53,0,True,False,,
BILD,6,Price,float,8,53,0,True,False,,
BILD,7,First_End,bit,1,1,0,True,False,,
BILD,8,MName,varchar,30,0,0,True,False,,Arabic_CI_AS
BILD,9,SName,varchar,30,0,0,True,False,,Arabic_CI_AS
BILD,10,Tool,varchar,10,0,0,True,False,,Arabic_CI_AS
BILD,11,Arz,varchar,10,0,0,True,False,,Arabic_CI_AS
BILD,12,ToolArzType,varchar,1,0,0,True,False,,Arabic_CI_AS
BILD,13,Ghotr,varchar,10,0,0,True,False,,Arabic_CI_AS
BILD,14,Tedad,varchar,10,0,0,True,False,,Arabic_CI_AS
BILD,15,Metr,varchar,10,0,0,True,False,,Arabic_CI_AS
BILDAVAL,2,A_Code,varchar,7,0,0,False,False,,Arabic_CI_AS
BILDAVAL,3,A_Name,varchar,255,0,0,True,False,,Arabic_CI_AS
BILDAVAL,4,Few,float,8,53,0,True,False,,
BILDAVAL,5,Few2,float,8,53,0,True,False,,
BILDAVAL,6,Tool,varchar,10,0,0,True,False,,Arabic_CI_AS
BILDAVAL,7,Arz,varchar,10,0,0,True,False,,Arabic_CI_AS
BILDAVAL,8,Row_Index,int,4,10,0,False,True,,
BILDAVAL,9,FormulaID,int,4,10,0,False,False,((0)),
BILDAVAL,10,ACode_C,varchar,50,0,0,True,False,,Arabic_CI_AS
BILDAVAL,11,ToolArzType,varchar,1,0,0,True,False,,Arabic_CI_AS
BILDAVAL,12,Ghotr,varchar,10,0,0,True,False,,Arabic_CI_AS
BILDAVAL,13,Metr,varchar,10,0,0,True,False,,Arabic_CI_AS
BILDAVAL,14,Tedad,varchar,10,0,0,True,False,,Arabic_CI_AS
BILDAVAL,15,Comment,nvarchar,8000,0,0,True,False,,Arabic_CI_AS
BILDAVAL,16,Price,float,8,53,0,False,False,((0)),
BILDEND,1,A_Code,varchar,7,0,0,False,False,,Arabic_CI_AS
BILDEND,2,A_Name,varchar,255,0,0,True,False,,Arabic_CI_AS
BILDEND,3,Few,float,8,53,0,True,False,,
BILDEND,4,Few2,float,8,53,0,True,False,,
BILDEND,5,Tool,varchar,10,0,0,True,False,,Arabic_CI_AS
BILDEND,6,Arz,varchar,10,0,0,True,False,,Arabic_CI_AS
BILDEND,7,Price_Hazineh1,float,8,53,0,True,False,,
BILDEND,8,Price_Hazineh2,float,8,53,0,True,False,,
BILDEND,9,Price_Hazineh3,float,8,53,0,True,False,,
BILDEND,10,H_Sarfasl1,varchar,11,0,0,True,False,,Arabic_CI_AS
BILDEND,11,H_Sarfasl2,varchar,11,0,0,True,False,,Arabic_CI_AS
BILDEND,12,H_Sarfasl3,varchar,11,0,0,True,False,,Arabic_CI_AS
BILDEND,13,ID,int,4,10,0,False,True,,
BILDEND,14,FormulaName,varchar,60,0,0,True,False,,Arabic_CI_AS
BILDEND,15,Ghotr,varchar,10,0,0,True,False,,Arabic_CI_AS
BILDEND,16,Tedad,varchar,10,0,0,True,False,,Arabic_CI_AS
BILDEND,17,Metr,varchar,10,0,0,True,False,,Arabic_CI_AS
BILDEND,18,Comment,nvarchar,8000,0,0,True,False,,Arabic_CI_AS
BuildFItems,1,Id,int,4,10,0,False,True,,
BuildFItems,2,Formol_Id,int,4,10,0,False,False,,
BuildFItems,3,A_Code,varchar,7,0,0,False,False,,Arabic_CI_AS
BuildFItems,4,A_Index,int,4,10,0,True,False,,
BuildFItems,5,Few,float,8,53,0,False,False,((0)),
BuildFItems,6,PoshakIDF,int,4,10,0,True,False,,
CallerId,1,Id,int,4,10,0,False,True,,
CallerId,2,TelNumber,nvarchar,30,0,0,True,False,,Arabic_CI_AS
CallerId,3,C_Code,varchar,5,0,0,True,False,,Arabic_CI_AS
CallerId,4,dt,datetime,8,23,3,True,False,,
CallerId,5,Line,tinyint,1,3,0,True,False,,
CallerId,6,Id_Action,tinyint,1,3,0,True,False,,
CallerId,7,Id_Mode,tinyint,1,3,0,True,False,,
CaptionItem,1,ID,int,4,10,0,False,True,,
CaptionItem,2,CaptionType,int,4,10,0,False,False,,
CaptionItem,3,CaptionName,nvarchar,600,0,0,False,False,,Arabic_CI_AS
Cars,1,Id,int,4,10,0,False,True,,
Cars,2,CarName,nvarchar,100,0,0,True,False,,Arabic_CI_AS
Cars,3,Price_Select,smallint,2,5,0,True,False,,
CartableProcess,1,Id,int,4,10,0,False,True,,
CartableProcess,2,Fac_Code,varchar,50,0,0,False,False,,Arabic_CI_AS
CartableProcess,3,Fac_Type,nchar,20,0,0,False,False,,Arabic_CI_AS
CartableProcess,4,Fac_User_Code,int,4,10,0,False,False,,
CartableProcess,5,Reg_User_Code,int,4,10,0,False,False,,
CartableProcess,6,State,int,4,10,0,False,False,,
CartableProcess,7,Date,datetime,8,23,3,False,False,,
CartableProcess,8,Time,datetime,8,23,3,False,False,,
CartableProcess,9,Comment,nvarchar,2000,0,0,True,False,,Arabic_CI_AS
CartableProcess,10,Sanad_Code,int,4,10,0,True,False,,
Cash,1,Id,int,4,10,0,False,True,,
Cash,2,Parent_Id,int,4,10,0,True,False,,
Cash,3,S_Type,bit,1,1,0,True,False,,
Cash,4,S_Name,varchar,60,0,0,True,False,,Arabic_CI_AS
Cash,5,Sarfasl_Code,varchar,11,0,0,True,False,,Arabic_CI_AS
Cash,6,Sarfasl_Code2,varchar,11,0,0,True,False,,Arabic_CI_AS
ChartSod,1,DateSood,smalldatetime,4,16,0,True,False,,
ChartSod,2,Sum_Aval_Anbar,float,8,53,0,True,False,,
ChartSod,3,AllKharid,float,8,53,0,True,False,,
ChartSod,4,Sum_End_Anbar,float,8,53,0,True,False,,
ChartSod,5,Price_Art_Forosh,float,8,53,0,True,False,,
ChartSod,6,AllFrosh,float,8,53,0,True,False,,
ChartSod,7,SoodNotVijeh,float,8,53,0,True,False,,
ChartSod,8,Sum_Daramad,float,8,53,0,True,False,,
ChartSod,9,Sum_Hazineh,float,8,53,0,True,False,,
ChartSod,10,SoodVijeh,float,8,53,0,True,False,,
Check,1,Check_Code,int,4,10,0,False,True,,
Check,2,Back_Number,int,4,10,0,True,False,((0)),
Check,3,Export_Date,datetime,8,23,3,True,False,,
Check,4,Attain_Date,datetime,8,23,3,True,False,,
Check,5,Receive_Date,datetime,8,23,3,True,False,,
Check,6,Check_Number,varchar,20,0,0,True,False,,Arabic_CI_AS
Check,7,C_Code_Source,varchar,5,0,0,True,False,,Arabic_CI_AS
Check,8,C_Code_Destination,varchar,5,0,0,True,False,,Arabic_CI_AS
Check,9,Daryaft_Pardakht,bit,1,1,0,True,False,,
Check,10,Sel_check,bit,1,1,0,True,False,,
Check,11,Vosool,bit,1,1,0,True,False,,
Check,12,DarJaryan,bit,1,1,0,True,False,,
Check,13,Cust,float,8,53,0,True,False,,
Check,14,Bank_Code,varchar,10,0,0,True,False,,Arabic_CI_AS
Check,15,Account_Number,varchar,50,0,0,True,False,,Arabic_CI_AS
Check,16,Col_Code,varchar,3,0,0,True,False,(''),Arabic_CI_AS
Check,17,Moien_Code,varchar,4,0,0,True,False,(''),Arabic_CI_AS
Check,18,Tafzili_Code,varchar,4,0,0,True,False,(''),Arabic_CI_AS
Check,19,Col_Code_BankOne,varchar,3,0,0,True,False,(''),Arabic_CI_AS
Check,20,Moien_Code_BankOne,varchar,4,0,0,True,False,(''),Arabic_CI_AS
Check,21,Tafzili_Code_BankOne,varchar,4,0,0,True,False,(''),Arabic_CI_AS
Check,22,Col_CodeDest,varchar,3,0,0,True,False,,Arabic_CI_AS
Check,23,Moien_CodeDest,varchar,4,0,0,True,False,,Arabic_CI_AS
Check,24,Tafzili_CodeDest,varchar,4,0,0,True,False,,Arabic_CI_AS
Check,25,BankToBank,bit,1,1,0,True,False,,
Check,26,Sanad_Code,int,4,10,0,True,False,,
Check,27,Sanad_Code2,int,4,10,0,True,False,,
Check,28,Sanad_Code_Jaryan,int,4,10,0,True,False,,
Check,29,FlagHelp,bit,1,1,0,True,False,,
Check,30,Delete,bit,1,1,0,True,False,,
Check,31,City_Code,int,4,10,0,True,False,,
Check,32,Branch,varchar,30,0,0,True,False,,Arabic_CI_AS
Check,33,Bargashty,bit,1,1,0,True,False,((0)),
Check,34,BargashtyDate,datetime,8,23,3,True,False,,
Check,35,Sanad_Code_Bargasht,int,4,10,0,True,False,,
Check,36,DarJaryanDate,datetime,8,23,3,True,False,,
Check,37,VosolKharji,bit,1,1,0,True,False,,
Check,38,VosolKharjiDate,datetime,8,23,3,True,False,,
Check,39,Comm,nvarchar,510,0,0,True,False,,Arabic_CI_AS
Check,40,MakeDisket,bit,1,1,0,True,False,,
Check,41,SarFaslName_Daryaft,nvarchar,200,0,0,True,False,,Arabic_CI_AS
Check,42,SarFaslName_Kharj,nvarchar,200,0,0,True,False,,Arabic_CI_AS
Check,43,Cash_Id,int,4,10,0,False,False,((0)),
Check,44,SellCheck_BargashtToCash,bit,1,1,0,False,False,((0)),
Check,45,SanadCodeBargashtSellCheck,int,4,10,0,False,False,((0)),
Check,46,jaryanCheck_BargashtToCash,bit,1,1,0,False,False,((0)),
Check,47,SanadCodeBargashtjaryan,int,4,10,0,False,False,((0)),
Check,48,ChSerial,nvarchar,20,0,0,True,False,,Arabic_CI_AS
Check,49,BranchCode,float,8,53,0,True,False,,
Check,50,PuCode,nvarchar,30,0,0,True,False,,Arabic_CI_AS
Check,51,Transfered,bit,1,1,0,True,False,,
Check,52,SarFasl_Code,varchar,11,0,0,True,False,,Arabic_CI_AS
Check,53,Bargashty_1,bit,1,1,0,False,False,((0)),
Check,54,BargashtDate_1,datetime,8,23,3,True,False,,
Check,55,Show_Daftar,bit,1,1,0,False,False,((1)),
Check,56,CommSelCheck,nvarchar,1000,0,0,True,False,,Arabic_CI_AS
Check,57,IsEbtal,bit,1,1,0,False,False,((0)),
Check,58,CheckSerial_Code,varchar,50,0,0,True,False,,Arabic_CI_AS
Check,59,Kart_Num,nvarchar,100,0,0,True,False,,Arabic_CI_AS
Check,60,Check_SeriesNo,varchar,20,0,0,True,False,,Arabic_CI_AS
Check,61,Sayad_Number,nvarchar,100,0,0,True,False,,Arabic_CI_AS
Check,62,UserCodeReciveCheck,int,4,10,0,True,False,,
Check,63,IsSayad,bit,1,1,0,False,False,((0)),
Check,64,National_Code,nvarchar,40,0,0,True,False,,Arabic_CI_AS
Check,65,C_Name_Owner,nvarchar,510,0,0,True,False,,Arabic_CI_AS
Check,66,Ch_Tel,nvarchar,100,0,0,True,False,,Arabic_CI_AS
Check,67,SarFasl_Code_daryaft,nvarchar,22,0,0,True,False,,Arabic_CI_AS
Check,68,IsElectronic,bit,1,1,0,False,False,((0)),
Check_Bkup,1,Sanad_Code,int,4,10,0,False,False,,
Check_Bkup,2,Check_Number,varchar,20,0,0,True,False,,Arabic_CI_AS
Check_Bkup,3,Cust,float,8,53,0,True,False,,
Check_Bkup,4,Account_Number,varchar,18,0,0,True,False,,Arabic_CI_AS
Check_Bkup,5,Bank_Name,varchar,100,0,0,True,False,,Arabic_CI_AS
Check_Bkup,6,Back_Number,int,4,10,0,True,False,,
Check_Bkup,7,Receive_Date,datetime,8,23,3,True,False,,
Check_Bkup,8,BranchCode,float,8,53,0,True,False,,
Check_Bkup,9,Sayad_Number,nvarchar,100,0,0,True,False,,Arabic_CI_AS
Check_Bkup,10,National_Code,nvarchar,100,0,0,True,False,,Arabic_CI_AS
Check_Bkup,11,C_Name_Owner,nvarchar,510,0,0,True,False,,Arabic_CI_AS
Check_Bkup,12,Ch_Tel,nvarchar,100,0,0,True,False,,Arabic_CI_AS
Check_Event,1,Id,int,4,10,0,False,True,,
Check_Event,2,Check_Code,int,4,10,0,False,False,,
Check_Event,3,Sanad_Code,int,4,10,0,False,False,,
Check_Event,4,Date_Time,datetime,8,23,3,True,False,,
Check_Event,5,Cash_ID,int,4,10,0,False,False,((0)),
Check_Event,6,SarFasl_Code,varchar,11,0,0,False,False,,Arabic_CI_AS
Check_Event,7,State,varchar,50,0,0,False,False,,Arabic_CI_AS
CheckFact_Link,1,Id,int,4,10,0,False,True,,
CheckFact_Link,2,Check_Code,int,4,10,0,False,False,,
CheckFact_Link,3,Fac_Code,varchar,6,0,0,False,False,,Arabic_CI_AS
CHK_AVAL,1,BackNumber,int,4,10,0,False,False,((0)),
CHK_AVAL,2,Check_Code,int,4,10,0,False,True,,
CHK_AVAL,3,Check_Number,varchar,20,0,0,True,False,,Arabic_CI_AS
CHK_AVAL,4,Account_Number,varchar,50,0,0,True,False,,Arabic_CI_AS
CHK_AVAL,5,Col_Code,varchar,3,0,0,True,False,,Arabic_CI_AS
CHK_AVAL,6,Moien_Code,varchar,4,0,0,True,False,,Arabic_CI_AS
CHK_AVAL,7,Tafzili_Code,varchar,4,0,0,True,False,,Arabic_CI_AS
CHK_AVAL,8,Bank_Code,varchar,10,0,0,True,False,,Arabic_CI_AS
CHK_AVAL,9,Bank_Name,varchar,100,0,0,True,False,,Arabic_CI_AS
CHK_AVAL,10,Export_Date,varchar,12,0,0,True,False,,Arabic_CI_AS
CHK_AVAL,11,Attain_Date,varchar,12,0,0,True,False,,Arabic_CI_AS
CHK_AVAL,12,Receive_Date,varchar,12,0,0,True,False,,Arabic_CI_AS
CHK_AVAL,13,C_Code,varchar,5,0,0,True,False,,Arabic_CI_AS
CHK_AVAL,14,C_Name,varchar,255,0,0,True,False,,Arabic_CI_AS
CHK_AVAL,15,Co_Code,varchar,5,0,0,True,False,,Arabic_CI_AS
CHK_AVAL,16,Co_Name,varchar,60,0,0,True,False,,Arabic_CI_AS
CHK_AVAL,17,Cust,float,8,53,0,True,False,,
CHK_AVAL,18,Daryaft_Pardakht,bit,1,1,0,True,False,,
CHK_AVAL,19,Check_Code_Upd,int,4,10,0,True,False,,
CHK_AVAL,20,City_Code,int,4,10,0,True,False,,
CHK_AVAL,21,Branch,varchar,30,0,0,True,False,,Arabic_CI_AS
CHK_AVAL,22,Comm,varchar,300,0,0,True,False,,Arabic_CI_AS
CHK_AVAL,23,Cash_Id,int,4,10,0,False,False,((0)),
CHK_AVAL,24,Cash_Name,varchar,60,0,0,True,False,,Arabic_CI_AS
CHK_AVAL,25,BranchCode,char,10,0,0,True,False,,Arabic_CI_AS
CHK_AVAL,26,C_Code_C,varchar,12,0,0,True,False,,Arabic_CI_AS
CHK_AVAL,27,Sarfasl_Code,nvarchar,22,0,0,True,False,,Arabic_CI_AS
CHK_AVAL,28,Sarfasl_Name,nvarchar,200,0,0,True,False,,Arabic_CI_AS
CHK_AVAL,29,Sayad_Number,nvarchar,100,0,0,True,False,,Arabic_CI_AS
CHK_AVAL,30,IsSayad,bit,1,1,0,False,False,((0)),
CHK_TARH,1,ComponentName,varchar,100,0,0,False,False,,Arabic_CI_AS
CHK_TARH,2,Kind,smallint,2,5,0,False,False,,
CHK_TARH,3,SaveName,varchar,30,0,0,True,False,,Arabic_CI_AS
CHK_TARH,4,FFont_Color,int,4,10,0,True,False,,
CHK_TARH,5,FFont_Name,varchar,50,0,0,True,False,,Arabic_CI_AS
CHK_TARH,6,FFont_Size,int,4,10,0,True,False,,
CHK_TARH,7,FFont_Style,smallint,2,5,0,True,False,,
CHK_TARH,8,FTop,smallint,2,5,0,True,False,,
CHK_TARH,9,FLeft,smallint,2,5,0,True,False,,
CHK_TARH,10,FHeight,smallint,2,5,0,True,False,,
CHK_TARH,11,FWidth,smallint,2,5,0,True,False,,
CHK_TARH,12,Show,bit,1,1,0,True,False,,
CITY,1,City_Code,int,4,10,0,False,True,,
CITY,2,Name,varchar,40,0,0,True,False,,Arabic_CI_AS
CITY,3,In_Out,bit,1,1,0,True,False,,
CITY,4,Top_Code,int,4,10,0,True,False,,
CITY,5,Choice,bit,1,1,0,False,False,((0)),
CITY,6,City_Etebar,float,8,53,0,True,False,,
ClientSetup,1,ID,int,4,10,0,False,True,,
ClientSetup,2,IP_Address,varchar,50,0,0,True,False,,Arabic_CI_AS
ClientSetup,3,Information,image,16,0,0,True,False,,
Colors,1,Id,int,4,10,0,False,True,,
Colors,2,ColorName,nvarchar,200,0,0,False,False,,Arabic_CI_AS
Colors,3,Color,int,4,10,0,False,False,,
Colors,4,IsDefColor,bit,1,1,0,False,False,((0)),
COMMENT,1,M_Code,int,4,10,0,False,True,,
COMMENT,2,Comment,nvarchar,8000,0,0,True,False,,Arabic_CI_AS
COMMENT,3,Fac_Code,varchar,20,0,0,True,False,,Arabic_CI_AS
COMMENT,4,Fac_Type,varchar,1,0,0,False,False,(''),Arabic_CI_AS
COMMENT,5,TypeComment,int,4,10,0,False,False,((0)),
COMMENT,6,UserCodeInc,int,4,10,0,False,False,((-1)),
COMMENT,7,CanEditCommentKartabl,bit,1,1,0,False,False,((1)),
COMMENT,8,Sanad_code,int,4,10,0,True,False,,
CompName,1,CompCode,int,4,10,0,False,True,,
CompName,2,CompName,varchar,60,0,0,True,False,,Arabic_CI_AS
Contract,1,C_Code,varchar,5,0,0,False,False,,Arabic_CI_AS
Contract,2,ContractNumber,varchar,50,0,0,False,False,,Arabic_CI_AS
Contract,3,ContractDate,datetime,8,23,3,False,False,,
Contract,4,EmployerName,varchar,255,0,0,False,False,,Arabic_CI_AS
Contract,5,ContractSubject,varchar,255,0,0,False,False,,Arabic_CI_AS
Contract,6,ContractPrice,float,8,53,0,False,False,,
Contract,7,StatusReportNumber,varchar,50,0,0,False,False,,Arabic_CI_AS
Contract,8,StartDate,datetime,8,23,3,False,False,,
Contract,9,EndTime,datetime,8,23,3,False,False,,
Contract,10,ImpureStatusReportRrice,float,8,53,0,False,False,,
Contract,11,GoodJobPrice,float,8,53,0,True,False,,
Contract,12,levy,float,8,53,0,True,False,,
Contract,13,Insurance,float,8,53,0,True,False,,
Contract,14,Depreciation,float,8,53,0,True,False,,
Contract,15,Vat,float,8,53,0,True,False,,
Contract,16,Dec_Price,float,8,53,0,True,False,,
Contract,17,Inc_Price,float,8,53,0,True,False,,
Contract,18,StatusReportRrice,float,8,53,0,True,False,,
Contract,19,Contractid,int,4,10,0,False,True,,
Contract,20,Sanad_Code,varchar,50,0,0,False,False,,Arabic_CI_AS
Contract,21,SF_GoodJobPrice,varchar,11,0,0,False,False,,Arabic_CI_AS
Contract,22,SF_levy,varchar,11,0,0,False,False,,Arabic_CI_AS
Contract,23,SF_Insurance,varchar,11,0,0,False,False,,Arabic_CI_AS
Contract,24,SF_Depreciation,varchar,11,0,0,False,False,,Arabic_CI_AS
Contract,25,SF_Vat,varchar,11,0,0,False,False,,Arabic_CI_AS
Contract,26,SF_Dec_Price,varchar,11,0,0,False,False,,Arabic_CI_AS
Contract,27,SF_Inc_Price,varchar,11,0,0,False,False,,Arabic_CI_AS
Contract,28,SF_ImpureStatusReportRrice,varchar,11,0,0,False,False,,Arabic_CI_AS
ContractCheques,1,id,int,4,10,0,False,True,,
ContractCheques,2,CNumber,char,30,0,0,True,False,,Arabic_CI_AS
ContractCheques,3,CDate,char,10,0,0,True,False,,Arabic_CI_AS
ContractCheques,4,CFee,float,8,53,0,True,False,,
ContractCheques,5,CId,int,4,10,0,True,False,,
ContractRent,1,id,int,4,10,0,False,True,,
ContractRent,2,LrName,nvarchar,100,0,0,True,False,,Arabic_CI_AS
ContractRent,3,LrLastName,nvarchar,200,0,0,True,False,,Arabic_CI_AS
ContractRent,4,LrFatherName,nvarchar,100,0,0,True,False,,Arabic_CI_AS
ContractRent,5,LrCeNo,nvarchar,100,0,0,True,False,,Arabic_CI_AS
ContractRent,6,LrFrom,nvarchar,100,0,0,True,False,,Arabic_CI_AS
ContractRent,7,LrBirthYear,char,10,0,0,True,False,,Arabic_CI_AS
ContractRent,8,LrAddress,nvarchar,1000,0,0,True,False,,Arabic_CI_AS
ContractRent,9,LrTelNumber,nvarchar,30,0,0,True,False,,Arabic_CI_AS
ContractRent,10,Comment,nvarchar,1000,0,0,True,False,,Arabic_CI_AS
ContractRent,11,Comment1,nvarchar,200,0,0,True,False,,Arabic_CI_AS
ContractRent,12,Comment2,nvarchar,200,0,0,True,False,,Arabic_CI_AS
ContractRent,13,Comment3,nvarchar,200,0,0,True,False,,Arabic_CI_AS
ContractRent,14,Comment4,nvarchar,200,0,0,True,False,,Arabic_CI_AS
ContractRent,15,LsName,nvarchar,100,0,0,True,False,,Arabic_CI_AS
ContractRent,16,LsLastName,nvarchar,200,0,0,True,False,,Arabic_CI_AS
ContractRent,17,LsFatherName,nvarchar,100,0,0,True,False,,Arabic_CI_AS
ContractRent,18,LsCeNo,nvarchar,100,0,0,True,False,,Arabic_CI_AS
ContractRent,19,LsFrom,nvarchar,100,0,0,True,False,,Arabic_CI_AS
ContractRent,20,LsBirthYear,char,10,0,0,True,False,,Arabic_CI_AS
ContractRent,21,LsAddress,nvarchar,1000,0,0,True,False,,Arabic_CI_AS
ContractRent,22,LsTelNumber,nvarchar,30,0,0,True,False,,Arabic_CI_AS
ContractRent,23,PlNumber,nvarchar,60,0,0,True,False,,Arabic_CI_AS
ContractRent,24,LrBirthPlace,nvarchar,100,0,0,True,False,,Arabic_CI_AS
ContractRent,25,LsBirthPlace,nvarchar,100,0,0,True,False,,Arabic_CI_AS
ContractRent,26,RentFrom,char,10,0,0,True,False,,Arabic_CI_AS
ContractRent,27,RentTo,char,10,0,0,True,False,,Arabic_CI_AS
ContractRent,28,RentDuration,char,10,0,0,True,False,,Arabic_CI_AS
ContractRent,29,CashFee,float,8,53,0,True,False,,
ContractRent,30,CostusCount,int,4,10,0,True,False,,
ContractRent,31,CostusCost,float,8,53,0,True,False,,
ContractRent,32,QuarterDay,char,10,0,0,True,False,,Arabic_CI_AS
ContractRent,33,ChequeCount,int,4,10,0,True,False,,
ContractRent,34,LrAccountNumber,nvarchar,100,0,0,True,False,,Arabic_CI_AS
ContractRent,35,RentFee,float,8,53,0,True,False,,
ContractRent,36,LookersOnName,nvarchar,200,0,0,True,False,,Arabic_CI_AS
ContractRent,37,RentContractDate,char,10,0,0,True,False,,Arabic_CI_AS
ContractRent,38,RentContractDateC,char,10,0,0,True,False,,Arabic_CI_AS
ContractRent,39,CopyCount,int,4,10,0,True,False,,
ContractRent,40,CopyCost,float,8,53,0,True,False,,
ContractRent,41,No,int,4,10,0,True,False,,
ContractSell,1,id,int,4,10,0,False,True,,
ContractSell,2,SaName,nvarchar,100,0,0,True,False,,Arabic_CI_AS
ContractSell,3,SaLastName,nvarchar,200,0,0,True,False,,Arabic_CI_AS
ContractSell,4,SaFatherName,nvarchar,100,0,0,True,False,,Arabic_CI_AS
ContractSell,5,SaCeNo,nvarchar,100,0,0,True,False,,Arabic_CI_AS
ContractSell,6,SaFrom,nvarchar,100,0,0,True,False,,Arabic_CI_AS
ContractSell,7,SaBirthYear,char,10,0,0,True,False,,Arabic_CI_AS
ContractSell,8,SaHomeAddress,nvarchar,1000,0,0,True,False,,Arabic_CI_AS
ContractSell,9,SaTelNumber,nvarchar,30,0,0,True,False,,Arabic_CI_AS
ContractSell,10,Comment,nvarchar,1000,0,0,True,False,,Arabic_CI_AS
ContractSell,11,Comment1,nvarchar,200,0,0,True,False,,Arabic_CI_AS
ContractSell,12,Comment2,nvarchar,200,0,0,True,False,,Arabic_CI_AS
ContractSell,13,Comment3,nvarchar,200,0,0,True,False,,Arabic_CI_AS
ContractSell,14,Comment4,nvarchar,200,0,0,True,False,,Arabic_CI_AS
ContractSell,15,ByName,nvarchar,100,0,0,True,False,,Arabic_CI_AS
ContractSell,16,ByLastName,nvarchar,200,0,0,True,False,,Arabic_CI_AS
ContractSell,17,ByFatherName,nvarchar,100,0,0,True,False,,Arabic_CI_AS
ContractSell,18,ByCeNo,nvarchar,100,0,0,True,False,,Arabic_CI_AS
ContractSell,19,ByFrom,nvarchar,100,0,0,True,False,,Arabic_CI_AS
ContractSell,20,ByBirthYear,char,10,0,0,True,False,,Arabic_CI_AS
ContractSell,21,ByHomeAddress,nvarchar,1000,0,0,True,False,,Arabic_CI_AS
ContractSell,22,ByTelNumber,nvarchar,100,0,0,True,False,,Arabic_CI_AS
ContractSell,23,PlNumber,nvarchar,60,0,0,True,False,,Arabic_CI_AS
ContractSell,24,PlSharjeDate,char,10,0,0,True,False,,Arabic_CI_AS
ContractSell,25,PlTimeOfPayOff,smallint,2,5,0,True,False,,
ContractSell,26,PlDateOfPayOff,char,10,0,0,True,False,,Arabic_CI_AS
ContractSell,27,CoBailFee,float,8,53,0,True,False,,
ContractSell,28,CoBailPersonName,nvarchar,200,0,0,True,False,,Arabic_CI_AS
ContractSell,29,CoTotalFee,float,8,53,0,True,False,,
ContractSell,30,CoCashFee,float,8,53,0,True,False,,
ContractSell,31,CoChequeFee,float,8,53,0,True,False,,
ContractSell,32,CoDate,char,10,0,0,True,False,,Arabic_CI_AS
ContractSell,33,CoVocherFee,float,8,53,0,True,False,,
ContractSell,34,CoCovherDate,char,10,0,0,True,False,,Arabic_CI_AS
ContractSell,35,CoChequeNumber,nvarchar,100,0,0,True,False,,Arabic_CI_AS
ContractSell,36,No,int,4,10,0,True,False,,
CUS_AVAL,1,Cus_Name,varchar,60,0,0,True,False,,Arabic_CI_AS
CUS_AVAL,2,Bed,float,8,53,0,True,False,,
CUS_AVAL,3,Bes,float,8,53,0,True,False,,
CUS_AVAL,4,Sar_Code,varchar,4,0,0,True,False,,Arabic_CI_AS
CUS_AVAL,5,C_Code_C,varchar,12,0,0,True,False,,Arabic_CI_AS
cust_Bone,1,BonehId,int,4,10,0,False,True,,
cust_Bone,2,C_code,nvarchar,10,0,0,True,False,,Arabic_CI_AS
cust_Bone,3,Boneh,nvarchar,510,0,0,True,False,,Arabic_CI_AS
Cust_Runner,1,Id,int,4,10,0,False,True,,
Cust_Runner,2,PelakCity,nvarchar,4,0,0,True,False,,Arabic_CI_AS
Cust_Runner,3,PelakCode1,nvarchar,6,0,0,True,False,,Arabic_CI_AS
Cust_Runner,4,PelakChar,nvarchar,40,0,0,True,False,,Arabic_CI_AS
Cust_Runner,5,PelakCode2,nvarchar,4,0,0,True,False,,Arabic_CI_AS
Cust_Runner,6,C_Code,varchar,5,0,0,True,False,,Arabic_CI_AS
Cust_Tell,1,CCode,varchar,5,0,0,False,False,,Arabic_CI_AS
Cust_Tell,2,C_Tell1,nvarchar,100,0,0,True,False,,Arabic_CI_AS
Cust_Tell,3,C_Tell2,nvarchar,100,0,0,True,False,,Arabic_CI_AS
Cust_Tell,4,C_Tell3,nvarchar,100,0,0,True,False,,Arabic_CI_AS
Cust_Tell,5,C_Tell4,nvarchar,100,0,0,True,False,,Arabic_CI_AS
Cust_Tell,6,C_Tell5,nvarchar,100,0,0,True,False,,Arabic_CI_AS
Cust_Tell,7,C_Mobile1,nvarchar,100,0,0,True,False,,Arabic_CI_AS
Cust_Tell,8,C_Mobile2,nvarchar,100,0,0,True,False,,Arabic_CI_AS
Cust_Tell,9,C_Mobile3,nvarchar,100,0,0,True,False,,Arabic_CI_AS
Cust_Tell,10,C_Mobile4,nvarchar,100,0,0,True,False,,Arabic_CI_AS
Cust_Tell,11,C_Mobile5,nvarchar,100,0,0,True,False,,Arabic_CI_AS
Cust_Tell,12,SendItem_SMS,nvarchar,200,0,0,False,False,('0'),Arabic_CI_AS
Cust_Tell,13,ChkItems_SMS,bit,1,1,0,True,False,,
Cust_Tell,14,C_Address1,varchar,200,0,0,True,False,,Arabic_CI_AS
Cust_Tell,15,C_Address2,varchar,200,0,0,True,False,,Arabic_CI_AS
Cust_Tell,16,C_Address3,varchar,200,0,0,True,False,,Arabic_CI_AS
Cust_Tell,17,C_Address4,varchar,200,0,0,True,False,,Arabic_CI_AS
Cust_Tell,18,C_Address5,varchar,200,0,0,True,False,,Arabic_CI_AS
Cust_Tell,19,C_TellTitle1,varchar,100,0,0,True,False,,Arabic_CI_AS
Cust_Tell,20,C_TellTitle2,varchar,100,0,0,True,False,,Arabic_CI_AS
Cust_Tell,21,C_TellTitle3,varchar,100,0,0,True,False,,Arabic_CI_AS
Cust_Tell,22,C_TellTitle4,varchar,100,0,0,True,False,,Arabic_CI_AS
Cust_Tell,23,C_TellTitle5,varchar,100,0,0,True,False,,Arabic_CI_AS
Cust_Tell,24,C_MobileTitle1,varchar,100,0,0,True,False,,Arabic_CI_AS
Cust_Tell,25,C_MobileTitle2,varchar,100,0,0,True,False,,Arabic_CI_AS
Cust_Tell,26,C_MobileTitle3,varchar,100,0,0,True,False,,Arabic_CI_AS
Cust_Tell,27,C_MobileTitle4,varchar,100,0,0,True,False,,Arabic_CI_AS
Cust_Tell,28,C_MobileTitle5,varchar,100,0,0,True,False,,Arabic_CI_AS
Cust_Tell,29,C_AddressTitle1,varchar,100,0,0,True,False,,Arabic_CI_AS
Cust_Tell,30,C_AddressTitle2,varchar,100,0,0,True,False,,Arabic_CI_AS
Cust_Tell,31,C_AddressTitle3,varchar,100,0,0,True,False,,Arabic_CI_AS
Cust_Tell,32,C_AddressTitle4,varchar,100,0,0,True,False,,Arabic_CI_AS
Cust_Tell,33,C_AddressTitle5,varchar,100,0,0,True,False,,Arabic_CI_AS
Cust_Tell,34,C_AddressTitle,varchar,100,0,0,True,False,,Arabic_CI_AS
Cust_Tell,35,C_MobileTitle,varchar,100,0,0,True,False,,Arabic_CI_AS
Cust_Tell,36,C_TellTitle,varchar,100,0,0,True,False,,Arabic_CI_AS
CustDtil,1,C_Code,nvarchar,10,0,0,True,False,,Arabic_CI_AS
CustDtil,2,Code,int,4,10,0,False,True,,
CustDtil,3,Sh_No,int,4,10,0,True,False,,
CustDtil,4,P_birth,nvarchar,40,0,0,True,False,,Arabic_CI_AS
CustDtil,5,P_Sodoor,nvarchar,40,0,0,True,False,,Arabic_CI_AS
CustDtil,6,Melli_No,nvarchar,40,0,0,True,False,,Arabic_CI_AS
CUSTOMER,1,C_Code,varchar,5,0,0,False,False,,Arabic_CI_AS
CUSTOMER,2,C_Name,varchar,255,0,0,True,False,(''),Arabic_CI_AS
CUSTOMER,3,C_Code_C,varchar,12,0,0,True,False,(''),Arabic_CI_AS
CUSTOMER,4,C_AliasName,varchar,30,0,0,True,False,(''),Arabic_CI_AS
CUSTOMER,5,C_Address,varchar,200,0,0,True,False,(''),Arabic_CI_AS
CUSTOMER,6,C_Tel,varchar,20,0,0,True,False,(''),Arabic_CI_AS
CUSTOMER,7,C_Fax,varchar,20,0,0,True,False,(''),Arabic_CI_AS
CUSTOMER,8,C_Mobile,varchar,20,0,0,True,False,(''),Arabic_CI_AS
CUSTOMER,9,Economic_Code,varchar,15,0,0,True,False,(''),Arabic_CI_AS
CUSTOMER,10,Sum_Takhfif,float,8,53,0,True,False,,
CUSTOMER,11,Etebar,float,8,53,0,True,False,,
CUSTOMER,12,Counective_Name,varchar,30,0,0,True,False,(''),Arabic_CI_AS
CUSTOMER,13,Counective_Tel,varchar,20,0,0,True,False,(''),Arabic_CI_AS
CUSTOMER,14,Porsant,float,8,53,0,True,False,,
CUSTOMER,15,Porsant2,float,8,53,0,True,False,,
CUSTOMER,16,First_BalanceSanad,float,8,53,0,True,False,,
CUSTOMER,17,HlpAman,bit,1,1,0,True,False,,
CUSTOMER,18,Col_Code_Bed,varchar,3,0,0,True,False,(''),Arabic_CI_AS
CUSTOMER,19,Moien_Code_Bed,varchar,4,0,0,True,False,(''),Arabic_CI_AS
CUSTOMER,20,Tafzili_Code_Bed,varchar,4,0,0,True,False,(''),Arabic_CI_AS
CUSTOMER,21,Col_Code_Bes,varchar,3,0,0,True,False,(''),Arabic_CI_AS
CUSTOMER,22,Moien_Code_Bes,varchar,4,0,0,True,False,(''),Arabic_CI_AS
CUSTOMER,23,Tafzili_Code_Bes,varchar,4,0,0,True,False,(''),Arabic_CI_AS
CUSTOMER,24,Kharid,bit,1,1,0,True,False,,
CUSTOMER,25,Forosh,bit,1,1,0,True,False,,
CUSTOMER,26,Vaseteh,bit,1,1,0,True,False,,
CUSTOMER,27,Personel,bit,1,1,0,True,False,,
CUSTOMER,28,Vaseteh_Porsant,float,8,53,0,True,False,,
CUSTOMER,29,Delete,bit,1,1,0,True,False,,
CUSTOMER,30,City_Code,int,4,10,0,True,False,,
CUSTOMER,31,Arz_Mandeh,float,8,53,0,True,False,,
CUSTOMER,32,InListSiah,bit,1,1,0,True,False,,
CUSTOMER,33,SelectType,smallint,2,5,0,True,False,,
CUSTOMER,34,Vaseteh_Code,varchar,5,0,0,True,False,(''),Arabic_CI_AS
CUSTOMER,35,DarsadAmuzeshP,float,8,53,0,True,False,,
CUSTOMER,36,NetHlp,bit,1,1,0,True,False,,
CUSTOMER,37,MohlatTasvieh,int,4,10,0,True,False,,
CUSTOMER,38,Comment,nvarchar,8000,0,0,True,False,,Arabic_CI_AS
CUSTOMER,39,Vaseteh_Porsant_C,float,8,53,0,True,False,,
CUSTOMER,40,CalledDate,datetime,8,23,3,True,False,,
CUSTOMER,41,FactOutOfEtebar,bit,1,1,0,True,False,((0)),
CUSTOMER,42,ContactDate,datetime,8,23,3,True,False,,
CUSTOMER,43,Karshenas,bit,1,1,0,True,False,,
CUSTOMER,44,Cust_City,varchar,80,0,0,True,False,,Arabic_CI_AS
CUSTOMER,45,Cust_Mantagheh,varchar,80,0,0,True,False,,Arabic_CI_AS
CUSTOMER,46,Cust_Ostan,varchar,80,0,0,True,False,,Arabic_CI_AS
CUSTOMER,47,DarsadShahrdari,float,8,53,0,True,False,,
CUSTOMER,48,DarsadEconomicCode,float,8,53,0,True,False,,
CUSTOMER,49,Cust_Job,varchar,20,0,0,True,False,,Arabic_CI_AS
CUSTOMER,50,KarPorsant,float,8,53,0,False,False,((0.0)),
CUSTOMER,51,Zip_Code,varchar,10,0,0,True,False,,Arabic_CI_AS
CUSTOMER,52,National_Code,varchar,50,0,0,True,False,,Arabic_CI_AS
CUSTOMER,53,Res_cust,bit,1,1,0,True,False,((0)),
CUSTOMER,54,CoName,nvarchar,200,0,0,True,False,,Arabic_CI_AS
CUSTOMER,55,SarFasl_Amani_Dar,varchar,7,0,0,True,False,,Arabic_CI_AS
CUSTOMER,56,SarFasl_Amani_Par,varchar,7,0,0,True,False,,Arabic_CI_AS
CUSTOMER,57,Creation_Date,datetime,8,23,3,True,False,,
CUSTOMER,58,Endeditdate,datetime,8,23,3,True,False,,
CUSTOMER,59,Email_Address,varchar,4000,0,0,True,False,,Arabic_CI_AS
CUSTOMER,60,Birth_Date,varchar,10,0,0,True,False,,Arabic_CI_AS
CUSTOMER,61,C_Code_C2,nvarchar,24,0,0,True,False,,Arabic_CI_AS
CUSTOMER,62,Car_Id,int,4,10,0,True,False,,
CUSTOMER,63,CityCodeLevy,varchar,10,0,0,True,False,,Arabic_CI_AS
CUSTOMER,64,OstanCodeLevy,varchar,5,0,0,True,False,,Arabic_CI_AS
CUSTOMER,65,HkharidarType1code,smallint,2,5,0,True,False,,
CUSTOMER,66,Driver,bit,1,1,0,True,False,((0)),
CUSTOMER,67,PelakCity,varchar,50,0,0,True,False,,Arabic_CI_AS
CUSTOMER,68,Pelakcitycode,int,4,10,0,True,False,,
CUSTOMER,69,Pelakcode2,int,4,10,0,True,False,,
CUSTOMER,70,Pelakcode3,int,4,10,0,True,False,,
CUSTOMER,71,PelakChar,varchar,3,0,0,True,False,,Arabic_CI_AS
CUSTOMER,72,SMSGroup,nvarchar,510,0,0,True,False,(''),Arabic_CI_AS
CUSTOMER,73,IsCMS,bit,1,1,0,True,False,,
CUSTOMER,74,C_type,tinyint,1,3,0,False,False,((1)),
CUSTOMER,75,Mekhrajkar,bit,1,1,0,False,False,((0)),
CUSTOMER,76,JavaherSaz,bit,1,1,0,False,False,((0)),
CUSTOMER,77,Arayeshgar,bit,1,1,0,False,False,((0)),
CUSTOMER,78,Arayesh_Porsant,float,8,53,0,False,False,((0)),
CUSTOMER,79,ArzID,int,4,10,0,False,False,((1)),
CUSTOMER,80,money_price,float,8,53,0,False,False,((1)),
CUSTOMER,81,CAlarmEtebarCheck,bit,1,1,0,True,False,((0)),
CUSTOMER,82,ExporterSId,int,4,10,0,True,False,,
CUSTOMER,83,Cust_type,tinyint,1,3,0,False,False,((1)),
CUSTOMER,84,Choice,bit,1,1,0,False,False,((0)),
CUSTOMER,85,TimeStartCustArayesh,datetime,8,23,3,False,False,((0)),
CUSTOMER,86,TimeEndCustArayesh,datetime,8,23,3,False,False,((0)),
CUSTOMER,87,DressType,smallint,2,5,0,False,False,((0)),
CUSTOMER,88,Mercer,bit,1,1,0,False,False,((0)),
CUSTOMER,89,Cobbler,bit,1,1,0,False,False,((0)),
CUSTOMER,90,Cutter,bit,1,1,0,False,False,((0)),
CUSTOMER,91,Tailor,bit,1,1,0,False,False,((0)),
CUSTOMER,92,Notionality,bit,1,1,0,False,False,((0)),
CUSTOMER,93,TasviehType,int,4,10,0,False,False,((3)),
CUSTOMER,94,First_BalanceSanad_Bes,float,8,53,0,True,False,((0)),
CUSTOMER,95,SenfId,int,4,10,0,True,False,,
CUSTOMER,96,CheckReciveOfEtebar,bit,1,1,0,False,False,((0)),
CUSTOMER,97,Zone,int,4,10,0,False,False,((0)),
CUSTOMER,98,SanadOutOfEtebar,bit,1,1,0,True,False,((0)),
CUSTOMER,99,KarPorsantDarsad,float,8,53,0,False,False,((0)),
CUSTOMER,100,KarPorsantType,bit,1,1,0,False,False,((0)),
CUSTOMER,101,Agent,bit,1,1,0,False,False,((0)),
CUSTOMER,102,Agent_Porsant,float,8,53,0,False,False,((0)),
CUSTOMER,103,Anbardar,bit,1,1,0,False,False,((0)),
CUSTOMER,104,isHamkar,bit,1,1,0,False,False,((0)),
CUSTOMER,105,isTamirKar,bit,1,1,0,False,False,((0)),
CUSTOMER,106,isAbkar,bit,1,1,0,False,False,((0)),
CUSTOMER,107,isReygir,bit,1,1,0,False,False,((0)),
CUSTOMER,108,isReygirKargah,bit,1,1,0,False,False,((0)),
CUSTOMER,109,iskifi,bit,1,1,0,False,False,((0)),
CUSTOMER,110,isFactory,bit,1,1,0,False,False,((0)),
CUSTOMER,111,isShopper,bit,1,1,0,False,False,((0)),
CUSTOMER,112,isOtherCust,bit,1,1,0,False,False,((0)),
CUSTOMER,113,isMekhrajiKargah,bit,1,1,0,False,False,((0)),
CUSTOMER,114,isAbKonandeh,bit,1,1,0,False,False,((0)),
CUSTOMER,115,isBonakdar,bit,1,1,0,False,False,((0)),
CUSTOMER,116,isGoldmaker,bit,1,1,0,False,False,((0)),
CUSTOMER,117,Mandehgold750,float,8,53,0,False,False,((0)),
CUSTOMER,118,MandehPelatin,float,8,53,0,False,False,((0)),
CUSTOMER,119,Etebargerami,float,8,53,0,False,False,((0)),
CUSTOMER,120,latitude,float,8,53,0,True,False,,
CUSTOMER,121,longitude,float,8,53,0,True,False,,
CUSTOMER,122,IsActive,bit,1,1,0,False,False,((1)),
CUSTOMER,123,AwardCustomer,bit,1,1,0,False,False,((0)),
CUSTOMER,124,Gender,int,4,10,0,False,False,((0)),
CUSTOMER,125,GroupId,nvarchar,6000,0,0,False,False,(''),Arabic_CI_AS
CUSTOMER,126,PriceHamkar,bit,1,1,0,False,False,((0)),
CUSTOMER,127,National_Code_F,varchar,50,0,0,True,False,,Arabic_CI_AS
CUSTOMER,128,Personal_Code_F,varchar,50,0,0,True,False,,Arabic_CI_AS
CUSTOMER,129,Companey_Code_F,varchar,50,0,0,True,False,,Arabic_CI_AS
CUSTOMER,130,UserCodeCust,int,4,10,0,False,False,((-1)),
CUSTOMER,131,BranchCodeCust,nvarchar,100,0,0,True,False,,Arabic_CI_AS
CUSTOMER,132,IsSupervisorCust,bit,1,1,0,False,False,((0)),
CUSTOMER,133,NTejaryCode,nvarchar,100,0,0,True,False,,Arabic_CI_AS
CUSTOMER,134,IsSeller,bit,1,1,0,False,False,((0)),
CUSTOMER,135,SellerWithTax,bit,1,1,0,False,False,((1)),
CUSTOMER,136,NotShowFormTax,bit,1,1,0,False,False,((0)),
CUSTOMER,137,Agent_Porsant_Mablaghi,float,8,53,0,False,False,((0)),
CUSTOMER,138,Register_Code,varchar,50,0,0,True,False,,Arabic_CI_AS
CustomerDetail,1,C_Index,int,4,10,0,False,True,,
CustomerDetail,2,C_Code,varchar,5,0,0,False,False,,Arabic_CI_AS
CustomerDetail,3,FileItem,image,16,0,0,True,False,,
CustomerDetail,4,FileName,varchar,50,0,0,True,False,,Arabic_CI_AS
CustomerDetail,5,FileExtension,char,4,0,0,True,False,,Arabic_CI_AS
CustomerGroup,1,GroupID,int,4,10,0,False,True,,
CustomerGroup,2,GroupName,varchar,255,0,0,True,False,,Arabic_CI_AS
CustomerSarfasl,1,id,bigint,8,19,0,False,True,,
CustomerSarfasl,2,CustCode,varchar,5,0,0,False,False,,Arabic_CI_AS
CustomerSarfasl,3,SarBed,varchar,11,0,0,True,False,,Arabic_CI_AS
CustomerSarfasl,4,SarBes,varchar,11,0,0,True,False,,Arabic_CI_AS
CustomerSarfasl,5,SarAmaniDar,varchar,11,0,0,True,False,,Arabic_CI_AS
CustomerSarfasl,6,SarAmaniPar,varchar,11,0,0,True,False,,Arabic_CI_AS
CustomerVaseteh,1,ID,int,4,10,0,False,True,,
CustomerVaseteh,2,C_Code,nvarchar,100,0,0,True,False,,Arabic_CI_AS
CustomerVaseteh,3,Vaseteh_Code,nvarchar,100,0,0,True,False,,Arabic_CI_AS
CustomerVaseteh,4,Vaseteh_Porsant,float,8,53,0,True,False,,
CustomerVaseteh,5,Agent,smallint,2,5,0,False,False,((0)),
CUSTOTH,1,Index,int,4,10,0,False,True,,
CUSTOTH,2,Fac_Code,nvarchar,12,0,0,True,False,,Arabic_CI_AS
CUSTOTH,3,Fac_Type,nvarchar,2,0,0,True,False,,Arabic_CI_AS
CUSTOTH,4,Fac_Code_C,int,4,10,0,True,False,,
CUSTOTH,5,C_Name,nvarchar,60,0,0,True,False,,Arabic_CI_AS
CUSTOTH,6,C_Tel,nvarchar,60,0,0,True,False,,Arabic_CI_AS
CUSTOTH,7,C_Address,nvarchar,300,0,0,True,False,,Arabic_CI_AS
DAFTARCH,1,MyIndex,int,4,10,0,False,True,,
DAFTARCH,2,Back_Number,int,4,10,0,True,False,,
DAFTARCH,3,Momaiez,int,4,10,0,True,False,,
DAFTARCH,4,Export_Date,datetime,8,23,3,True,False,,
DAFTARCH,5,C_Code,varchar,5,0,0,True,False,,Arabic_CI_AS
DAFTARCH,6,Bank_Code,varchar,10,0,0,True,False,,Arabic_CI_AS
DAFTARCH,7,Branch,varchar,30,0,0,True,False,,Arabic_CI_AS
DAFTARCH,8,Check_Number,varchar,20,0,0,True,False,,Arabic_CI_AS
DAFTARCH,9,Account_Number,varchar,10,0,0,True,False,,Arabic_CI_AS
DAFTARCH,10,Receive_Date,datetime,8,23,3,True,False,,
DAFTARCH,11,Cust,float,8,53,0,True,False,,
DAFTARCH,12,Girandeh,varchar,5,0,0,True,False,,Arabic_CI_AS
DAFTARCH,13,EndDate,datetime,8,23,3,True,False,,
DAFTARCH,14,Daryaft_Pardakht,bit,1,1,0,True,False,,
DAFTARCH,15,Select,bit,1,1,0,True,False,,
DastehCH,1,C_Code,varchar,5,0,0,False,False,,Arabic_CI_AS
DastehCH,2,Bank_Code,varchar,10,0,0,False,False,,Arabic_CI_AS
DastehCH,3,Account_n,varchar,50,0,0,False,False,,Arabic_CI_AS
DastehCH,4,Inc_Code,int,4,10,0,False,True,,
DastehCH,5,D_Start,bigint,8,19,0,True,False,,
DastehCH,6,D_End,bigint,8,19,0,True,False,,
DastehCH,7,UsedNumbers,varchar,8000,0,0,True,False,,Arabic_CI_AS
DastehCH,8,CheckEtebar,bit,1,1,0,False,False,((0)),
DastehCH,9,DateEtebar,datetime,8,23,3,True,False,,
DastehCH,10,CheckNumberBatel,nvarchar,1000,0,0,True,False,,Arabic_CI_AS
DefrentPrice,1,ID,int,4,10,0,False,True,,
DefrentPrice,2,Fac_Date,datetime,8,23,3,True,False,,
DefrentPrice,3,UserName,nvarchar,1000,0,0,True,False,,Arabic_CI_AS
DefrentPrice,4,UserCode,int,4,10,0,True,False,,
DefrentPrice,5,UserCodeAdmin,int,4,10,0,True,False,,
DefrentPrice,6,Sum_Naghd,float,8,53,0,True,False,,
DefrentPrice,7,Sum_Card,float,8,53,0,True,False,,
DefrentPrice,8,Sum_Nesieh,float,8,53,0,True,False,,
DefrentPrice,9,Sum_Bon,float,8,53,0,True,False,,
DefrentPrice,10,Sum_Price,float,8,53,0,True,False,,
DefrentPrice,11,FlagTasvieh,bit,1,1,0,False,False,((1)),
DefrentPrice,12,Fac_Time,datetime,8,23,3,True,False,,
DefrentPrice,13,Pos_Price1,float,8,53,0,True,False,((0)),
DefrentPrice,14,Pos_SarFasl1,varchar,11,0,0,True,False,(''),Arabic_CI_AS
DefrentPrice,15,Pos_Price2,float,8,53,0,True,False,((0)),
DefrentPrice,16,Pos_SarFasl2,varchar,11,0,0,True,False,(''),Arabic_CI_AS
DefrentPrice,17,Pos_Price3,float,8,53,0,True,False,((0)),
DefrentPrice,18,Pos_SarFasl3,varchar,11,0,0,True,False,(''),Arabic_CI_AS
DefrentPrice,19,Pos_Price4,float,8,53,0,True,False,((0)),
DefrentPrice,20,Pos_SarFasl4,varchar,11,0,0,True,False,(''),Arabic_CI_AS
DefrentPrice,21,Pos_Price5,float,8,53,0,True,False,((0)),
DefrentPrice,22,Pos_SarFasl5,varchar,11,0,0,True,False,(''),Arabic_CI_AS
DefrentPrice,23,Pos_Price6,float,8,53,0,True,False,((0)),
DefrentPrice,24,Pos_SarFasl6,varchar,11,0,0,True,False,(''),Arabic_CI_AS
DefrentPrice,25,Pos_Price7,float,8,53,0,True,False,((0)),
DefrentPrice,26,Pos_SarFasl7,varchar,11,0,0,True,False,(''),Arabic_CI_AS
DefrentPrice,27,Pos_Price8,float,8,53,0,True,False,((0)),
DefrentPrice,28,Pos_SarFasl8,varchar,11,0,0,True,False,(''),Arabic_CI_AS
DefrentPrice,29,Pos_Price9,float,8,53,0,True,False,((0)),
DefrentPrice,30,Pos_SarFasl9,varchar,11,0,0,True,False,(''),Arabic_CI_AS
DefrentPrice,31,Pos_Price10,float,8,53,0,True,False,((0)),
DefrentPrice,32,Pos_SarFasl10,varchar,11,0,0,True,False,(''),Arabic_CI_AS
DelFACTSPD,1,ID,int,4,10,0,False,False,,
DelFACTSPD,2,Fac_Code,int,4,10,0,False,False,,
DelFACTSPD,3,Index,smallint,2,5,0,False,False,,
DelFACTSPD,4,A_Code,varchar,7,0,0,True,False,,Arabic_CI_AS
DelFACTSPD,5,A_Name,varchar,60,0,0,True,False,,Arabic_CI_AS
DelFACTSPD,6,Few,float,8,53,0,True,False,,
DelFACTSPD,7,Price,float,8,53,0,True,False,,
DelFACTSPD,8,SellerCode,int,4,10,0,True,False,,
DelFACTSPD,9,C_Code,varchar,5,0,0,True,False,,Arabic_CI_AS
DelFACTSPD,10,DeleteTime,datetime,8,23,3,True,False,,
DelFACTSPD,11,UserCodeInc,int,4,10,0,True,False,,
DelFACTSPD,12,UserDelCodeInc,int,4,10,0,True,False,,
DelFACTSPD,13,Counter,bigint,8,19,0,False,True,,
DeliveryTimes,1,id,int,4,10,0,False,True,,
DeliveryTimes,2,DeliveryCounter,int,4,10,0,False,False,,
DifferDData,1,id,int,4,10,0,False,True,,
DifferDData,2,num,varchar,15,0,0,True,False,,Arabic_CI_AS
DifferDData,3,date,datetime,8,23,3,True,False,,
DifferDData,4,value,int,4,10,0,True,False,,
DifferDData,5,kindId,smallint,2,5,0,True,False,,
DifferDData,6,typeId,smallint,2,5,0,True,False,,
DifferDData,7,Index,int,4,10,0,True,False,,
DifferDData,8,differHDataId,int,4,10,0,True,False,,
DifferDiskette,1,id,int,4,10,0,False,True,,
DifferDiskette,2,fileType,smallint,2,5,0,True,False,,
DifferDiskette,3,masterStatus,smallint,2,5,0,True,False,,
DifferDiskette,4,fileDeclId,int,4,10,0,True,False,,
DifferDiskette,5,title,varchar,25,0,0,True,False,,Arabic_CI_AS
DifferDisketteToAccount,1,id,int,4,10,0,False,True,,
DifferDisketteToAccount,2,disketteId,int,4,10,0,True,False,,
DifferDisketteToAccount,3,Bank_Code,varchar,10,0,0,True,False,,Arabic_CI_AS
DifferDisketteToAccount,4,Account_N,varchar,18,0,0,True,False,,Arabic_CI_AS
DifferEqualize,1,id,int,4,10,0,False,True,,
DifferEqualize,2,DifferDDataId,int,4,10,0,True,False,,
DifferEqualize,3,Index,int,4,10,0,True,False,,
DifferFileDeclDBF,1,id,int,4,10,0,False,True,,
DifferFileDeclDBF,2,lineNo,bit,1,1,0,True,False,,
DifferFileDeclDBF,3,lineCnt,smallint,2,5,0,True,False,,
DifferFileDeclDBF,4,dateLen,smallint,2,5,0,True,False,,
DifferFileDeclDBF,5,dateKind,bit,1,1,0,True,False,,
DifferFileDeclDBF,6,dateSeprator,smallint,2,5,0,True,False,,
DifferFileDeclDBF,7,diskNumName,varchar,25,0,0,True,False,,Arabic_CI_AS
DifferFileDeclDBF,8,diskNumType,smallint,2,5,0,True,False,,
DifferFileDeclDBF,9,startDateName,varchar,25,0,0,True,False,,Arabic_CI_AS
DifferFileDeclDBF,10,endDateName,varchar,25,0,0,True,False,,Arabic_CI_AS
DifferFileDeclDBF,11,docNumName,varchar,25,0,0,True,False,,Arabic_CI_AS
DifferFileDeclDBF,12,docNumType,smallint,2,5,0,True,False,,
DifferFileDeclDBF,13,docDateName,varchar,25,0,0,True,False,,Arabic_CI_AS
DifferFileDeclDBF,14,docValueName,varchar,25,0,0,True,False,,Arabic_CI_AS
DifferFileDeclDBF,15,docValueType,smallint,2,5,0,True,False,,
DifferFileDeclDBF,16,docKindName,varchar,25,0,0,True,False,,Arabic_CI_AS
DifferFileDeclDBF,17,docKindType,smallint,2,5,0,True,False,,
DifferFileDeclDBF,18,docTypeName,varchar,25,0,0,True,False,,Arabic_CI_AS
DifferFileDeclDBF,19,docTypeType,smallint,2,5,0,True,False,,
DifferFileDeclTxt,1,id,int,4,10,0,False,True,,
DifferFileDeclTxt,2,lineNo,bit,1,1,0,True,False,,
DifferFileDeclTxt,3,lineCnt,smallint,2,5,0,True,False,,
DifferFileDeclTxt,4,dateLen,smallint,2,5,0,True,False,,
DifferFileDeclTxt,5,dateKind,bit,1,1,0,True,False,,
DifferFileDeclTxt,6,dateSeprator,smallint,2,5,0,True,False,,
DifferFileDeclTxt,7,diskNumPos,smallint,2,5,0,True,False,,
DifferFileDeclTxt,8,diskNumLen,smallint,2,5,0,True,False,,
DifferFileDeclTxt,9,startDatePos,smallint,2,5,0,True,False,,
DifferFileDeclTxt,10,endDatePos,smallint,2,5,0,True,False,,
DifferFileDeclTxt,11,docNumPos,smallint,2,5,0,True,False,,
DifferFileDeclTxt,12,docNumLen,smallint,2,5,0,True,False,,
DifferFileDeclTxt,13,docDatePos,smallint,2,5,0,True,False,,
DifferFileDeclTxt,14,docValuePos,smallint,2,5,0,True,False,,
DifferFileDeclTxt,15,docValueLen,smallint,2,5,0,True,False,,
DifferFileDeclTxt,16,docKindPos,smallint,2,5,0,True,False,,
DifferFileDeclTxt,17,docKindLen,smallint,2,5,0,True,False,,
DifferFileDeclTxt,18,docTypePos,smallint,2,5,0,True,False,,
DifferFileDeclTxt,19,docTypeLen,smallint,2,5,0,True,False,,
DifferHData,1,id,int,4,10,0,False,True,,
DifferHData,2,num,varchar,15,0,0,True,False,,Arabic_CI_AS
DifferHData,3,startDate,datetime,8,23,3,True,False,,
DifferHData,4,endDate,datetime,8,23,3,True,False,,
DifferHData,5,account_N,varchar,18,0,0,True,False,,Arabic_CI_AS
DifferHData,6,Bank_Code,varchar,10,0,0,True,False,,Arabic_CI_AS
DifferTypes,1,id,int,4,10,0,False,True,,
DifferTypes,2,means,varchar,20,0,0,True,False,,Arabic_CI_AS
DifferTypes,3,concept,smallint,2,5,0,True,False,,
DifferTypes,4,disketteId,int,4,10,0,True,False,,
DifferTypes,5,Kind,smallint,2,5,0,True,False,,
DifferTypeValue,1,id,int,4,10,0,False,True,,
DifferTypeValue,2,value,varchar,20,0,0,True,False,,Arabic_CI_AS
DifferTypeValue,3,typeId,int,4,10,0,True,False,,
DressBuildFormol,1,Id,int,4,10,0,False,True,,
DressBuildFormol,2,FormolName,varchar,200,0,0,True,False,,Arabic_CI_AS
DressBuildFormol,3,Formol_Id,int,4,10,0,False,False,,
DressBuildFormol,4,A_Type,varchar,1,0,0,False,False,,Arabic_CI_AS
DressBuildFormol,5,A_Code,varchar,7,0,0,False,False,,Arabic_CI_AS
DressBuildFormol,6,A_Index,int,4,10,0,True,False,,
DressBuildFormol,7,Roll,float,8,53,0,False,False,((0)),
DressBuildFormol,8,Metr,float,8,53,0,False,False,((0)),
DressBuildFormol,9,Yard,float,8,53,0,False,False,((0)),
DressBuildFormol,10,Color,int,4,10,0,False,False,,
DressToCutter,1,DC_Code,int,4,10,0,False,True,,
DressToCutter,2,CT_Code,varchar,5,0,0,True,False,,Arabic_CI_AS
DressToCutter,3,CT_Date,datetime,8,23,3,True,False,,
DressToCutter,4,T_Code,varchar,5,0,0,True,False,,Arabic_CI_AS
DressToCutter,5,T_Date,datetime,8,23,3,True,False,,
DressToCutter,6,State,smallint,2,5,0,False,False,((0)),
DressToCutter,7,DC_Code_C,int,4,10,0,False,False,((0)),
DressToCutter_Detail,1,Id,int,4,10,0,False,True,,
DressToCutter_Detail,2,DC_Code,int,4,10,0,False,False,,
DressToCutter_Detail,3,A_Index,int,4,10,0,False,False,,
DressToCutter_Detail,4,A_Code,varchar,7,0,0,False,False,,Arabic_CI_AS
DressToCutter_Detail,5,A_Area,float,8,53,0,False,False,((0)),
DressToCutter_Detail,6,CT_Count,float,8,53,0,False,False,((0)),
DressToCutter_Detail,7,CT_Area,float,8,53,0,False,False,((0)),
DressToCutter_Detail,8,CT_Price,float,8,53,0,False,False,((0)),
DressToCutter_Detail,9,Cutt_Date,datetime,8,23,3,True,False,,
DressToCutter_Detail,10,A_Code_B,varchar,7,0,0,True,False,,Arabic_CI_AS
DressToCutter_Detail,11,Lining,float,8,53,0,False,False,((0)),
DressToCutter_Detail,12,Series_Count,float,8,53,0,False,False,((0)),
DressToCutter_Detail,13,Roll_Bottom,float,8,53,0,False,False,((0)),
DressToCutter_Detail,14,CountForBuild,float,8,53,0,False,False,((0)),
DressToCutter_Detail,15,Count_Builded,float,8,53,0,False,False,((0)),
DressToCutter_Detail,16,Sewing_Cost,float,8,53,0,False,False,((0)),
DressToCutter_Detail,17,Build_Sewing_Cost,float,8,53,0,False,False,((0)),
DressToCutter_Detail,18,Westage_Count,float,8,53,0,False,False,((0)),
DressToCutter_Detail,19,C_State,smallint,2,5,0,False,False,((0)),
DressToCutter_Detail,20,NumBild,int,4,10,0,False,False,((0)),
DressToCutter_Detail,21,Fac_Code_Z,varchar,6,0,0,False,False,('000000'),Arabic_CI_AS
DressToCutter_Detail,22,DC_Code_TOCutter,int,4,10,0,False,False,((0)),
DressToCutter_Detail,23,Sanad_Code,int,4,10,0,True,False,,
DressToCutter_Detail,24,ModelColor,int,4,10,0,True,False,,
DressToCutter_Detail,25,FormolId,int,4,10,0,True,False,,
DrugList,1,Id,int,4,10,0,False,True,,
DrugList,2,A_Name,varchar,255,0,0,True,False,,Arabic_CI_AS
DrugList,3,A_NameFarsi,varchar,255,0,0,True,False,,Arabic_CI_AS
DrugList,4,Buy_Price,float,8,53,0,True,False,,
DrugList,5,Sel_Price,float,8,53,0,True,False,,
DrugList,6,IsTransed,bit,1,1,0,False,False,((0)),
DrugList,7,Selected,bit,1,1,0,False,False,((0)),
DrugList,8,Flag,bit,1,1,0,False,False,((0)),
EntezarM,1,C_Code,varchar,5,0,0,False,False,,Arabic_CI_AS
EntezarM,2,TimeIn,datetime,8,23,3,False,False,,
EntezarM,3,DateIn,datetime,8,23,3,False,False,,
Estkhdam,1,CodeInc,int,4,10,0,False,True,,
Estkhdam,2,NameEstekhdam,varchar,20,0,0,True,False,,Arabic_CI_AS
EventName,1,Id,int,4,10,0,False,True,,
EventName,2,Name,nvarchar,400,0,0,True,False,,Arabic_CI_AS
FAC_BILD,1,Fac_Code,varchar,6,0,0,False,False,,Arabic_CI_AS
FAC_BILD,2,A_Code,varchar,7,0,0,False,False,,Arabic_CI_AS
FAC_BILD,3,A_Index,int,4,10,0,False,False,((0)),
FAC_BILD,4,A_Type,varchar,1,0,0,True,False,,Arabic_CI_AS
FAC_BILD,5,Fac_Code_C,int,4,10,0,True,False,,
FAC_BILD,6,Fac_Date,datetime,8,23,3,True,False,,
FAC_BILD,7,Fac_Time,datetime,8,23,3,True,False,,
FAC_BILD,8,Few,float,8,53,0,True,False,,
FAC_BILD,9,Few2,float,8,53,0,True,False,,
FAC_BILD,10,Price_BS,float,8,53,0,True,False,,
FAC_BILD,11,Price_Hazineh,float,8,53,0,True,False,,
FAC_BILD,12,Price_Hazineh1,float,8,53,0,True,False,,
FAC_BILD,13,Price_Hazineh2,float,8,53,0,True,False,,
FAC_BILD,14,Price_Hazineh3,float,8,53,0,True,False,,
FAC_BILD,15,Comment,text,16,0,0,True,False,,Arabic_CI_AS
FAC_BILD,16,Extra_Field,varchar,12,0,0,True,False,,Arabic_CI_AS
FAC_BILD,17,Bild_Or_Tajzieh,varchar,1,0,0,False,False,,Arabic_CI_AS
FAC_BILD,18,Sanad_Code,int,4,10,0,True,False,,
FAC_BILD,19,ExtraHazineh_InBuyPrice,float,8,53,0,True,False,,
FAC_BILD,20,Bar_NO,float,8,53,0,True,False,,
FAC_BILD,21,resid_NO,float,8,53,0,True,False,((0)),
FAC_BILD,22,HSarfasl1,varchar,11,0,0,True,False,,Arabic_CI_AS
FAC_BILD,23,HSarfasl2,varchar,11,0,0,True,False,,Arabic_CI_AS
FAC_BILD,24,TypeSarshekan,int,4,10,0,True,False,,
FAC_BILD,25,UsedByUser,varchar,50,0,0,True,False,,Arabic_CI_AS
FAC_BILD,26,HSarfasl3,varchar,11,0,0,True,False,,Arabic_CI_AS
FAC_BILD,27,Type_Hazineh,tinyint,1,3,0,False,False,((0)),
FAC_BILD,28,FacArtic_Comment,text,16,0,0,True,False,,Arabic_CI_AS
FAC_BILD,29,ACode_C,varchar,50,0,0,True,False,,Arabic_CI_AS
FAC_BILD,30,Tool,varchar,10,0,0,True,False,((1)),Arabic_CI_AS
FAC_BILD,31,Arz,varchar,10,0,0,True,False,((1)),Arabic_CI_AS
FAC_BILD,32,ToolArzType,varchar,1,0,0,True,False,,Arabic_CI_AS
FAC_BILD,33,Ghotr,varchar,10,0,0,True,False,((1)),Arabic_CI_AS
FAC_BILD,34,Tedad,varchar,10,0,0,True,False,((1)),Arabic_CI_AS
FAC_BILD,35,Metr,varchar,10,0,0,True,False,((1)),Arabic_CI_AS
FAC_BILD,36,FormulaId,int,4,10,0,False,False,((0)),
FAC_BILD,37,Review,bit,1,1,0,True,False,,
FAC_BILD,38,CalcFew,bit,1,1,0,False,False,((0)),
FAC_BILD,39,ExtraFew,float,8,53,0,True,False,,
FAC_SER,1,Fac_Code,varchar,6,0,0,False,False,,Arabic_CI_AS
FAC_SER,2,Fac_Type,varchar,1,0,0,False,False,,Arabic_CI_AS
FAC_SER,3,A_Code,varchar,7,0,0,False,False,,Arabic_CI_AS
FAC_SER,4,A_Serial,nvarchar,100,0,0,False,False,,Arabic_CI_AS
FAC_SER,5,A_Index,int,4,10,0,False,False,,
FAC_SER,6,Bild_or_tajzieh,char,1,0,0,True,False,(''),Arabic_CI_AS
FAC_SER,7,Index,int,4,10,0,False,False,((0)),
FAC_SER,8,Guarantor,nvarchar,60,0,0,True,False,,Arabic_CI_AS
FAC_SER,9,BuyDate,datetime,8,23,3,True,False,,
FAC_SER,10,GuaranteeDuration,int,4,10,0,True,False,,
FAC_SER,11,Comment,nvarchar,200,0,0,True,False,,Arabic_CI_AS
FAC_SER,12,ID,int,4,10,0,False,False,((0)),
FAC_SER,13,Tracking_Code,nvarchar,100,0,0,True,False,,Arabic_CI_AS
FACTART,1,Fac_Code,varchar,6,0,0,False,False,,Arabic_CI_AS
FACTART,2,Fac_Type,varchar,1,0,0,False,False,,Arabic_CI_AS
FACTART,3,A_Code,varchar,7,0,0,False,False,,Arabic_CI_AS
FACTART,4,A_Index,smallint,2,5,0,False,False,,
FACTART,5,Few_Article,float,8,53,0,True,False,,
FACTART,6,Few_Article2,float,8,53,0,True,False,,
FACTART,7,Price_BS,float,8,53,0,True,False,,
FACTART,8,FacArtic_Comment,nvarchar,8000,0,0,True,False,,Arabic_CI_AS
FACTART,9,Buy_Price,float,8,53,0,True,False,,
FACTART,10,Money_Code,int,4,10,0,True,False,,
FACTART,11,Price_Dollari,float,8,53,0,True,False,,
FACTART,12,DarsadTakhfif,float,8,53,0,True,False,,
FACTART,13,HlpFieldS,varchar,30,0,0,True,False,,Arabic_CI_AS
FACTART,14,CompNumber,varchar,2,0,0,True,False,,Arabic_CI_AS
FACTART,15,VahedCode,smallint,2,5,0,True,False,,
FACTART,16,VahedFew,float,8,53,0,True,False,,
FACTART,17,ArtExist,float,8,53,0,True,False,,
FACTART,18,DarsadPorsant,float,8,53,0,True,False,,
FACTART,19,DarsadHaz,float,8,53,0,True,False,,
FACTART,20,ArtClassSIndex,int,4,10,0,True,False,,
FACTART,21,Few2_Or_Few,bit,1,1,0,True,False,,
FACTART,22,Price_BS2,float,8,53,0,True,False,,
FACTART,23,FewKarton,float,8,53,0,True,False,,
FACTART,24,FewBasteh,float,8,53,0,True,False,,
FACTART,25,TakhfifSatriR,float,8,53,0,True,False,,
FACTART,26,Tool_Arz,bit,1,1,0,True,False,,
FACTART,27,Tool,varchar,50,0,0,True,False,,Arabic_CI_AS
FACTART,28,Arz,varchar,10,0,0,True,False,,Arabic_CI_AS
FACTART,30,Tedad,float,8,53,0,True,False,,
FACTART,31,Metr,float,8,53,0,True,False,,
FACTART,32,ToolArzType,varchar,1,0,0,True,False,,Arabic_CI_AS
FACTART,33,Ghotr,varchar,10,0,0,True,False,,Arabic_CI_AS
FACTART,34,Darsad_Type,bit,1,1,0,True,False,,
FACTART,35,Levy,float,8,53,0,True,False,((0)),
FACTART,36,Scot,float,8,53,0,True,False,((0)),
FACTART,37,Takhfif_kharid,float,8,53,0,True,False,,
FACTART,38,IsCMS,bit,1,1,0,True,False,,
FACTART,39,ACode_C,varchar,50,0,0,True,False,,Arabic_CI_AS
FACTART,40,GDarsadSoodF,float,8,53,0,False,False,((0)),
FACTART,41,Ojrat_Price,float,8,53,0,False,False,((0)),
FACTART,42,M_Ojrat,float,8,53,0,False,False,((0)),
FACTART,43,J_Ojrat,float,8,53,0,False,False,((0)),
FACTART,44,HazineHamlPrice,float,8,53,0,False,False,((0)),
FACTART,45,PricePay,float,8,53,0,False,False,((0)),
FACTART,46,HazTypePay,smallint,2,5,0,False,False,((0)),
FACTART,47,HazArtSelect,smallint,2,5,0,False,False,((0)),
FACTART,48,Vaseteh_Code,varchar,5,0,0,True,False,,Arabic_CI_AS
FACTART,49,Cust_Porsant,float,8,53,0,False,False,((0)),
FACTART,50,Sel_Price,float,8,53,0,True,False,,
FACTART,51,Sakht_Ojrat,float,8,53,0,False,False,((0)),
FACTART,52,Abkari_Ojrat,float,8,53,0,False,False,((0)),
FACTART,53,SumTakhfifSatri_P,float,8,53,0,False,False,((0)),
FACTART,54,CheckTakhfifSood,bit,1,1,0,True,False,,
FACTART,55,SumPorsantSatri_P,float,8,53,0,False,False,((0)),
FACTART,56,SumPorsantKoli_P,float,8,53,0,False,False,((0)),
FACTART,57,EndBuy_Price,float,8,53,0,False,False,((0)),
FACTART,58,EXPDate,datetime,8,23,3,True,False,,
FACTART,59,ZSarfaslCode,nvarchar,100,0,0,True,False,,Arabic_CI_AS
FACTART,60,Sigar_Levy,float,8,53,0,False,False,((0)),
FACTART,61,Sigar_Scot,float,8,53,0,False,False,((0)),
FACTART,62,SelPriceID,int,4,10,0,False,False,((1)),
FACTART,63,KH_Garanty,bit,1,1,0,False,False,((0)),
FACTART,64,FewinBasteh,float,8,53,0,True,False,,
FACTART,65,FewTempPrice,float,8,53,0,False,False,((0)),
FACTART,66,DarsadTempPrice,float,8,53,0,False,False,((0)),
FACTART,67,EndBuy_PriceK,float,8,53,0,True,False,,
FACTART,68,Seller_C_Code,varchar,5,0,0,True,False,,Arabic_CI_AS
FACTART,69,Commission,float,8,53,0,True,False,,
FACTART,70,k_Fac_Code_C,nvarchar,60,0,0,True,False,,Arabic_CI_AS
FACTART,71,tool_mandeh,nvarchar,60,0,0,True,False,,Arabic_CI_AS
FACTART,72,A_IndexK_FacCode,int,4,10,0,True,False,,
FACTART,73,k_FacType,varchar,1,0,0,True,False,,Arabic_CI_AS
FACTART,74,loadFromOldYaer,bit,1,1,0,True,False,,
FACTART,75,DeliveryTimeId,int,4,10,0,True,False,,
FACTART,76,Deliverdcount,float,8,53,0,True,False,,
FACTART,77,cutTax,nvarchar,8,0,0,True,False,,Arabic_CI_AS
FACTART,78,exrTax,float,8,53,0,True,False,,
FACTART,79,nwTax,float,8,53,0,True,False,,
FACTART,80,ssrvTax,float,8,53,0,True,False,,
FACTART,81,sscvTax,float,8,53,0,True,False,,
FACTART,82,TSayer,float,8,53,0,True,False,,
FACTART,83,ISSabegheDelete,bit,1,1,0,False,False,((0)),
FACTART,84,Seller_Commission_Percent,float,8,53,0,False,False,((0)),
FACTART,85,FirstWeight,float,8,53,0,True,False,,
FACTART,86,LastWeight,float,8,53,0,True,False,,
FACTART,87,Seller_Kind_Vat,int,4,10,0,False,False,((1)),
FACTART,88,ConvertState,int,4,10,0,False,False,((0)),
FACTART,89,ConvertStateOLD,int,4,10,0,True,False,,
FACTART,90,Fac_Comment,nvarchar,8000,0,0,True,False,,Arabic_CI_AS
FactOther,1,Fac_Code,nvarchar,20,0,0,False,False,,Arabic_CI_AS
FactOther,2,Fac_Type,nvarchar,2,0,0,False,False,,Arabic_CI_AS
FactOther,3,C_Name,nvarchar,8000,0,0,True,False,,Arabic_CI_AS
FactOther,4,C_Address,nvarchar,8000,0,0,True,False,,Arabic_CI_AS
FactOther,5,C_Mobile,nvarchar,200,0,0,True,False,,Arabic_CI_AS
FactOther,6,C_Tel,nvarchar,200,0,0,True,False,,Arabic_CI_AS
FactOther,7,Address_Id,int,4,10,0,True,False,,
FactOther,8,Tell_Id,int,4,10,0,True,False,,
FactOther,9,Mobile_Id,int,4,10,0,True,False,,
FactOther,10,C_Code,nvarchar,10,0,0,True,False,,Arabic_CI_AS
FACTSPD,1,Fac_Code,int,4,10,0,False,False,,
FACTSPD,2,Index,smallint,2,5,0,False,False,,
FACTSPD,3,A_Code,varchar,7,0,0,True,False,,Arabic_CI_AS
FACTSPD,4,A_Name,varchar,60,0,0,True,False,,Arabic_CI_AS
FACTSPD,7,Few,float,8,53,0,True,False,,
FACTSPD,8,Price,float,8,53,0,True,False,,
FACTSPD,9,SellerCode,int,4,10,0,True,False,,
FACTSPD,10,SaveFlag,bit,1,1,0,True,False,,
FACTSPD,11,Bon,int,4,10,0,True,False,,
FACTSPD,12,C_Code,varchar,5,0,0,True,False,,Arabic_CI_AS
FACTSPD,13,StartTime,datetime,8,23,3,True,False,,
FACTSPD,14,PeikCode,varchar,5,0,0,False,False,(''),Arabic_CI_AS
FACTSPD,15,UserCodeInc,int,4,10,0,True,False,,
FACTSPD,16,SaveName,varchar,60,0,0,True,False,,Arabic_CI_AS
FACTSPD,17,Fac_Comment,varchar,70,0,0,True,False,,Arabic_CI_AS
FACTSPD,18,Levy,float,8,53,0,True,False,,
FACTSPD,19,Scot,float,8,53,0,True,False,,
FACTSPD,20,Fac_Date,datetime,8,23,3,True,False,,
FACTSPD,21,Fac_Time,datetime,8,23,3,True,False,,
FACTSPD,22,ACode_C,varchar,50,0,0,True,False,,Arabic_CI_AS
FACTTARH,1,ComponentName,varchar,100,0,0,False,False,,Arabic_CI_AS
FACTTARH,2,FFont_Color,int,4,10,0,True,False,,
FACTTARH,3,LFont_Color,int,4,10,0,True,False,,
FACTTARH,4,FFont_Name,varchar,50,0,0,True,False,,Arabic_CI_AS
FACTTARH,5,LFont_Name,varchar,50,0,0,True,False,,Arabic_CI_AS
FACTTARH,6,FFont_Size,int,4,10,0,True,False,,
FACTTARH,7,LFont_Size,int,4,10,0,True,False,,
FACTTARH,8,FFont_Style,smallint,2,5,0,True,False,,
FACTTARH,9,LFont_Style,smallint,2,5,0,True,False,,
FACTTARH,10,FTop,smallint,2,5,0,True,False,,
FACTTARH,11,LTop,smallint,2,5,0,True,False,,
FACTTARH,12,FLeft,smallint,2,5,0,True,False,,
FACTTARH,13,LLeft,smallint,2,5,0,True,False,,
FACTTARH,14,FName,varchar,100,0,0,True,False,,Arabic_CI_AS
FACTTARH,15,LName,varchar,100,0,0,True,False,,Arabic_CI_AS
FACTTARH,16,FHeight,smallint,2,5,0,True,False,,
FACTTARH,17,LHeight,smallint,2,5,0,True,False,,
FACTTARH,18,FWidth,smallint,2,5,0,True,False,,
FACTTARH,19,LWidth,smallint,2,5,0,True,False,,
FACTTARH,20,Kind,varchar,1,0,0,True,False,,Arabic_CI_AS
FACTURE,1,Fac_Code,varchar,6,0,0,False,False,,Arabic_CI_AS
FACTURE,2,Fac_Type,varchar,1,0,0,False,False,,Arabic_CI_AS
FACTURE,3,Fac_Code_C,int,4,10,0,True,False,,
FACTURE,4,C_Code,varchar,5,0,0,True,False,,Arabic_CI_AS
FACTURE,5,Fac_Date,datetime,8,23,3,True,False,,
FACTURE,6,Fac_Time,datetime,8,23,3,True,False,,
FACTURE,7,Sum_Price,float,8,53,0,True,False,,
FACTURE,8,Sum_Few,float,8,53,0,True,False,,
FACTURE,9,Fac_Comment,nvarchar,8000,0,0,True,False,,Arabic_CI_AS
FACTURE,10,PageFooter,nvarchar,8000,0,0,True,False,,Arabic_CI_AS
FACTURE,11,FNaghd,float,8,53,0,True,False,,
FACTURE,12,FCheck,float,8,53,0,True,False,,
FACTURE,13,FNesieh,float,8,53,0,True,False,,
FACTURE,14,TasviehDate,datetime,8,23,3,True,False,,
FACTURE,15,Takhfif,float,8,53,0,True,False,,
FACTURE,16,UserCode,int,4,10,0,True,False,,
FACTURE,17,Sanad_Code,int,4,10,0,True,False,,
FACTURE,18,Delete,bit,1,1,0,True,False,,
FACTURE,19,HlpFieldL,bit,1,1,0,True,False,,
FACTURE,20,ShowPrice,bit,1,1,0,True,False,,
FACTURE,21,DAmozesh,float,8,53,0,True,False,,
FACTURE,22,DShahrdary,float,8,53,0,True,False,,
FACTURE,23,DCEghtesad,float,8,53,0,True,False,,
FACTURE,24,DMaliat,float,8,53,0,True,False,,
FACTURE,25,HazFactK,float,8,53,0,True,False,,
FACTURE,26,Num_Havaleh,float,8,53,0,True,False,,
FACTURE,27,RoundFact,float,8,53,0,True,False,,
FACTURE,28,NaghdCheck,bit,1,1,0,True,False,,
FACTURE,29,DateUser,nvarchar,20,0,0,True,False,,Arabic_CI_AS
FACTURE,30,TimeUser,nvarchar,16,0,0,True,False,,Arabic_CI_AS
FACTURE,31,CorrectDateTasvieh,datetime,8,23,3,True,False,,
FACTURE,32,DarsadDirkardTasvieh,float,8,53,0,True,False,,
FACTURE,33,HazSarfasl,nvarchar,22,0,0,True,False,,Arabic_CI_AS
FACTURE,34,Card,float,8,53,0,True,False,,
FACTURE,35,Sum_Levy,float,8,53,0,True,False,((0)),
FACTURE,36,Sum_Scot,float,8,53,0,True,False,((0)),
FACTURE,37,Fac_State,smallint,2,5,0,True,False,((0)),
FACTURE,38,IsLevyAndScot,bit,1,1,0,True,False,,
FACTURE,39,IsCMS,bit,1,1,0,True,False,,
FACTURE,40,OldDAmoozesh,float,8,53,0,True,False,,
FACTURE,41,OldDShahrdary,float,8,53,0,True,False,,
FACTURE,42,Kind_Vat,smallint,2,5,0,True,False,,
FACTURE,43,Creation_Date,datetime,8,23,3,True,False,,
FACTURE,44,Naghd_Moddat,bit,1,1,0,True,False,((0)),
FACTURE,45,Res_ServicePrice,float,8,53,0,True,False,,
FACTURE,46,Res_HazPrice,float,8,53,0,True,False,,
FACTURE,47,Tala,varchar,20,0,0,True,False,,Arabic_CI_AS
FACTURE,48,Dollar,varchar,20,0,0,True,False,,Arabic_CI_AS
FACTURE,49,FCode_ChangeGold,int,4,10,0,False,False,((0)),
FACTURE,50,Selection,bit,1,1,0,True,False,,
FACTURE,51,ResFac_Code_C,nvarchar,100,0,0,True,False,,Arabic_CI_AS
FACTURE,52,Choice,bit,1,1,0,False,False,((0)),
FACTURE,53,UserSell,int,4,10,0,True,False,,
FACTURE,54,SayerAvarez,float,8,53,0,False,False,((0)),
FACTURE,55,Fac_Time_Res,nvarchar,10,0,0,True,False,(NULL),Arabic_CI_AS
FACTURE,56,Res_Alias_Name,nvarchar,100,0,0,True,False,(NULL),Arabic_CI_AS
FACTURE,57,UseSarsheKan,bit,1,1,0,False,False,((0)),
FACTURE,58,HazHamlFact,float,8,53,0,False,False,((0)),
FACTURE,59,SumTakhfif_P,float,8,53,0,False,False,((0)),
FACTURE,60,Takhfif_P_KolFact,float,8,53,0,False,False,((0)),
FACTURE,61,FBon,float,8,53,0,False,False,((0)),
FACTURE,62,Bon_No,varchar,20,0,0,True,False,,Arabic_CI_AS
FACTURE,63,StateFactForKartabl,bit,1,1,0,False,False,((1)),
FACTURE,64,AcceptOrRejectSuperVisor,bit,1,1,0,False,False,((0)),
FACTURE,65,Vaset_delayvalue,float,8,53,0,False,False,((0)),
FACTURE,66,OrderId,int,4,10,0,False,False,((0)),
FACTURE,67,IsAnb,bit,1,1,0,False,False,((0)),
FACTURE,68,Date_havaleh,nvarchar,20,0,0,True,False,,Arabic_CI_AS
FACTURE,69,InsuranceId,smallint,2,5,0,True,False,,
FACTURE,70,InsuranceNo,varchar,20,0,0,True,False,,Arabic_CI_AS
FACTURE,71,MedicalNo,varchar,20,0,0,True,False,,Arabic_CI_AS
FACTURE,72,Res_Alias_Mobile,varchar,60,0,0,True,False,,Arabic_CI_AS
FACTURE,73,RetFacCode,nvarchar,100,0,0,True,False,,Arabic_CI_AS
FACTURE,74,KartonBastehclcType,smallint,2,5,0,False,False,((0)),
FACTURE,75,FlagReciveAgent,int,4,10,0,False,False,((0)),
FACTURE,76,Sum_Sigar_Levy,float,8,53,0,False,False,((0)),
FACTURE,77,Sum_Sigar_Scot,float,8,53,0,False,False,((0)),
FACTURE,78,GoldFacType,int,4,10,0,False,False,((0)),
FACTURE,79,KH_SumGaranty,float,8,53,0,False,False,((0)),
FACTURE,80,FRent,float,8,53,0,False,False,((0)),
FACTURE,81,HazinehBar,float,8,53,0,False,False,((0)),
FACTURE,82,FbailPreId,int,4,10,0,False,False,((0)),
FACTURE,83,FbailPreUserCode,int,4,10,0,False,False,((0)),
FACTURE,84,Time_In,datetime,8,23,3,True,False,,
FACTURE,85,Time_Out,datetime,8,23,3,True,False,,
FACTURE,86,SoodOfVaseteh,float,8,53,0,False,False,((0)),
FACTURE,87,checkKartableBeforeAdmin,bit,1,1,0,False,False,((0)),
FACTURE,88,AcceptOrRejectAdmin,int,4,10,0,False,False,((0)),
FACTURE,89,FTaxId,nvarchar,100,0,0,True,False,,Arabic_CI_AS
FACTURE,90,FTaxIdLog,nvarchar,1000,0,0,True,False,,Arabic_CI_AS
FACTURE,91,StateTax,int,4,10,0,True,False,,
FACTURE,92,UId,varchar,50,0,0,True,False,,Arabic_CI_AS
FACTURE,93,RefNumber,nvarchar,100,0,0,True,False,,Arabic_CI_AS
FACTURE,94,ErrorTax,nvarchar,8000,0,0,True,False,,Arabic_CI_AS
FACTURE,95,UIdLog,nvarchar,1000,0,0,True,False,,Arabic_CI_AS
FACTURE,96,RefNumberLog,nvarchar,1000,0,0,True,False,,Arabic_CI_AS
FACTURE,97,SerialFact,nvarchar,30,0,0,True,False,,Arabic_CI_AS
FACTURE,98,inty,int,4,10,0,True,False,,
FACTURE,99,SerialFactLog,nvarchar,1000,0,0,True,False,,Arabic_CI_AS
FACTURE,100,SendDateTax,datetime,8,23,3,True,False,,
FACTURE,101,CreateDateTax,datetime,8,23,3,True,False,,
FACTURE,102,Date_Tahvil,nvarchar,20,0,0,True,False,,Arabic_CI_AS
FACTURE,103,sclnTax,nvarchar,100,0,0,True,False,,Arabic_CI_AS
FACTURE,104,sccTax,nvarchar,100,0,0,True,False,,Arabic_CI_AS
FACTURE,105,cdcnTax,nvarchar,100,0,0,True,False,,Arabic_CI_AS
FACTURE,106,cdcdTax,datetime,8,23,3,True,False,,
FACTURE,107,crnTax,nvarchar,100,0,0,True,False,,Arabic_CI_AS
FACTURE,108,TBorsNumbere,nvarchar,100,0,0,True,False,,Arabic_CI_AS
FACTURE,109,THamlState,int,4,10,0,True,False,,
FACTURE,110,TNumBar,nvarchar,100,0,0,True,False,,Arabic_CI_AS
FACTURE,111,TSerialBar,nvarchar,100,0,0,True,False,,Arabic_CI_AS
FACTURE,112,TDateBar,datetime,8,23,3,True,False,,
FACTURE,113,IsCmsOrderCode,varchar,50,0,0,True,False,,Arabic_CI_AS
FACTURE,114,IsCmsDelete,bit,1,1,0,False,False,((0)),
FACTURE,115,DriverNumber,nvarchar,100,0,0,True,False,,Arabic_CI_AS
FACTURE,116,DriverName,nvarchar,200,0,0,True,False,,Arabic_CI_AS
FACTURE,117,DriverCode,nvarchar,200,0,0,True,False,,Arabic_CI_AS
FACTURE,118,ModeTasvieh,int,4,10,0,True,False,,
FACTURE,119,FtTax,int,4,10,0,True,False,,
FACTURE,120,bpnTax,nvarchar,40,0,0,True,False,,Arabic_CI_AS
FACTURE,121,bidTax,nvarchar,40,0,0,True,False,,Arabic_CI_AS
FACTURE,122,FHaval,float,8,53,0,False,False,((0)),
FACTURE,123,PorsantPelekani,float,8,53,0,True,False,,
FACTURE,124,Gold_0_18,float,8,53,0,True,False,,
FACTURE,125,Show_DaftarFact,bit,1,1,0,True,False,,
FACTURE,126,TaxConfirmedByCash,int,4,10,0,True,False,,
FACTURE,127,FKalaBarg,float,8,53,0,False,False,((0)),
FactureIRM,1,Fac_Code,varchar,6,0,0,False,False,,Arabic_CI_AS
FactureIRM,2,Fac_Type,varchar,1,0,0,False,False,,Arabic_CI_AS
FactureIRM,3,C_Code,varchar,5,0,0,True,False,,Arabic_CI_AS
FactureIRM,4,Fac_Date,datetime,8,23,3,True,False,,
FactureIRM,5,Fac_Time,datetime,8,23,3,True,False,,
FactureIRM,6,A_Index,int,4,10,0,True,False,,
FactureIRM,7,UserCode,int,4,10,0,True,False,,
FactureIRM,8,Sanad_Code,int,4,10,0,True,False,,
FactureIRM,9,Levy,float,8,53,0,True,False,,
FactureIRM,10,Scot,float,8,53,0,True,False,,
FactureIRM,11,RetFacCode,nvarchar,100,0,0,True,False,,Arabic_CI_AS
FactureIRM,12,A_Code,varchar,7,0,0,False,False,,Arabic_CI_AS
FactureIRM,13,A_Code_C,varchar,50,0,0,True,False,,Arabic_CI_AS
FactureIRM,14,Few_Article,float,8,53,0,True,False,,
FactureIRM,15,Price_BS,float,8,53,0,True,False,,
FactureIRM,16,Few_Article2,float,8,53,0,True,False,,
FactureIRM,17,TakhfifSatriR,float,8,53,0,True,False,,
FactureIRM,18,DarsadTakhfif,float,8,53,0,True,False,,
FactureIRM,19,Sum_Few,float,8,53,0,True,False,,
FactureIRM,20,Sum_Price,float,8,53,0,True,False,,
FactureIRM,21,FGuid,uniqueidentifier,16,0,0,True,False,,
FactureIRM,22,FactOrginal,bit,1,1,0,True,False,,
Farsh,1,C_Code,varchar,5,0,0,False,False,,Arabic_CI_AS
Farsh,2,Radef,int,4,10,0,False,False,,
Farsh,3,F_Index,int,4,10,0,False,True,,
Farsh,4,Num_Je,int,4,10,0,True,False,,
Farsh,5,Type_Je,nvarchar,100,0,0,True,False,,Arabic_CI_AS
Farsh,6,Color_M,nvarchar,100,0,0,True,False,,Arabic_CI_AS
Farsh,7,Color_H,nvarchar,100,0,0,True,False,,Arabic_CI_AS
Farsh,8,Col,float,8,53,0,True,False,,
Farsh,9,Wideh,float,8,53,0,True,False,,
Farsh,10,Masahat,float,8,53,0,True,False,,
Farsh,11,Date_W,nvarchar,100,0,0,True,False,,Arabic_CI_AS
Farsh,12,Date_Kh,nvarchar,100,0,0,True,False,,Arabic_CI_AS
Farsh,13,Name,nvarchar,60,0,0,True,False,,Arabic_CI_AS
Farsh,14,Ghabz_Num,int,4,10,0,True,False,,
Farsh,15,Fac_Code_C,int,4,10,0,True,False,,
Farsh,16,Select,bit,1,1,0,True,False,,
Farsh,17,Ghabz_Date,nvarchar,20,0,0,True,False,,Arabic_CI_AS
Farsh,18,Vaziat,nvarchar,30,0,0,True,False,,Arabic_CI_AS
FBAILPRE,1,Fac_Code,varchar,6,0,0,False,False,,Arabic_CI_AS
FBAILPRE,2,Fac_Type,varchar,1,0,0,False,False,,Arabic_CI_AS
FBAILPRE,3,Fac_Code_C,int,4,10,0,True,False,,
FBAILPRE,4,Fac_Date,datetime,8,23,3,True,False,,
FBAILPRE,5,Fac_Time,datetime,8,23,3,True,False,,
FBAILPRE,6,C_Code,varchar,5,0,0,True,False,,Arabic_CI_AS
FBAILPRE,7,Sum_Price,float,8,53,0,True,False,,
FBAILPRE,8,Fac_Comment,nvarchar,8000,0,0,True,False,,Arabic_CI_AS
FBAILPRE,9,Sanad_Code,int,4,10,0,True,False,,
FBAILPRE,10,Delete,bit,1,1,0,True,False,,
FBAILPRE,11,VasetehCode,varchar,5,0,0,True,False,,Arabic_CI_AS
FBAILPRE,12,VasetehPrice,float,8,53,0,True,False,,
FBAILPRE,13,Editing,bit,1,1,0,True,False,,
FBAILPRE,14,AmadehTahvil,bit,1,1,0,True,False,,
FBAILPRE,15,Takhfif,float,8,53,0,True,False,,
FBAILPRE,16,DateUser,nvarchar,20,0,0,True,False,,Arabic_CI_AS
FBAILPRE,17,TimeUser,nvarchar,10,0,0,True,False,,Arabic_CI_AS
FBAILPRE,18,PreFacIsUsed,bit,1,1,0,True,False,,
FBAILPRE,19,Num_Havaleh,float,8,53,0,True,False,,
FBAILPRE,20,UserCode,int,4,10,0,True,False,,
FBAILPRE,21,DAmozesh,float,8,53,0,False,False,((0)),
FBAILPRE,22,DShahrdary,float,8,53,0,False,False,((0)),
FBAILPRE,23,DCEghtesad,float,8,53,0,False,False,((0)),
FBAILPRE,24,Sum_Levy,float,8,53,0,True,False,,
FBAILPRE,25,Sum_Scot,float,8,53,0,True,False,,
FBAILPRE,26,tasvieh_date,datetime,8,23,3,True,False,,
FBAILPRE,27,Naghd_Moddat,bit,1,1,0,True,False,((0)),
FBAILPRE,28,OldDAmozesh,float,8,53,0,False,False,((0)),
FBAILPRE,29,OldDShahrdary,float,8,53,0,False,False,((0)),
FBAILPRE,30,Kind_Vat,smallint,2,5,0,True,False,,
FBAILPRE,31,HazFactK,float,8,53,0,True,False,,
FBAILPRE,32,Sanad_code_Invert,int,4,10,0,True,False,,
FBAILPRE,33,Sum_Sigar_Levy,float,8,53,0,False,False,((0)),
FBAILPRE,34,Sum_Sigar_Scot,float,8,53,0,False,False,((0)),
FBAILPRE,35,GoldFacType,int,4,10,0,False,False,((0)),
FBAILPRE,36,Id,int,4,10,0,False,True,,
FBAILPRE,37,selectR,bit,1,1,0,True,False,((0)),
FBAILPRE,38,HostName,varchar,50,0,0,True,False,(''),Arabic_CI_AS
FBAILPRE,39,Beianeh,float,8,53,0,True,False,((0)),
FBAILPRE,40,sanad_code_Beiane,int,4,10,0,True,False,((0)),
FBAILPRE,41,Gold_0_18,float,8,53,0,True,False,,
FCOUNECT,1,Fac_Code,varchar,10,0,0,False,False,,Arabic_CI_AS
FCOUNECT,2,Fac_Type,varchar,1,0,0,False,False,,Arabic_CI_AS
FCOUNECT,3,Counect_Code,varchar,5,0,0,False,False,,Arabic_CI_AS
FCOUNECT,4,Sanad_Code,int,4,10,0,False,False,,
FCOUNECT,5,C_Code,varchar,5,0,0,True,False,,Arabic_CI_AS
FCOUNECT,6,Darsad_Porsunt,float,8,53,0,True,False,,
FCOUNECT,7,Cust_Porsunt,float,8,53,0,True,False,,
FCOUNECT,9,CalcType,int,4,10,0,False,False,((1)),
FCOUNECT,10,SarFasl_Code,varchar,11,0,0,True,False,,Arabic_CI_AS
FCOUNECT,11,TakhfifType,bit,1,1,0,False,False,((1)),
FCOUNECT,12,A_Code,varchar,7,0,0,True,False,,Arabic_CI_AS
FCOUNECT,13,Priority,int,4,10,0,False,False,((1)),
FCOUNECT,14,Agent,int,4,10,0,False,False,((0)),
FCOUNECT,15,IDFcounect,int,4,10,0,False,True,,
FCOUNECT,16,Created_at,datetime,8,23,3,False,False,(getdate()),
FilterCustomerGroup,1,id,int,4,10,0,False,True,,
FilterCustomerGroup,2,GroupId,int,4,10,0,False,False,,
FilterCustomerGroup,3,Fac_Type,varchar,1,0,0,True,False,,Arabic_CI_AS
Formula,1,ID,int,4,10,0,False,True,,
Formula,2,F_Name,nvarchar,400,0,0,False,False,,Arabic_CI_AS
Formula,3,Formula,nvarchar,400,0,0,False,False,,Arabic_CI_AS
Formula,4,F_State,int,4,10,0,False,False,,
Formula,5,CanDelete,bit,1,1,0,True,False,((1)),
Formula,6,F_Type,int,4,10,0,False,False,((0)),
G_Age,1,G_Code,int,4,10,0,False,False,,
G_Age,2,G_Name,varchar,30,0,0,True,False,,Arabic_CI_AS
G_Age,3,MinAge,int,4,10,0,True,False,,
G_Age,4,MaxAge,int,4,10,0,True,False,,
Gar_Oth,1,G_Code,int,4,10,0,False,True,,
Gar_Oth,2,G_Code_C,int,4,10,0,True,False,,
Gar_Oth,3,G_Date,datetime,8,23,3,True,False,,
Gar_Oth,4,C_Code,nvarchar,10,0,0,True,False,,Arabic_CI_AS
Gar_Oth,5,Visit_Photo,nvarchar,120,0,0,True,False,,Arabic_CI_AS
Gar_Oth,6,Photo2,nvarchar,120,0,0,True,False,,Arabic_CI_AS
Gar_Oth,7,Photo3,nvarchar,120,0,0,True,False,,Arabic_CI_AS
Gar_Oth,8,Photo4,nvarchar,120,0,0,True,False,,Arabic_CI_AS
Gar_Oth,9,Photo5,nvarchar,120,0,0,True,False,,Arabic_CI_AS
Gar_Oth,10,Photo6,nvarchar,120,0,0,True,False,,Arabic_CI_AS
Gar_Oth,11,Photo7,nvarchar,120,0,0,True,False,,Arabic_CI_AS
Gar_Oth,12,Photo8,nvarchar,120,0,0,True,False,,Arabic_CI_AS
Gar_Oth,13,Photo_Comment,nvarchar,400,0,0,True,False,,Arabic_CI_AS
Gar_Oth,14,Khadamat1,nvarchar,120,0,0,True,False,,Arabic_CI_AS
Gar_Oth,15,Khadamat2,nvarchar,120,0,0,True,False,,Arabic_CI_AS
Gar_Oth,16,Khadamat3,nvarchar,120,0,0,True,False,,Arabic_CI_AS
Gar_Oth,17,Comment1,nvarchar,120,0,0,True,False,,Arabic_CI_AS
Gar_Oth,18,Comment2,nvarchar,200,0,0,True,False,,Arabic_CI_AS
Gar_Oth,19,Comment3,nvarchar,200,0,0,True,False,,Arabic_CI_AS
Gar_Oth,20,Comment4,nvarchar,400,0,0,True,False,,Arabic_CI_AS
Gar_Oth,21,Tel1,nvarchar,36,0,0,True,False,,Arabic_CI_AS
Gar_Oth,22,Tel2,nvarchar,36,0,0,True,False,,Arabic_CI_AS
Gar_Oth,23,Price_Photo,nvarchar,106,0,0,True,False,,Arabic_CI_AS
Gar_Oth,24,Price_Movie,float,8,53,0,True,False,,
Gar_Oth,25,Price_pish,float,8,53,0,True,False,,
Gar_Oth,26,Khadamat_Comment,nvarchar,400,0,0,True,False,,Arabic_CI_AS
Gar_Oth,27,Baghi,float,8,53,0,True,False,,
Gar_Oth,28,JameKol,float,8,53,0,True,False,,
GarantyCard,1,G_Code,int,4,10,0,False,True,,
GarantyCard,2,G_Code_C,int,4,10,0,True,False,,
GarantyCard,3,G_Date,datetime,8,23,3,True,False,,
GarantyCard,4,G_Date_S,datetime,8,23,3,True,False,,
GarantyCard,5,G_Date_E,datetime,8,23,3,True,False,,
GarantyCard,6,C_Code,varchar,5,0,0,True,False,,Arabic_CI_AS
GarantyCard,7,Das_Name,nvarchar,120,0,0,True,False,,Arabic_CI_AS
GarantyCard,8,Das_Serial,nvarchar,50,0,0,True,False,,Arabic_CI_AS
GarantyCard,9,G_Comment,nvarchar,200,0,0,True,False,,Arabic_CI_AS
GarantyCard,10,G_Canceld,bit,1,1,0,True,False,,
GarantyCard,11,G_CanceldComment,nvarchar,200,0,0,True,False,,Arabic_CI_AS
GAtribut,1,Inc_Code,int,4,10,0,False,True,,
GAtribut,2,GH_ID,float,8,53,0,True,False,,
GAtribut,3,SH_ID,nvarchar,30,0,0,True,False,,Arabic_CI_AS
GAtribut,4,F_Name,nvarchar,30,0,0,True,False,,Arabic_CI_AS
GAtribut,5,Zamen,nvarchar,30,0,0,True,False,,Arabic_CI_AS
GAtribut,6,Add_Zamen,nvarchar,100,0,0,True,False,,Arabic_CI_AS
GAtribut,7,Tel_Zamen,nvarchar,40,0,0,True,False,,Arabic_CI_AS
GAtribut,8,Moaref,nvarchar,30,0,0,True,False,,Arabic_CI_AS
GAtribut,9,Add_Moaref,nvarchar,100,0,0,True,False,,Arabic_CI_AS
GAtribut,10,Tel_Moaref,nvarchar,40,0,0,True,False,,Arabic_CI_AS
GAtribut,11,Post_code,varchar,20,0,0,True,False,,Arabic_CI_AS
GAtribut,12,Birth_Date,varchar,10,0,0,True,False,,Arabic_CI_AS
GAtribut,13,National_Code,varchar,50,0,0,True,False,,Arabic_CI_AS
GAtribut,14,Mobile_num,varchar,20,0,0,True,False,,Arabic_CI_AS
GAtribut,15,ComputerName,nvarchar,100,0,0,True,False,,Arabic_CI_AS
Ghabzsel,1,GhabzNum,int,4,10,0,False,False,,
Ghabzsel,2,Select,bit,1,1,0,True,False,,
Ghabzsel,3,SumMasahat,float,8,53,0,True,False,,
Ghabzsel,4,C_Name,nvarchar,120,0,0,True,False,,Arabic_CI_AS
Ghali,1,GH_Code,int,4,10,0,False,True,,
Ghali,2,Gh_Name,nvarchar,100,0,0,True,False,,Arabic_CI_AS
Ghali,3,Gh_Type,nvarchar,2,0,0,True,False,,Arabic_CI_AS
Ghali,4,MG_Code,nvarchar,4,0,0,True,False,,Arabic_CI_AS
Ghali,5,SG_Code,nvarchar,4,0,0,True,False,,Arabic_CI_AS
GHEST,1,C_Code,varchar,5,0,0,False,False,,Arabic_CI_AS
GHEST,2,D_Par_Ghest,datetime,8,23,3,False,False,,
GHEST,3,Index,int,4,10,0,False,True,,
GHEST,4,Mablagh_Ghest,float,8,53,0,True,False,,
GHEST,5,HlP_GH_Vosol,bit,1,1,0,True,False,,
GHEST,6,Gh_Vosol,bit,1,1,0,True,False,,
GHEST,7,Sh_Gh,int,4,10,0,True,False,,
GHEST,8,Dar_Ghest,datetime,8,23,3,True,False,,
GHEST,9,Tozihat,varchar,100,0,0,True,False,,Arabic_CI_AS
GHEST,10,Dar_Par,bit,1,1,0,True,False,((0)),
GHEST,11,Gh_ID,float,8,53,0,True,False,,
GHEST,12,Sanad_Dar,int,4,10,0,True,False,,
GHEST,13,SanadTakhir,int,4,10,0,True,False,,
GHEST,14,Gh_Babat,varchar,50,0,0,True,False,,Arabic_CI_AS
GHEST,15,SoodFormul_ID,int,4,10,0,True,False,,
GHEST,16,JarimeFormul_ID,int,4,10,0,True,False,,
GHEST,17,PriceSood,float,8,53,0,True,False,,
GHEST,18,CommentVosol,nvarchar,8000,0,0,True,False,,Arabic_CI_AS
GHEST,19,Jarimeh,float,8,53,0,False,False,((0)),
GHEST,20,FewGhest,float,8,53,0,False,False,((0)),
GHEST,21,Num_Fact,float,8,53,0,False,False,((0)),
GHEST,22,mab_Col,float,8,53,0,False,False,((0)),
GHEST,23,Cash_Name,nvarchar,200,0,0,True,False,,Arabic_CI_AS
GHEST,24,Ghest_Comment1,nvarchar,510,0,0,True,False,,Arabic_CI_AS
GHEST,25,Ghest_Comment2,nvarchar,510,0,0,True,False,,Arabic_CI_AS
GHEST,26,Riyal_Toman,nvarchar,100,0,0,True,False,,Arabic_CI_AS
GHEST,27,ArtName,nvarchar,200,0,0,True,False,,Arabic_CI_AS
GHEST,28,TypeCust,bit,1,1,0,False,False,((0)),
GHEST,29,Sanad_Sood,int,4,10,0,True,False,,
GHEST,30,D_Par_GhestStr,nvarchar,20,0,0,True,False,,Arabic_CI_AS
GHEST,31,ExportDate,datetime,8,23,3,True,False,,
GHEST,32,GH_GroupID,int,4,10,0,True,False,((0)),
GHEST,33,Book_Number,int,4,10,0,True,False,,
GHEST,34,First_Ghest,float,8,53,0,True,False,,
GhestGroup,1,GH_GroupID,int,4,10,0,False,True,,
GhestGroup,2,GH_GroupName,nvarchar,510,0,0,True,False,,Arabic_CI_AS
Ghlprep,1,S_G_Code,varchar,50,0,0,False,False,,Arabic_CI_AS
Ghlprep,2,S_G_Name,varchar,30,0,0,True,False,,Arabic_CI_AS
Ghlprep,3,Sum_Sel,float,8,53,0,True,False,,
Ghlprep,4,Sum_Buy,float,8,53,0,True,False,,
Ghlprep,5,CountRec,bigint,8,19,0,True,False,,
Ghlprep,6,SumExist,float,8,53,0,True,False,,
Ghlprep,7,SumPriceF,float,8,53,0,True,False,,
Ghlprep,8,SumPriceY,float,8,53,0,True,False,,
Ghlprep,9,SumF,float,8,53,0,True,False,,
Ghlprep,10,SumY,float,8,53,0,True,False,,
Ghlprep,11,TagTypa2,varchar,2,0,0,True,False,,Arabic_CI_AS
Glass_Detail,1,ID,int,4,10,0,False,True,,
Glass_Detail,2,Fac_Code,int,4,10,0,False,False,,
Glass_Detail,3,TypeGlass,varchar,5,0,0,True,False,,Arabic_CI_AS
Glass_Detail,4,SPH,float,8,53,0,False,False,((0)),
Glass_Detail,5,CYL,float,8,53,0,False,False,((0)),
Glass_Detail,6,AXIS,float,8,53,0,False,False,((0)),
Glass_Detail,7,PRISM,float,8,53,0,False,False,((0)),
Glass_Detail,8,p_AXIS,float,8,53,0,False,False,((0)),
Glass_Detail,9,PD,float,8,53,0,False,False,((0)),
Glass_Detail,10,ADD,float,8,53,0,False,False,((0)),
Glass_Detail,11,BASE,float,8,53,0,False,False,((0)),
Glass_Detail,12,DIA,float,8,53,0,False,False,((0)),
Glass_Detail,13,SEG,float,8,53,0,False,False,((0)),
Glass_Detail,14,FHC,float,8,53,0,False,False,((0)),
Glass_Detail,15,FHL,float,8,53,0,False,False,((0)),
Glass_Detail,16,COT,nvarchar,100,0,0,True,False,,Arabic_CI_AS
Glass_Detail,17,COL,nvarchar,100,0,0,True,False,,Arabic_CI_AS
Glass_Detail,18,Glass_Code,varchar,7,0,0,True,False,,Arabic_CI_AS
Glass_Detail,19,Glass_price,float,8,53,0,True,False,,
Glass_Detail,20,Glass_Few,float,8,53,0,True,False,,
Glass_Detail,21,Fac_Type,varchar,1,0,0,False,False,(''),Arabic_CI_AS
Glass_Master,1,ID,int,4,10,0,False,True,,
Glass_Master,2,TypeMGlass,int,4,10,0,False,False,((0)),
Glass_Master,3,Fac_Code,int,4,10,0,False,False,,
Glass_Master,4,Fac_Code_C,int,4,10,0,False,False,,
Glass_Master,5,N_Doctor,nvarchar,400,0,0,True,False,,Arabic_CI_AS
Glass_Master,6,C_Code,varchar,5,0,0,False,False,,Arabic_CI_AS
Glass_Master,7,S_Date,datetime,8,23,3,True,False,,
Glass_Master,8,T_Date,datetime,8,23,3,True,False,,
Glass_Master,9,M_Date,datetime,8,23,3,True,False,,
Glass_Master,10,A_Date,datetime,8,23,3,True,False,,
Glass_Master,11,Beianeh,float,8,53,0,True,False,,
Glass_Master,12,Sanad_Code,int,4,10,0,True,False,,
Glass_Master,13,FactureSanad_Code,int,4,10,0,True,False,,
Glass_Master,14,Comment,nvarchar,510,0,0,True,False,,Arabic_CI_AS
Glass_Master,15,Levy,float,8,53,0,True,False,,
Glass_Master,16,Scot,float,8,53,0,True,False,,
Glass_Master,17,Sum_Price_S,float,8,53,0,True,False,,
Glass_Master,18,Sum_Price_T,float,8,53,0,True,False,,
Glass_Master,19,Sum_Price,float,8,53,0,True,False,,
Glass_Master,20,Sum_AllPrice,float,8,53,0,True,False,,
Glass_Master,21,TypeEasy,int,4,10,0,False,False,((0)),
Glass_Master,22,Fac_Type,varchar,1,0,0,False,False,(''),Arabic_CI_AS
Glass_Master,23,UserCode,int,4,10,0,False,False,((-1)),
Glass_Master,24,HavalehNo,float,8,53,0,True,False,,
Glass_Master,25,HavalehPrice,float,8,53,0,True,False,,
Glass_Master,26,HState,bit,1,1,0,False,False,((0)),
Glass_Master,27,Takhfif,float,8,53,0,False,False,((0)),
Glass_Master,28,Code_Vaseteh,varchar,5,0,0,True,False,,Arabic_CI_AS
Glass_Master,29,Vaseteh_Porsant,float,8,53,0,True,False,,
Gold_Vazn,1,Id,int,4,10,0,False,True,,
Gold_Vazn,2,Name,nvarchar,200,0,0,True,False,,Arabic_CI_AS
GoldAcount,1,Fac_Code,varchar,6,0,0,False,False,,Arabic_CI_AS
GoldAcount,2,Fac_Type,varchar,1,0,0,False,False,,Arabic_CI_AS
GoldAcount,3,Fac_Code_C,int,4,10,0,True,False,,
GoldAcount,4,C_Code,varchar,5,0,0,True,False,,Arabic_CI_AS
GoldAcount,5,Fac_Date,datetime,8,23,3,True,False,,
GoldAcount,6,Fac_Time,datetime,8,23,3,True,False,,
GoldAcount,7,Sum_Price,float,8,53,0,True,False,,
GoldAcount,8,Sum_Few,float,8,53,0,True,False,,
GoldAcount,9,Sum_Weight,float,8,53,0,True,False,,
GoldAcount,10,Fac_Comment,nvarchar,8000,0,0,True,False,,Arabic_CI_AS
GoldAcount,11,Sanad_Code,int,4,10,0,True,False,,
GoldAcount,12,GoldFacType,int,4,10,0,False,False,,
GoldAcount,13,UserCode,int,4,10,0,True,False,,
GoldAcount,14,Num_Havaleh,float,8,53,0,True,False,,
GoldAcount,15,Sum_Levy,float,8,53,0,True,False,,
GoldAcount,16,Sum_Scot,float,8,53,0,True,False,,
GoldAcountArt,1,Fac_Code,varchar,6,0,0,False,False,,Arabic_CI_AS
GoldAcountArt,2,Fac_Type,varchar,1,0,0,False,False,,Arabic_CI_AS
GoldAcountArt,3,A_Code,varchar,7,0,0,False,False,,Arabic_CI_AS
GoldAcountArt,4,A_Index,smallint,2,5,0,False,False,,
GoldAcountArt,5,Ayar,int,4,10,0,True,False,,
GoldAcountArt,6,Few,float,8,53,0,True,False,,
GoldAcountArt,7,Weight,float,8,53,0,True,False,,
GoldAcountArt,8,FPrice,float,8,53,0,True,False,,
GoldAcountArt,9,Buy_Price,float,8,53,0,True,False,,
GoldAcountArt,10,Art_Comment,nvarchar,8000,0,0,True,False,,Arabic_CI_AS
GoldAcountArt,11,Ojrat_Gold,float,8,53,0,True,False,,
GoldAcountArt,12,Ojrat_Riali,float,8,53,0,True,False,,
GoldAcountArt,13,Takhfif_gerami,float,8,53,0,True,False,,
GoldAcountArt,14,Takhfif_Riali,float,8,53,0,True,False,,
GoldAcountArt,15,PelatinFlag,bit,1,1,0,True,False,,
GoldAcountArt,16,Levy,float,8,53,0,True,False,,
GoldAcountArt,17,Scot,float,8,53,0,True,False,,
GoldAcountArt,18,PriceTamamShodeh,float,8,53,0,True,False,,
GoldAcountArt,19,Weight750,float,8,53,0,True,False,,
GoldAcountArt,20,Weight1000,float,8,53,0,True,False,,
GoldAcountArt,21,OjratPay,float,8,53,0,False,False,((0)),
GoldArts,1,Id,int,4,10,0,False,True,,
GoldArts,2,A_Code,varchar,7,0,0,False,False,,Arabic_CI_AS
GoldArts,3,GoldType,int,4,10,0,True,False,,
GoldArts,4,ArtType,int,4,10,0,True,False,,
GoldArts,5,Ayar,int,4,10,0,True,False,,
GoldArts,6,Few,float,8,53,0,False,False,((0)),
GoldArts,7,Weight,float,8,53,0,True,False,,
GoldArts,8,Ojrat_Darsadi,float,8,53,0,False,False,((0)),
GoldArts,9,Ojrat_Gerami,float,8,53,0,False,False,((0)),
GoldArts,10,Jewels_Type,int,4,10,0,True,False,,
GoldArts,11,Jewels_Model,varchar,200,0,0,True,False,,Arabic_CI_AS
GoldArts,12,Jewels_Design,varchar,200,0,0,True,False,,Arabic_CI_AS
GoldArts,13,BeforeMekhraji_W,float,8,53,0,True,False,,
GoldArts,14,AfterMekhraji_W,float,8,53,0,True,False,,
GoldArts,15,Weight_W_Stone,float,8,53,0,True,False,,
GoldArts,16,Price,float,8,53,0,True,False,,
GoldArts,17,C_Code_maker,varchar,5,0,0,True,False,,Arabic_CI_AS
GoldArts,18,C_Code_Seller,varchar,5,0,0,True,False,,Arabic_CI_AS
GoldArts,19,C_CodeAbkar,varchar,5,0,0,True,False,,Arabic_CI_AS
GoldArts,20,C_Code_Mekhrajkar,varchar,5,0,0,True,False,,Arabic_CI_AS
GoldArts,21,PriceGoldGerami,float,8,53,0,True,False,,
GoldArts,22,PriceStone,float,8,53,0,True,False,,
GoldArts,23,Ojrat_Sakht,float,8,53,0,True,False,,
GoldArts,24,Stone_Mekhraji,float,8,53,0,True,False,,
GoldArts,25,Hazineh_Mekhraji,float,8,53,0,True,False,,
GoldArts,26,Hazineh_Abkari,float,8,53,0,True,False,,
GoldArts,27,Hazineh_Tamir,float,8,53,0,True,False,,
GoldArts,28,Hazineh_Other,float,8,53,0,True,False,,
GoldArts,29,PriceOtherStone,float,8,53,0,True,False,,
GoldArts,30,Percent_1,float,8,53,0,True,False,,
GoldArts,31,Percent_2,float,8,53,0,True,False,,
GoldArts,32,TypeCalcPrice,int,4,10,0,True,False,,
GoldArts,33,Buy_price,float,8,53,0,True,False,,
GoldArts,34,StoneTip,int,4,10,0,True,False,,
GoldArts,35,StoneType,int,4,10,0,True,False,,
GoldArts,36,StoneColor,int,4,10,0,True,False,,
GoldArts,37,impurity_Degree,varchar,100,0,0,True,False,,Arabic_CI_AS
GoldArts,38,Stone_Size,varchar,100,0,0,True,False,,Arabic_CI_AS
GoldArts,39,Cutting_Type,int,4,10,0,True,False,,
GoldArts,40,Riding_Type,int,4,10,0,True,False,,
GoldArts,41,Few_Stone,float,8,53,0,True,False,,
GoldArts,42,Stone_Weight,float,8,53,0,True,False,,
GoldArts,43,Reygiri_No,varchar,100,0,0,True,False,,Arabic_CI_AS
GoldArts,44,C_Code_Reygir,varchar,5,0,0,True,False,,Arabic_CI_AS
GoldArts,45,Sharti_No,varchar,100,0,0,True,False,,Arabic_CI_AS
GoldArts,46,IsReceived,bit,1,1,0,True,False,,
GoldArts,47,C_Code_Received,varchar,5,0,0,True,False,,Arabic_CI_AS
GoldArts,48,TypeReceived,int,4,10,0,True,False,,
GoldArts,49,JWFixedPercent,float,8,53,0,True,False,,
GoldArts,50,JWFixedPrice,float,8,53,0,True,False,,
GoldArts,51,Arz_Name,int,4,10,0,True,False,,
GoldArts,52,IsGoldId,bit,1,1,0,True,False,,
GoldArts,53,OtherType,varchar,500,0,0,True,False,,Arabic_CI_AS
GoldArtTypes,1,Id,int,4,10,0,False,True,,
GoldArtTypes,2,Name,varchar,200,0,0,False,False,,Arabic_CI_AS
GoldArtTypes,3,Ayar,int,4,10,0,False,False,((0)),
GoldArtTypes,4,Weight,float,8,53,0,False,False,((0)),
GoldArtTypes,5,Type,int,4,10,0,False,False,,
GoldFactArt,1,Fac_Code,varchar,6,0,0,False,False,,Arabic_CI_AS
GoldFactArt,2,Fac_Type,varchar,1,0,0,False,False,,Arabic_CI_AS
GoldFactArt,3,A_Code,varchar,7,0,0,False,False,,Arabic_CI_AS
GoldFactArt,4,A_Index,smallint,2,5,0,False,False,,
GoldFactArt,5,Ayar,int,4,10,0,True,False,,
GoldFactArt,6,Weight,float,8,53,0,True,False,,
GoldFactArt,7,Ojrat_Darsadi,float,8,53,0,True,False,,
GoldFactArt,8,Ojrat_Gerami,float,8,53,0,True,False,,
GoldFactArt,9,Ojrat_Gold,float,8,53,0,True,False,,
GoldFactArt,10,Ojrat_Riali,float,8,53,0,True,False,,
GoldFactArt,11,Ojrat_Kol,float,8,53,0,True,False,,
GoldFactArt,12,Ojrat_mekhraji,float,8,53,0,True,False,,
GoldFactArt,13,Ojrat_Abkari,float,8,53,0,True,False,,
GoldFactArt,14,SoodFPrice,float,8,53,0,True,False,,
GoldFactArt,15,Takhfif_gerami,float,8,53,0,True,False,,
GoldFactArt,16,Takhfif_Riali,float,8,53,0,True,False,,
GoldFactArt,17,Coins_SerialNo,varchar,200,0,0,True,False,,Arabic_CI_AS
GoldFactArt,18,C_Code_maker,varchar,5,0,0,True,False,,Arabic_CI_AS
GoldFactArt,19,C_CodeAbkar,varchar,5,0,0,True,False,,Arabic_CI_AS
GoldFactArt,20,Stone_Few,float,8,53,0,True,False,,
GoldFactArt,21,Stone_Weight,float,8,53,0,True,False,,
GoldFactArt,22,Stone_Price,float,8,53,0,True,False,,
GoldFactArt,23,Hazineh_Abkari,float,8,53,0,True,False,,
GoldFactArt,24,HazAbkariSarFasl,varchar,11,0,0,True,False,,Arabic_CI_AS
GoldFactArt,25,Hazineh_mekhraji,float,8,53,0,True,False,,
GoldFactArt,26,Hazineh_Tamir,float,8,53,0,True,False,,
GoldFactArt,27,Hazineh_Other,float,8,53,0,True,False,,
GoldFactArt,28,WeightAfterAbkari,float,8,53,0,True,False,,
GoldFactArt,29,WeightKasrShodeh,float,8,53,0,True,False,,
GoldFactArt,30,RetSoodPercent,float,8,53,0,True,False,,
GoldFactArt,31,TypeArt_C,int,4,10,0,True,False,,
GoldFactArt,32,VatGoldKind,int,4,10,0,True,False,,
GoldPanel,1,Id,int,4,10,0,False,True,,
GoldPanel,2,Gold_0_17,float,8,53,0,False,False,((0)),
GoldPanel,3,Gold_0_18,float,8,53,0,False,False,((0)),
GoldPanel,4,Gold_0_24,float,8,53,0,False,False,((0)),
GoldPanel,5,Gold_1_New,float,8,53,0,False,False,((0)),
GoldPanel,6,Gold_1_Old,float,8,53,0,False,False,((0)),
GoldPanel,7,Gold_1_Half,float,8,53,0,False,False,((0)),
GoldPanel,8,Gold_1_Rob,float,8,53,0,False,False,((0)),
GoldPanel,9,Gold_1_Gram,float,8,53,0,False,False,((0)),
GoldPanel,10,Update_Date,datetime,8,23,3,True,False,,
GoldPanel,11,Update_Time,datetime,8,23,3,True,False,,
GoldPanel,12,Update_InterVal,smallint,2,5,0,False,False,((30)),
GoldPanel,13,Fac_Code,varchar,6,0,0,True,False,,Arabic_CI_AS
GoldPanel,14,Fac_Type,varchar,1,0,0,True,False,,Arabic_CI_AS
GoldPanel,15,A_Code,varchar,7,0,0,True,False,,Arabic_CI_AS
GoldTaviehAcount,1,Fac_Code,varchar,6,0,0,False,False,,Arabic_CI_AS
GoldTaviehAcount,2,Fac_Type,varchar,1,0,0,False,False,,Arabic_CI_AS
GoldTaviehAcount,3,Fac_Code_C,int,4,10,0,True,False,,
GoldTaviehAcount,4,C_Code,varchar,5,0,0,True,False,,Arabic_CI_AS
GoldTaviehAcount,5,Fac_Date,datetime,8,23,3,True,False,,
GoldTaviehAcount,6,Fac_Time,datetime,8,23,3,True,False,,
GoldTaviehAcount,7,Sum_Price,float,8,53,0,True,False,,
GoldTaviehAcount,8,Sum_Few,float,8,53,0,True,False,,
GoldTaviehAcount,9,Sum_Weight,float,8,53,0,True,False,,
GoldTaviehAcount,10,Price,float,8,53,0,True,False,,
GoldTaviehAcount,11,Naghd,float,8,53,0,True,False,,
GoldTaviehAcount,12,Check,float,8,53,0,True,False,,
GoldTaviehAcount,13,Nesieh,float,8,53,0,True,False,,
GoldTaviehAcount,14,TasviehDate,datetime,8,23,3,True,False,,
GoldTaviehAcount,15,Takhfif,float,8,53,0,True,False,,
GoldTaviehAcount,16,Card,float,8,53,0,True,False,,
GoldTaviehAcount,17,Fac_Comment,nvarchar,8000,0,0,True,False,,Arabic_CI_AS
GoldTaviehAcount,18,Sanad_Code,int,4,10,0,True,False,,
GoldTaviehAcount,19,GoldFacType,int,4,10,0,False,False,,
GoldTaviehAcount,20,UserCode,int,4,10,0,True,False,,
GoldTaviehAcount,21,Num_Havaleh,float,8,53,0,True,False,,
GoldTaviehAcount,22,PelatinFlag,bit,1,1,0,True,False,,
GoldTaviehAcount,23,Mandehgold,float,8,53,0,True,False,,
GoldTaviehAcount,24,MandehPelatin,float,8,53,0,True,False,,
GoldTaviehAcount,25,Mandeh,float,8,53,0,True,False,,
GoldTaviehAcount,26,PayGold,int,4,10,0,False,False,((0)),
GoldTaviehAcount,27,SumOjratPay,float,8,53,0,False,False,((0)),
GROP_SAR,1,Group_Code,int,4,10,0,False,True,,
GROP_SAR,2,Group_Name,varchar,50,0,0,True,False,,Arabic_CI_AS
GROP_SAR,3,Group_Main,smallint,2,5,0,True,False,,
GROP_SAR,4,Group_Side,smallint,2,5,0,True,False,,
GROP_SAR,5,Radif_SoodCode,int,4,10,0,True,False,,
GROP_SAR,6,Group_Code_C,nvarchar,20,0,0,True,False,,Arabic_CI_AS
GROP_SOD,1,Radif_SoodCode,int,4,10,0,False,True,,
GROP_SOD,2,Radif_SoodCode_C,int,4,10,0,True,False,,
GROP_SOD,3,Radif_Name,varchar,100,0,0,True,False,,Arabic_CI_AS
GroupAccess,1,ID,int,4,10,0,False,True,,
GroupAccess,2,UserCodeInc,int,4,10,0,False,False,,
GroupAccess,3,MGroupCode,nvarchar,4,0,0,False,False,,Arabic_CI_AS
GroupAccess,4,SGroupCode,nvarchar,4,0,0,False,False,,Arabic_CI_AS
GroupAccess,5,A_Code,nvarchar,14,0,0,False,False,(''),Arabic_CI_AS
GroupAccess,6,TypeInc,int,4,10,0,False,False,((0)),
GroupAccess,7,Fac_type,varchar,1,0,0,True,False,(''),Arabic_CI_AS
Groups,1,G_Code,int,4,10,0,False,False,,
Groups,2,G_CodeTop,int,4,10,0,True,False,,
Groups,3,G_Code_C,varchar,2,0,0,True,False,,Arabic_CI_AS
Groups,4,G_Name,varchar,30,0,0,True,False,,Arabic_CI_AS
GroupSarfasl,1,ID,int,4,10,0,False,True,,
GroupSarfasl,2,GroupID,varchar,4,0,0,False,False,,Arabic_CI_AS
GroupSarfasl,3,Main,varchar,11,0,0,True,False,,Arabic_CI_AS
GroupSarfasl,4,RetBuy,varchar,11,0,0,True,False,,Arabic_CI_AS
GroupSarfasl,5,Sell,varchar,11,0,0,True,False,,Arabic_CI_AS
GroupSarfasl,6,RetSell,varchar,11,0,0,True,False,,Arabic_CI_AS
GroupSarfasl,7,OffPrice,varchar,11,0,0,True,False,,Arabic_CI_AS
Gsetup,1,TypeSell,varchar,1,0,0,False,False,,Arabic_CI_AS
Gsetup,2,FactEng_Farsi,bit,1,1,0,True,False,,
Gsetup,3,DrawKadr,bit,1,1,0,True,False,,
Gsetup,4,TypeSearch,varchar,10,0,0,True,False,,Arabic_CI_AS
Gsetup,5,Dollar,varchar,20,0,0,True,False,,Arabic_CI_AS
Gsetup,6,Tala,varchar,20,0,0,True,False,,Arabic_CI_AS
Gsetup,7,PreviewPrint,bit,1,1,0,True,False,,
Gsetup,8,Pc,smallint,2,5,0,True,False,,
Gsetup,9,PcStr,varchar,10,0,0,True,False,,Arabic_CI_AS
Gsetup,10,Ct,smallint,2,5,0,True,False,,
Gsetup,11,CtStr,varchar,10,0,0,True,False,,Arabic_CI_AS
Gsetup,12,Gr,smallint,2,5,0,True,False,,
Gsetup,13,GrStr,varchar,10,0,0,True,False,,Arabic_CI_AS
Gsetup,14,Li,smallint,2,5,0,True,False,,
Gsetup,15,LiStr,varchar,10,0,0,True,False,,Arabic_CI_AS
Gsetup,16,No,smallint,2,5,0,True,False,,
Gsetup,17,NoStr,varchar,10,0,0,True,False,,Arabic_CI_AS
Gsetup,18,Mm,smallint,2,5,0,True,False,,
Gsetup,19,MmStr,varchar,10,0,0,True,False,,Arabic_CI_AS
Gsetup,20,ELandScape_Portrait,bit,1,1,0,True,False,,
Gsetup,21,FLandScape_Portrait,bit,1,1,0,True,False,,
GTalaei,1,T_Index,int,4,10,0,False,True,,
GTalaei,2,C_Code,varchar,5,0,0,True,False,,Arabic_CI_AS
GTalaei,3,T_Date,datetime,8,23,3,True,False,,
GTalaei,4,T_Time,datetime,8,23,3,True,False,,
GTalaei,5,Few_In,float,8,53,0,True,False,,
GTalaei,6,Few_Out,float,8,53,0,True,False,,
GTalaei,7,Price,float,8,53,0,True,False,,
GTalaei,8,Comment,varchar,60,0,0,True,False,,Arabic_CI_AS
GTalaei,9,P_In,smallint,2,5,0,True,False,,
GTalaei,10,P_Out,smallint,2,5,0,True,False,,
HAMKAR,1,Typeaction,varchar,1,0,0,False,False,,Arabic_CI_AS
HAMKAR,2,C_code,varchar,5,0,0,False,False,,Arabic_CI_AS
HAMKAR,3,A_code,varchar,7,0,0,False,False,,Arabic_CI_AS
HAMKAR,4,H_Date,datetime,8,23,3,False,False,,
HAMKAR,5,H_Time,datetime,8,23,3,False,False,,
HAMKAR,6,Comment,nvarchar,510,0,0,False,False,(''),Arabic_CI_AS
HAMKAR,7,C_name,varchar,60,0,0,True,False,,Arabic_CI_AS
HAMKAR,8,A_name,varchar,60,0,0,True,False,,Arabic_CI_AS
HAMKAR,9,Few,float,8,53,0,True,False,,
HAMKAR,10,Price,float,8,53,0,True,False,,
HAMKAR,11,C_Code_C,varchar,12,0,0,True,False,,Arabic_CI_AS
HAMKAR,12,Flag,bit,1,1,0,True,False,,
Haval_R,1,Code_havaleh_Rasid,int,4,10,0,False,True,,
Haval_R,2,Num_havaleh_Rasid,int,4,10,0,True,False,,
Haval_R,3,Havaleh_Rasid,bit,1,1,0,True,False,,
Haval_R,4,C_Code,nvarchar,10,0,0,True,False,,Arabic_CI_AS
Haval_R,5,Date_Sodor,nvarchar,20,0,0,True,False,,Arabic_CI_AS
HazinehFact,1,ID,int,4,10,0,False,True,,
HazinehFact,2,Fac_Code,nvarchar,12,0,0,True,False,,Arabic_CI_AS
HazinehFact,3,Fac_Type,nvarchar,2,0,0,True,False,,Arabic_CI_AS
HazinehFact,4,SanadCode,int,4,10,0,True,False,,
HazinehFact,5,Sarfasl_CodeHaz,nvarchar,22,0,0,True,False,,Arabic_CI_AS
HazinehFact,6,SarFasl_NameHaz,nvarchar,1000,0,0,True,False,,Arabic_CI_AS
HazinehFact,7,Sarfasl_CodeCust,nvarchar,22,0,0,True,False,,Arabic_CI_AS
HazinehFact,8,SarFasl_NameCust,nvarchar,1000,0,0,True,False,,Arabic_CI_AS
HazinehFact,9,LineNumber,int,4,10,0,True,False,,
HazinehFact,10,Cust,float,8,53,0,True,False,,
HazinehFact,11,Dar_Haz,bit,1,1,0,False,False,((0)),
HazinehFact,12,NewType,bit,1,1,0,False,False,((0)),
HazinehFact,13,TypeSarShekan,bit,1,1,0,False,False,((0)),
HazinehFact,14,Comment,varchar,200,0,0,True,False,(''),Arabic_CI_AS
HelpHavl,1,Index,int,4,10,0,False,False,,
HelpHavl,2,A_Code_S,varchar,7,0,0,False,False,,Arabic_CI_AS
HelpHavl,3,A_Name_S,varchar,60,0,0,True,False,,Arabic_CI_AS
HelpHavl,4,Buy_Price_S,float,8,53,0,True,False,,
HelpHavl,5,A_Code_D,varchar,7,0,0,True,False,,Arabic_CI_AS
HelpHavl,6,A_Name_D,varchar,60,0,0,True,False,,Arabic_CI_AS
HelpHavl,7,Buy_Price_D,float,8,53,0,True,False,,
HelpHavl,8,Few,float,8,53,0,True,False,,
HelpHavl,9,Few2,float,8,53,0,True,False,,
HelpHavl,10,Attribute,varchar,150,0,0,True,False,,Arabic_CI_AS
HelpHavl,11,MyStr,varchar,255,0,0,True,False,,Arabic_CI_AS
HelpHavl,12,IndexHlp,int,4,10,0,True,False,,
HelpHavl,13,SIndexS,int,4,10,0,True,False,,
HelpHavl,14,SIndexD,int,4,10,0,True,False,,
HLO,1,Index,int,4,10,0,True,False,,
HLO,2,FName,varchar,15,0,0,True,False,,Arabic_CI_AS
HLOPictures,1,ID,int,4,10,0,False,True,,
HLOPictures,2,Code,varchar,20,0,0,False,False,,Arabic_CI_AS
HLOPictures,3,Picture,image,16,0,0,False,False,,
HLOPictures,4,Type,int,4,10,0,False,False,,
HLOPictures,5,PicturePath,nvarchar,1000,0,0,True,False,,Arabic_CI_AS
HLOPictures,6,image_src,varchar,1,0,0,False,False,('H'),Arabic_CI_AS
HLOPictures,7,SavePathToPicture,bit,1,1,0,False,False,((0)),
HLP_,1,Code,int,4,10,0,False,True,,
HLP_,2,Radif,int,4,10,0,True,False,,
HLP_,3,A_Code,nvarchar,14,0,0,True,False,,Arabic_CI_AS
HLP_,4,A_Name,nvarchar,120,0,0,True,False,,Arabic_CI_AS
HLP_,5,Count,float,8,53,0,True,False,,
HLP_,6,Model,nvarchar,30,0,0,True,False,,Arabic_CI_AS
HLP_,7,M_groupcode,nvarchar,4,0,0,True,False,,Arabic_CI_AS
HLP_,8,S_groupcode,nvarchar,4,0,0,True,False,,Arabic_CI_AS
HLP_,9,M_groupname,nvarchar,60,0,0,True,False,,Arabic_CI_AS
HLP_,10,S_groupname,nvarchar,60,0,0,True,False,,Arabic_CI_AS
HLP_,11,Code_havaleh_Rasid,int,4,10,0,True,False,,
HLP_,12,VahedCode,int,4,10,0,True,False,,
HLP_,13,A_Code_C,varchar,50,0,0,True,False,,Arabic_CI_AS
HORDBILD,1,Index,smallint,2,5,0,False,False,,
HORDBILD,2,H1,smallint,2,5,0,True,False,,
HORDBILD,3,H2,smallint,2,5,0,True,False,,
HORDBILD,4,H3,smallint,2,5,0,True,False,,
HORDBILD,5,H4,smallint,2,5,0,True,False,,
HORDBILD,6,H5,smallint,2,5,0,True,False,,
HORDBILD,7,H6,smallint,2,5,0,True,False,,
HORDBILD,8,H7,smallint,2,5,0,True,False,,
HORDBILD,9,H8,smallint,2,5,0,True,False,,
HORDBILD,10,H9,smallint,2,5,0,True,False,,
HORDBILD,11,H10,smallint,2,5,0,True,False,,
HORDBILD,12,H11,smallint,2,5,0,True,False,,
HORDBILD,13,H12,smallint,2,5,0,True,False,,
Hrd_Fac_Art,1,F_Code,bigint,8,19,0,False,False,,
Hrd_Fac_Art,2,FC_Index,smallint,2,5,0,False,False,,
Hrd_Fac_Art,3,FA_Radif,smallint,2,5,0,False,False,,
Hrd_Fac_Art,4,A_Code,char,7,0,0,False,False,,Arabic_CI_AS
Hrd_Fac_Art,5,FA_Few,float,8,53,0,True,False,,
Hrd_Fac_Art,6,FA_Price,float,8,53,0,True,False,,
Hrd_Fac_Art,7,FA_Comment,nvarchar,200,0,0,True,False,,Arabic_CI_AS
Hrd_Fac_Art,8,Serial,int,4,10,0,True,False,,
Hrd_Fac_Art,9,Levy,float,8,53,0,True,False,,
Hrd_Fac_Art,10,Scot,float,8,53,0,True,False,,
Hrd_Fac_Com,1,F_Code,bigint,8,19,0,False,False,,
Hrd_Fac_Com,2,FC_Index,smallint,2,5,0,False,False,,
Hrd_Fac_Com,3,FC_Type,tinyint,1,3,0,True,False,,
Hrd_Fac_Com,4,FC_Name,nvarchar,300,0,0,True,False,,Arabic_CI_AS
Hrd_Fac_Com,5,FC_Comment,nvarchar,400,0,0,True,False,,Arabic_CI_AS
Hrd_Fac_Com,6,FC_Few,float,8,53,0,True,False,,
Hrd_Fac_Com,7,FC_Sum_Price,float,8,53,0,True,False,,
Hrd_Fac_Com,8,Haz_Assembel,float,8,53,0,True,False,,
Hrd_Fac_Com,9,Haz_Nasb,float,8,53,0,True,False,,
Hrd_Fac_Com,10,Haz_Garanty,float,8,53,0,True,False,,
Hrd_Facture,1,F_Code,bigint,8,19,0,False,True,,
Hrd_Facture,2,F_Code_C,nvarchar,16,0,0,True,False,,Arabic_CI_AS
Hrd_Facture,3,F_Type,tinyint,1,3,0,True,False,,
Hrd_Facture,4,F_Date,smalldatetime,4,16,0,True,False,,
Hrd_Facture,5,F_Time,nvarchar,10,0,0,True,False,,Arabic_CI_AS
Hrd_Facture,6,C_Code,nvarchar,10,0,0,True,False,,Arabic_CI_AS
Hrd_Facture,7,Haz_All_Assembl,float,8,53,0,True,False,,
Hrd_Facture,8,Haz_All_Nasb,float,8,53,0,True,False,,
Hrd_Facture,9,Haz_All_Garanty,float,8,53,0,True,False,,
Hrd_Facture,10,F_Comment,nvarchar,400,0,0,True,False,,Arabic_CI_AS
Hrd_Facture,11,F_Code_C2,nvarchar,16,0,0,True,False,,Arabic_CI_AS
Hrd_Facture,12,Takhfif,float,8,53,0,True,False,,
Hrd_Facture,13,Haz_Fac,float,8,53,0,True,False,,
Hrd_Facture,14,DAmozesh,float,8,53,0,True,False,,
Hrd_Facture,15,DShahrdary,float,8,53,0,True,False,,
Hrd_Facture,16,DCEghtesad,float,8,53,0,True,False,,
Hrd_Facture,17,Post_Type,nvarchar,20,0,0,True,False,,Arabic_CI_AS
Hrd_Facture,18,Post_Comment,nvarchar,400,0,0,True,False,,Arabic_CI_AS
Hrd_Facture,19,Sanad_Code,int,4,10,0,True,False,((0)),
Hrd_Facture,20,TasviehDate,datetime,8,23,3,True,False,,
Hrd_Facture,21,DarsadDirkardTasvieh,float,8,53,0,True,False,,
Hrd_Facture,22,PreFacIsUsed,bit,1,1,0,True,False,((0)),
Hrd_Facture,23,Price_Naghd,float,8,53,0,True,False,,
Hrd_Facture,24,Price_Check,float,8,53,0,True,False,,
Hrd_Facture,25,Price_Porsant,float,8,53,0,True,False,,
Hrd_Facture,26,Vaseteh_Code,nvarchar,100,0,0,True,False,,Arabic_CI_AS
Hrd_Facture,27,Price_Pos,float,8,53,0,True,False,,
Hrd_Facture,28,Money_Code,int,4,10,0,False,False,((1)),
Hrd_Facture,29,Money_Price,float,8,53,0,False,False,((1)),
Hrd_Facture,30,Price_Nesieh,float,8,53,0,False,False,((0)),
Hrd_Facture,31,UserCode,int,4,10,0,True,False,,
Hrd_Formul_Art,1,FC_Index,int,4,10,0,False,False,,
Hrd_Formul_Art,2,FA_Radif,smallint,2,5,0,False,False,,
Hrd_Formul_Art,3,A_Code,char,7,0,0,False,False,,Arabic_CI_AS
Hrd_Formul_Art,4,FA_Few,float,8,53,0,True,False,,
Hrd_Formul_Art,5,FA_Price,float,8,53,0,True,False,,
Hrd_Formul_Art,6,FA_Comment,nvarchar,200,0,0,True,False,,Arabic_CI_AS
Hrd_Formul_Com,1,FC_Index,int,4,10,0,False,True,,
Hrd_Formul_Com,2,FC_Formul_Name,nvarchar,120,0,0,True,False,,Arabic_CI_AS
Hrd_Formul_Com,3,FC_Name,nvarchar,300,0,0,True,False,,Arabic_CI_AS
Hrd_Formul_Com,4,FC_Comment,nvarchar,400,0,0,True,False,,Arabic_CI_AS
Hrd_Formul_Com,5,FC_Few,float,8,53,0,True,False,,
Hrd_Formul_Com,6,FC_Sum_Price,float,8,53,0,True,False,,
Hrd_Formul_Com,7,Haz_Assembel,float,8,53,0,True,False,,
Hrd_Formul_Com,8,Haz_Nasb,float,8,53,0,True,False,,
Hrd_Formul_Com,9,Haz_Garanty,float,8,53,0,True,False,,
ItemArticle,1,ID,int,4,10,0,False,True,,
ItemArticle,2,A_Code,varchar,7,0,0,False,False,,Arabic_CI_AS
ItemArticle,3,PoshakID,int,4,10,0,False,False,,
ItemArticle,4,Few,float,8,53,0,False,False,((0)),
ItemArticle,5,Selected,int,4,10,0,False,False,((0)),
ItemArticle,6,I_Min,float,8,53,0,False,False,((0)),
ItemArticle,7,I_Max,float,8,53,0,False,False,((0)),
ItemArticle,8,PoshakId_C,nvarchar,510,0,0,False,False,(''),Arabic_CI_AS
ItemFact,1,ID,int,4,10,0,False,True,,
ItemFact,2,Fac_Code,varchar,6,0,0,False,False,,Arabic_CI_AS
ItemFact,3,Fac_Type,varchar,1,0,0,False,False,,Arabic_CI_AS
ItemFact,4,A_Code,varchar,7,0,0,False,False,,Arabic_CI_AS
ItemFact,5,A_Index,int,4,10,0,False,False,,
ItemFact,6,PoshakIDF,int,4,10,0,False,False,,
ItemFact,7,Few,float,8,53,0,False,False,((0)),
ItemFact,8,Index,int,4,10,0,False,False,((0)),
ItemFact,9,Price,float,8,53,0,False,False,((0)),
ItemFact,10,SelPriceID,int,4,10,0,True,False,,
JName,1,JensName,nvarchar,100,0,0,False,False,,Arabic_CI_AS
JwStones,1,Id,int,4,10,0,False,True,,
JwStones,2,A_Code,varchar,7,0,0,False,False,,Arabic_CI_AS
JwStones,3,Few,float,8,53,0,False,False,((0)),
JwStones,4,Price,float,8,53,0,True,False,,
JwStones,5,Weight,float,8,53,0,True,False,,
JwStones,6,GoldArt_Id,int,4,10,0,False,False,,
JwStones,7,Hazineh_Mekhraji,float,8,53,0,False,False,((0)),
Karton,1,Id,int,4,10,0,False,True,,
Karton,2,Name,nvarchar,510,0,0,False,False,,Arabic_CI_AS
Karton,3,Weight,float,8,53,0,False,False,,
Kh_Dastgah,1,Das_Code,int,4,10,0,False,True,,
Kh_Dastgah,2,Das_Name,nvarchar,120,0,0,True,False,,Arabic_CI_AS
Kh_Dastgah,3,Das_Code_C,nvarchar,100,0,0,True,False,,Arabic_CI_AS
Kh_Dastgah,4,Das_Model,nvarchar,40,0,0,True,False,,Arabic_CI_AS
Kh_Dastgah,5,Das_Comment,nvarchar,200,0,0,True,False,,Arabic_CI_AS
Kh_Dastgah,6,A_Code,nvarchar,30,0,0,True,False,,Arabic_CI_AS
Kh_Dastgah,7,companyName,nvarchar,200,0,0,True,False,,Arabic_CI_AS
Kh_Fac_List,1,FL_Code,bigint,8,19,0,False,True,,
Kh_Fac_List,2,F_Code,bigint,8,19,0,True,False,,
Kh_Fac_List,3,A_Code,char,7,0,0,True,False,,Arabic_CI_AS
Kh_Fac_List,4,FL_Few,float,8,53,0,True,False,,
Kh_Fac_List,5,FL_Sum_Price,float,8,53,0,True,False,,
Kh_Fac_List,6,FL_Comment,nvarchar,1000,0,0,True,False,,Arabic_CI_AS
Kh_Fac_List,7,FL_IsGaranty,tinyint,1,3,0,True,False,,
Kh_Fac_List,8,Levy,float,8,53,0,False,False,((0)),
Kh_Fac_List,9,Scot,float,8,53,0,False,False,((0)),
Kh_Fac_List,10,VahedCode,int,4,10,0,False,False,((0)),
Kh_Fac_List,11,Vahed_few,float,8,53,0,False,False,((0)),
Kh_FAC_SER,1,Fac_Code,varchar,6,0,0,False,False,,Arabic_CI_AS
Kh_FAC_SER,2,A_Code,varchar,7,0,0,False,False,,Arabic_CI_AS
Kh_FAC_SER,3,A_Serial,nvarchar,100,0,0,False,False,,Arabic_CI_AS
Kh_FAC_SER,4,A_Index,int,4,10,0,False,False,,
Kh_Facture,1,F_Code,bigint,8,19,0,False,True,,
Kh_Facture,2,G_Code,bigint,8,19,0,True,False,,
Kh_Facture,3,F_Type,tinyint,1,3,0,True,False,,
Kh_Facture,4,F_Code_C,nvarchar,16,0,0,True,False,,Arabic_CI_AS
Kh_Facture,5,F_Date,smalldatetime,4,16,0,True,False,,
Kh_Facture,6,F_Time,nvarchar,16,0,0,True,False,,Arabic_CI_AS
Kh_Facture,7,C_Code,nvarchar,10,0,0,True,False,,Arabic_CI_AS
Kh_Facture,8,Cus_Comment1,nvarchar,400,0,0,True,False,,Arabic_CI_AS
Kh_Facture,9,Cus_Comment2,nvarchar,400,0,0,True,False,,Arabic_CI_AS
Kh_Facture,10,Cus_Error,nvarchar,8000,0,0,True,False,,Arabic_CI_AS
Kh_Facture,11,Date_Elam_Tahvil,smalldatetime,4,16,0,True,False,,
Kh_Facture,12,F_Status,tinyint,1,3,0,True,False,,
Kh_Facture,13,UserCodeInc,int,4,10,0,True,False,,
Kh_Facture,14,F_Status2,tinyint,1,3,0,True,False,,
Kh_Facture,15,F_Code_C2,int,4,10,0,True,False,,
Kh_Facture,16,Das_No1,nvarchar,60,0,0,True,False,,Arabic_CI_AS
Kh_Facture,17,Das_No2,nvarchar,60,0,0,True,False,,Arabic_CI_AS
Kh_Facture,18,Das_No3,nvarchar,60,0,0,True,False,,Arabic_CI_AS
Kh_Facture,19,Date_End_Taamer,smalldatetime,4,16,0,True,False,,
Kh_Facture,20,Time_End_Taamer,nvarchar,10,0,0,True,False,,Arabic_CI_AS
Kh_Facture,21,Sanad_code,int,4,10,0,True,False,,
Kh_Facture,22,Money_Code,int,4,10,0,False,False,((1)),
Kh_Facture,23,Money_Price,float,8,53,0,False,False,((1)),
Kh_Facture,24,KH_Beianeh,float,8,53,0,False,False,((0)),
Kh_Facture,25,KH_Scode_Beianeh,int,4,10,0,True,False,,
Kh_Facture,26,KH_Beianeh_Odat,float,8,53,0,False,False,((0)),
Kh_Facture,27,KH_Scode_Beianeh_Odat,int,4,10,0,True,False,,
Kh_Facture,28,PF_Comment,nvarchar,8000,0,0,True,False,,Arabic_CI_AS
Kh_Facture,29,Num2,int,4,10,0,True,False,,
Kh_Facture,30,Comment_EnserafPazersh,nvarchar,8000,0,0,True,False,,Arabic_CI_AS
Kh_Facture_Dasgah,1,F_Code,bigint,8,19,0,False,False,,
Kh_Facture_Dasgah,2,Das_Code,int,4,10,0,False,False,,
Kh_Facture_Dasgah,3,Das_Serial,varchar,50,0,0,True,False,,Arabic_CI_AS
Kh_Facture_Dasgah,4,Das_Comment,nvarchar,200,0,0,True,False,,Arabic_CI_AS
Kh_Facture_Dasgah,5,Id,int,4,10,0,False,True,,
Kh_Facture_Haz,1,F_Code,bigint,8,19,0,False,False,,
Kh_Facture_Haz,2,Date_Karshenas,smalldatetime,4,16,0,True,False,,
Kh_Facture_Haz,3,C_Code_Karshenas,nvarchar,10,0,0,True,False,,Arabic_CI_AS
Kh_Facture_Haz,4,Nazar_Karshenas1,nvarchar,400,0,0,True,False,,Arabic_CI_AS
Kh_Facture_Haz,5,Nazar_Karshenas2,nvarchar,400,0,0,True,False,,Arabic_CI_AS
Kh_Facture_Haz,6,Haz_Art_Masrafy,float,8,53,0,True,False,,
Kh_Facture_Haz,7,Haz_Service1,float,8,53,0,True,False,,
Kh_Facture_Haz,8,Haz_Service2,float,8,53,0,True,False,,
Kh_Facture_Haz,9,Haz_AyabZahab,float,8,53,0,True,False,,
Kh_Facture_Haz,10,Haz_Mamoriat,float,8,53,0,True,False,,
Kh_Facture_Haz,11,Haz_AmozeshParvaresh,float,8,53,0,True,False,,
Kh_Facture_Haz,12,Takhfif,float,8,53,0,True,False,,
Kh_Facture_Haz,13,Sanad_Code,int,4,10,0,True,False,((0)),
Kh_Facture_Haz,14,Date_Tahvil,smalldatetime,4,16,0,True,False,,
Kh_Facture_Haz,15,Haz_Other,float,8,53,0,True,False,,
Kh_Facture_Haz,16,Haz_Personel,float,8,53,0,True,False,,
Kh_Facture_Haz,17,Haz_Garanty,float,8,53,0,True,False,,
Kh_Facture_Haz,18,F_Comment,nvarchar,400,0,0,True,False,,Arabic_CI_AS
Kh_Facture_Haz,19,Price_Naghd,float,8,53,0,True,False,,
Kh_Facture_Haz,20,Price_Check,float,8,53,0,True,False,,
Kh_Facture_Haz,21,C_Code_Karshenas2,nvarchar,10,0,0,True,False,,Arabic_CI_AS
Kh_Facture_Haz,22,Haz_Avarez,float,8,53,0,True,False,,
Kh_Facture_Haz,23,Price_Pos,float,8,53,0,True,False,((0)),
Kh_Facture_Haz,24,Price_Nesieh,float,8,53,0,False,False,((0)),
Kh_Facture_Haz,25,Haz_Personel2,float,8,53,0,True,False,,
Kh_Facture_Haz,26,Date_Karshenas_Movaghat,datetime,8,23,3,True,False,,
Kh_Gar_List,1,GL_Code,bigint,8,19,0,False,True,,
Kh_Gar_List,2,G_Code,bigint,8,19,0,True,False,,
Kh_Gar_List,3,Das_Code,int,4,10,0,True,False,,
Kh_Gar_List,4,GL_Serial,varchar,50,0,0,True,False,,Arabic_CI_AS
Kh_Gar_List,5,GL_Comment,nvarchar,200,0,0,True,False,,Arabic_CI_AS
Kh_Garanty,1,G_Code,bigint,8,19,0,False,True,,
Kh_Garanty,2,G_Type,tinyint,1,3,0,True,False,,
Kh_Garanty,3,G_Code_C,nvarchar,60,0,0,True,False,,Arabic_CI_AS
Kh_Garanty,4,G_Date,datetime,8,23,3,True,False,,
Kh_Garanty,5,G_Date_S,datetime,8,23,3,True,False,,
Kh_Garanty,6,G_Date_E,datetime,8,23,3,True,False,,
Kh_Garanty,7,G_Comment,nvarchar,200,0,0,True,False,,Arabic_CI_AS
Kharid_M,1,Kh_Date,nvarchar,20,0,0,False,False,,Arabic_CI_AS
Kharid_M,2,C_Code,nvarchar,20,0,0,False,False,,Arabic_CI_AS
Kharid_M,3,A_Index,int,4,10,0,False,True,,
Kharid_M,4,BasePrice,float,8,53,0,True,False,,
Kharid_M,5,EndPrice,float,8,53,0,True,False,,
Kharid_M,6,IfKilo,float,8,53,0,True,False,,
Kharid_M,7,Wazn_Morghdari,float,8,53,0,True,False,,
Kharid_M,8,Wazn_Koshtargah,float,8,53,0,True,False,,
Kharid_M,9,OftKoshtargah,float,8,53,0,True,False,,
Kharid_M,10,Talafat,float,8,53,0,True,False,,
Kharid_M,11,FieKoshtar_Kilo,float,8,53,0,True,False,,
Kharid_M,12,Zayeat,float,8,53,0,True,False,,
Kharid_M,13,Code_Mabdae,int,4,10,0,True,False,,
Kharid_M,14,Code_Maghsad,int,4,10,0,True,False,,
Kharid_M,15,Name_Morghdari,nvarchar,100,0,0,True,False,,Arabic_CI_AS
Kharid_M,16,Kamiun,nvarchar,100,0,0,True,False,,Arabic_CI_AS
Kharid_M,17,Ranandeh,nvarchar,100,0,0,True,False,,Arabic_CI_AS
Kharid_M,18,Kerayeh,float,8,53,0,True,False,,
Kharid_M,19,Num_Kh,int,4,10,0,True,False,,
Kharid_M,20,Wazn_Monjamed,float,8,53,0,True,False,,
Kind_M,1,IdKind,int,4,10,0,False,True,,
Kind_M,2,KindMashin,char,20,0,0,True,False,,Arabic_CI_AS
Kind_M,3,Weight,float,8,53,0,True,False,,
Kind_M,4,Hajm,float,8,53,0,True,False,,
LABEL,1,Main_Group,varchar,30,0,0,False,False,,Arabic_CI_AS
LABEL,2,Side_Group,varchar,30,0,0,True,False,,Arabic_CI_AS
LABEL,3,Article_Name,varchar,30,0,0,True,False,,Arabic_CI_AS
LABEL,4,Article_Model,varchar,30,0,0,True,False,,Arabic_CI_AS
LABEL,5,Article_Country,varchar,30,0,0,True,False,,Arabic_CI_AS
LABEL,6,Article_Exist,varchar,30,0,0,True,False,,Arabic_CI_AS
LABEL,7,Article_FinishDate,varchar,30,0,0,True,False,,Arabic_CI_AS
LABEL,8,Article_Place,varchar,30,0,0,True,False,,Arabic_CI_AS
LABEL,9,Code_Label,int,4,10,0,True,False,,
M_GROUP,1,M_groupcode,varchar,2,0,0,False,False,,Arabic_CI_AS
M_GROUP,2,M_groupname,nvarchar,510,0,0,True,False,,Arabic_CI_AS
M_GROUP,3,Type_Anbar_C,smallint,2,5,0,True,False,,
M_GROUP,4,Selected,bit,1,1,0,True,False,,
M_GROUP,5,DarsadTakhfif,float,8,53,0,True,False,,
M_GROUP,6,DarsadPorsant,float,8,53,0,True,False,,
M_GROUP,7,Priority,int,4,10,0,True,False,,
M_GROUP,8,MNegative_Sel,bit,1,1,0,True,False,,
M_GROUP,9,Creation_Date,datetime,8,23,3,True,False,,
M_GROUP,10,Endeditdate,datetime,8,23,3,True,False,,
M_GROUP,11,comment,varchar,4000,0,0,True,False,,Arabic_CI_AS
M_GROUP,12,PriceTakhfif,float,8,53,0,False,False,((0)),
M_GROUP,13,FromModatDate,datetime,8,23,3,True,False,,
M_GROUP,14,ToModatDate,datetime,8,23,3,True,False,,
M_GROUP,15,Choice,bit,1,1,0,False,False,((0)),
M_GROUP,16,FilterGroupId,nvarchar,6000,0,0,False,False,(''),Arabic_CI_AS
M_GROUP,17,Res_MGTypeId,varchar,100,0,0,True,False,,Arabic_CI_AS
M_HAZINE,1,MHaz_Code,int,4,10,0,False,True,,
M_HAZINE,2,MHaz_Name,varchar,60,0,0,True,False,,Arabic_CI_AS
M_HAZINE,3,Last_Date,datetime,8,23,3,True,False,,
M_HAZINE,4,TypeHazDaramad,bit,1,1,0,False,False,((0)),
M_HAZINE,5,Mandeh,float,8,53,0,False,False,((0)),
M_HAZINE,6,MHaz_Code_C,varchar,10,0,0,True,False,((0)),Arabic_CI_AS
M_HAZINE,7,Selected,bit,1,1,0,False,False,((0)),
M_HAZINE,8,Active,bit,1,1,0,False,False,((1)),
M_SPDSEL,1,SellDate,datetime,8,23,3,False,False,,
M_SPDSEL,2,A_Code,varchar,7,0,0,False,False,,Arabic_CI_AS
M_SPDSEL,3,SellTime,datetime,8,23,3,False,False,,
M_SPDSEL,4,Sum_Few,float,8,53,0,True,False,,
M_SPDSEL,5,Sum_SellPrice,float,8,53,0,True,False,,
M_SPDSEL,6,Sum_BuyPrice,float,8,53,0,True,False,,
MAZ_CO,1,Code,varchar,5,0,0,False,False,,Arabic_CI_AS
MAZ_CO,2,Date,datetime,8,23,3,False,False,,
MAZ_CO,3,T_maz,float,8,53,0,True,False,,
MAZ_CO,4,T_Cosor,float,8,53,0,True,False,,
MAZ_KASR,1,CodePer,varchar,5,0,0,False,False,,Arabic_CI_AS
MAZ_KASR,2,Ab_Hava_1,float,8,53,0,True,False,,
MAZ_KASR,3,Tashilat_Zendgi_2,float,8,53,0,True,False,,
MAZ_KASR,4,Kharej_Markaz_3,float,8,53,0,True,False,,
MAZ_KASR,5,Tahol_4,float,8,53,0,True,False,,
MAZ_KASR,6,Maskan_5,float,8,53,0,True,False,,
MAZ_KASR,7,Diplom_6,float,8,53,0,True,False,,
MAZ_KASR,8,Keshik_7,float,8,53,0,True,False,,
MAZ_KASR,9,Mohit_Kar_8,float,8,53,0,True,False,,
MAZ_KASR,10,Ekhraj_BazKharid_9,float,8,53,0,True,False,,
MAZ_KASR,11,Mahromiat_10,float,8,53,0,True,False,,
MAZ_KASR,12,Extra_Kar_11,float,8,53,0,True,False,,
MAZ_KASR,13,BazKharid_M_12,float,8,53,0,True,False,,
MAZ_KASR,14,BazKharid_M_End_13,float,8,53,0,True,False,,
MAZ_KASR,15,Nobat_Kar_14,float,8,53,0,True,False,,
MAZ_KASR,16,Padash_15,float,8,53,0,True,False,,
MAZ_KASR,17,Jazb_16,float,8,53,0,True,False,,
MAZ_KASR,18,Karaneh_17,float,8,53,0,True,False,,
MAZ_KASR,19,Tamam_Vakhti_18,float,8,53,0,True,False,,
MAZ_KASR,20,Bahrevary_19,float,8,53,0,True,False,,
MAZ_KASR,21,Extra_20,float,8,53,0,True,False,,
MAZ_KASR,22,Bimeh_Mokamel,float,8,53,0,True,False,,
MAZ_KASR,23,Vam,float,8,53,0,True,False,,
MAZ_KASR,24,Calc_BazNeshastegi,bit,1,1,0,True,False,,
MAZ_KASR,25,Calc_Bimeh,bit,1,1,0,True,False,,
MAZ_KASR,26,Calc_Maliat,bit,1,1,0,True,False,,
MenuButton,1,Id,int,4,10,0,False,True,,
MenuButton,2,ComputerName,nvarchar,200,0,0,True,False,,Arabic_CI_AS
MenuButton,3,Information,image,16,0,0,True,False,,
MenuButton,4,KitId,int,4,10,0,True,False,,
MILLANG,1,C_Code,nvarchar,10,0,0,True,False,,Arabic_CI_AS
MILLANG,2,C_Codep,nvarchar,10,0,0,True,False,,Arabic_CI_AS
MILLANG,3,Num_code,int,4,10,0,True,False,,
MILLANG,4,Personel,bit,1,1,0,True,False,,
MILLANG,5,Date_roz,smalldatetime,4,16,0,True,False,,
MILLANG,6,Num_Motor,float,8,53,0,True,False,,
MILLANG,7,Type_Motor,nvarchar,60,0,0,True,False,,Arabic_CI_AS
MILLANG,8,Num_Khodro,float,8,53,0,True,False,,
MILLANG,9,Comment,nvarchar,200,0,0,True,False,,Arabic_CI_AS
MILLANG,10,SHAHR,nvarchar,40,0,0,True,False,,Arabic_CI_AS
MONEY,2,Money_Name,varchar,30,0,0,True,False,,Arabic_CI_AS
MONEY,3,Money_Price,float,8,53,0,True,False,,
MONEY,4,M_Code,int,4,10,0,False,True,,
MONEY,5,BaseArz,bit,1,1,0,False,False,((0)),
MORKHASI,1,CodePer,varchar,5,0,0,False,False,,Arabic_CI_AS
MORKHASI,2,WDate,datetime,8,23,3,False,False,,
MORKHASI,3,Morakhasi_Day,float,8,53,0,True,False,,
MORKHASI,4,StartMorakhasi_Day,datetime,8,23,3,True,False,,
MORKHASI,5,EndMorakhasi_Day,datetime,8,23,3,True,False,,
MORKHASI,6,Morakhasi_Hour,float,8,53,0,True,False,,
MORKHASI,7,StartMorakhasi_Hour,datetime,8,23,3,True,False,,
MORKHASI,8,EndMorakhasi_Hour,datetime,8,23,3,True,False,,
MSETUP,1,Del_Pishfac,smallint,2,5,0,False,False,,
MSETUP,2,TncTel,varchar,20,0,0,True,False,,Arabic_CI_AS
MSETUP,3,Typefac,varchar,30,0,0,True,False,,Arabic_CI_AS
MSETUP,4,Endfirstcheck,bit,1,1,0,True,False,,
MSETUP,5,PopupMenu,smallint,2,5,0,True,False,,
MSETUP,6,NaghdNesieh,smallint,2,5,0,True,False,,
MSETUP,7,ChangeSellPrice,bit,1,1,0,True,False,,
MSETUP,8,Usepasword,bit,1,1,0,True,False,,
MSETUP,9,System,bit,1,1,0,True,False,,
MSETUP,10,View_vosol,bit,1,1,0,True,False,,
MSETUP,11,View_sokht,bit,1,1,0,True,False,,
MSETUP,12,Showdate,datetime,8,23,3,True,False,,
MSETUP,13,Firstrun,bit,1,1,0,True,False,,
MSETUP,14,Fac_comment,bit,1,1,0,True,False,,
MSETUP,15,Printsanad,bit,1,1,0,True,False,,
MSETUP,16,Printfac,bit,1,1,0,True,False,,
MSETUP,17,Fac_Kharid,bit,1,1,0,True,False,,
MSETUP,18,Fac_Pish,bit,1,1,0,True,False,,
MSETUP,19,Fac_Forush,bit,1,1,0,True,False,,
MSETUP,20,Fac_Amani,bit,1,1,0,True,False,,
MSETUP,21,Fac_RetKharid,bit,1,1,0,True,False,,
MSETUP,22,Fac_RetForush,bit,1,1,0,True,False,,
MSETUP,23,Fac_Z,bit,1,1,0,True,False,,
MSETUP,24,TypeArtName,smallint,2,5,0,True,False,,
MSETUP,25,TypePrintArtName,smallint,2,5,0,True,False,,
MSETUP,26,TanKhah,bit,1,1,0,True,False,,
MSETUP,27,AskAnbar,bit,1,1,0,True,False,,
MSETUP,28,Dollar,bit,1,1,0,True,False,,
MSETUP,29,UnUsed1,bit,1,1,0,True,False,,
MSETUP,30,Type_Art,varchar,6,0,0,True,False,,Arabic_CI_AS
MSETUP,31,Darsad_Amozesh,bit,1,1,0,True,False,,
MSETUP,32,Darsad_Shahrdary,bit,1,1,0,True,False,,
MSETUP,33,Dollar_Unit,smallint,2,5,0,True,False,,
MSETUP,34,Negative_Fact,bit,1,1,0,True,False,,
MSETUP,35,SpdSelFacNumber,int,4,10,0,True,False,,
MSETUP,36,RunSlow,bit,1,1,0,True,False,,
MSETUP,37,RunAvi,bit,1,1,0,True,False,,
MSETUP,38,RunWav,bit,1,1,0,True,False,,
MSETUP,39,Serial_CodeEshtrak,varchar,10,0,0,True,False,,Arabic_CI_AS
MSETUP,40,Amani_Dar,varchar,3,0,0,True,False,,Arabic_CI_AS
MSETUP,41,Amani_Par,varchar,3,0,0,True,False,,Arabic_CI_AS
MSETUP,42,BackUpDate,datetime,8,23,3,False,False,(getdate()),
MSETUP,43,Del_Request,int,4,10,0,False,False,((0)),
MSETUP,44,ViewSarResidAfter,bit,1,1,0,False,False,((0)),
MSETUP,45,Del_AndroidFac,int,4,10,0,False,False,((0)),
MSETUP2,1,Name,varchar,50,0,0,False,False,,Arabic_CI_AS
MSETUP2,2,Boolean,bit,1,1,0,True,False,,
MSETUP2,3,Integer,int,4,10,0,True,False,,
MSETUP2,4,Double,float,8,53,0,True,False,,
MSETUP2,5,String,varchar,100,0,0,True,False,,Arabic_CI_AS
MSETUP2,6,Text,text,16,0,0,True,False,,Arabic_CI_AS
MSETUP3,1,Name,varchar,50,0,0,False,False,,Arabic_CI_AS
MSETUP3,2,Boolean,bit,1,1,0,True,False,,
MSETUP3,3,Integer,int,4,10,0,True,False,,
MSETUP3,4,Double,float,8,53,0,True,False,,
MSETUP3,5,String,varchar,4000,0,0,True,False,,Arabic_CI_AS
MSETUP3,6,Text,text,16,0,0,True,False,,Arabic_CI_AS
NEWBANK,1,Bank_Code,varchar,10,0,0,False,False,,Arabic_CI_AS
NEWBANK,2,Bank_Name,varchar,100,0,0,True,False,,Arabic_CI_AS
NEWBANK,3,Bank_Logo,int,4,10,0,False,False,((-1)),
NspdSel_Tasvieh,1,Id,int,4,10,0,False,True,,
NspdSel_Tasvieh,2,C_Code,varchar,5,0,0,False,False,,Arabic_CI_AS
NspdSel_Tasvieh,3,User_Code,int,4,10,0,False,False,,
NspdSel_Tasvieh,4,P_Date,datetime,8,23,3,False,False,,
NspdSel_Tasvieh,5,P_Time,datetime,8,23,3,False,False,,
NspdSel_Tasvieh,6,Price,float,8,53,0,True,False,,
OldFacture,1,id,int,4,10,0,False,True,,
OldFacture,2,Fac_Code_C,int,4,10,0,True,False,,
OldFacture,3,A_code,varchar,7,0,0,True,False,,Arabic_CI_AS
OldFacture,4,Fac_Code,varchar,6,0,0,True,False,,Arabic_CI_AS
OldFacture,5,Few_Article,float,8,53,0,True,False,,
OldFacture,6,Arz,nvarchar,100,0,0,True,False,,Arabic_CI_AS
OldFacture,7,Tool,varchar,50,0,0,True,False,,Arabic_CI_AS
OldFacture,8,Tool_Mandeh,nvarchar,60,0,0,True,False,,Arabic_CI_AS
OldFacture,9,Price_BS,float,8,53,0,True,False,,
OldFacture,10,A_IndexK_FacCode,smallint,2,5,0,True,False,,
OldFacture,11,Fac_TYpe,varchar,1,0,0,True,False,,Arabic_CI_AS
OptionsSnd,1,ID,int,4,10,0,False,True,,
OptionsSnd,2,Sanad_Code,int,4,10,0,False,False,((0)),
OptionsSnd,3,Snd_Index,int,4,10,0,False,False,((0)),
OptionsSnd,4,Fac_Code_C,nvarchar,100,0,0,True,False,,Arabic_CI_AS
OptionsSnd,5,TypeHazineh,int,4,10,0,False,False,((0)),
OptionsSnd,6,C_Code,nvarchar,100,0,0,True,False,,Arabic_CI_AS
OptionsSnd,7,Levy,float,8,53,0,True,False,,
OptionsSnd,8,Scot,float,8,53,0,True,False,,
OptionsSnd,9,TypeLevyScot,int,4,10,0,False,False,((0)),
ORD_BILD,1,A_Code,varchar,7,0,0,False,False,,Arabic_CI_AS
ORD_BILD,2,SellFactOld,float,8,53,0,True,False,,
ORD_BILD,3,M1,decimal,5,5,0,True,False,,
ORD_BILD,4,M2,decimal,5,5,0,True,False,,
ORD_BILD,5,M3,decimal,5,5,0,True,False,,
ORD_BILD,6,M4,decimal,5,5,0,True,False,,
ORD_BILD,7,M5,decimal,5,5,0,True,False,,
ORD_BILD,8,M6,decimal,5,5,0,True,False,,
ORD_BILD,9,M7,decimal,5,5,0,True,False,,
ORD_BILD,10,M8,decimal,5,5,0,True,False,,
ORD_BILD,11,M9,decimal,5,5,0,True,False,,
ORD_BILD,12,M10,decimal,5,5,0,True,False,,
ORD_BILD,13,M11,decimal,5,5,0,True,False,,
ORD_BILD,14,M12,decimal,5,5,0,True,False,,
ORD_BILD,15,M13,decimal,5,5,0,True,False,,
ORD_BILD,16,M14,decimal,5,5,0,True,False,,
ORD_BILD,17,M15,decimal,5,5,0,True,False,,
ORD_BILD,18,M16,decimal,5,5,0,True,False,,
ORD_BILD,19,M17,decimal,5,5,0,True,False,,
ORD_BILD,20,M18,decimal,5,5,0,True,False,,
ORD_BILD,21,M19,decimal,5,5,0,True,False,,
ORD_BILD,22,M20,decimal,5,5,0,True,False,,
ORD_BILD,23,M21,decimal,5,5,0,True,False,,
ORD_BILD,24,M22,decimal,5,5,0,True,False,,
ORD_BILD,25,M23,decimal,5,5,0,True,False,,
ORD_BILD,26,M24,decimal,5,5,0,True,False,,
PAY_WORK,1,CodePer,varchar,5,0,0,False,False,,Arabic_CI_AS
PAY_WORK,2,Month,smallint,2,5,0,False,False,,
PAY_WORK,3,Hogogh_Sabet,float,8,53,0,True,False,,
PAY_WORK,4,Sum_Maz_Sabet,float,8,53,0,True,False,,
PAY_WORK,5,Sum_Maz_Motegaier,float,8,53,0,True,False,,
PAY_WORK,6,Sum_Cosor_Motegaier,float,8,53,0,True,False,,
PAY_WORK,7,Morakhasi,float,8,53,0,True,False,,
PAY_WORK,8,Sum_EzafeWork,float,8,53,0,True,False,,
PAY_WORK,9,Sum_KasrWork,float,8,53,0,True,False,,
PAY_WORK,10,EZafeh,float,8,53,0,True,False,,
PAY_WORK,11,Kasr,float,8,53,0,True,False,,
PAY_WORK,12,Bimeh,float,8,53,0,True,False,,
PAY_WORK,13,Maliat,float,8,53,0,True,False,,
PAY_WORK,14,Hogogh_Pardakhti,float,8,53,0,True,False,,
PAY_WORK,15,Sanad_Code,int,4,10,0,False,False,((0)),
payTasvieh,1,Id,int,4,10,0,False,True,,
payTasvieh,2,fac_Code,varchar,6,0,0,False,False,,Arabic_CI_AS
payTasvieh,3,fac_Type,varchar,1,0,0,False,False,,Arabic_CI_AS
payTasvieh,4,sanad_Code,int,4,10,0,False,False,,
payTasvieh,5,Payvalue,float,8,53,0,False,False,((0)),
payTasvieh,6,Selected,bit,1,1,0,False,False,((0)),
PERSONEL,1,CodePer,varchar,5,0,0,False,False,,Arabic_CI_AS
PERSONEL,2,Str_PerCode,varchar,12,0,0,True,False,,Arabic_CI_AS
PERSONEL,3,Taahol,bit,1,1,0,True,False,,
PERSONEL,4,Tahsil,varchar,30,0,0,True,False,,Arabic_CI_AS
PERSONEL,5,Date_Employ,datetime,8,23,3,True,False,,
PERSONEL,6,Date_Tavalod,datetime,8,23,3,True,False,,
PERSONEL,7,Place_Work,varchar,15,0,0,True,False,,Arabic_CI_AS
PERSONEL,8,Semat,varchar,30,0,0,True,False,,Arabic_CI_AS
PERSONEL,9,Address,varchar,100,0,0,True,False,,Arabic_CI_AS
PERSONEL,10,Tel,varchar,30,0,0,True,False,,Arabic_CI_AS
PERSONEL,11,Name_F,varchar,20,0,0,True,False,,Arabic_CI_AS
PERSONEL,12,Child,int,4,10,0,True,False,,
PERSONEL,13,Id,nvarchar,40,0,0,True,False,,Arabic_CI_AS
PERSONEL,14,City,varchar,30,0,0,True,False,,Arabic_CI_AS
PERSONEL,15,Hogogh,float,8,53,0,True,False,,
PERSONEL,16,Time_Start,datetime,8,23,3,True,False,,
PERSONEL,17,Time_End,datetime,8,23,3,True,False,,
PERSONEL,18,Sum_Time_Work,float,8,53,0,True,False,,
PERSONEL,19,MazS_Khanvadeh,float,8,53,0,True,False,,
PERSONEL,20,MazS_Sarparasti,float,8,53,0,True,False,,
PERSONEL,21,MazS_AyabZahab,float,8,53,0,True,False,,
PERSONEL,22,MazS_Saier,float,8,53,0,True,False,,
PERSONEL,23,MazM_Padash,float,8,53,0,True,False,,
PERSONEL,24,MazM_Mamoriat,float,8,53,0,True,False,,
PERSONEL,25,CosorM_Jarimeh,float,8,53,0,True,False,,
PERSONEL,26,Price_Work,float,8,53,0,True,False,,
PERSONEL,27,Price_KasrWork,float,8,53,0,True,False,,
PERSONEL,28,Price_EzafeWork,float,8,53,0,True,False,,
PERSONEL,29,Morakhasi_Day,int,4,10,0,True,False,,
PERSONEL,30,Morakhasi_Hour,int,4,10,0,True,False,,
PERSONEL,31,Not_Shagel,bit,1,1,0,True,False,((0)),
PHONE_B,1,Code,int,4,10,0,False,True,,
PHONE_B,2,Code_C,varchar,8,0,0,True,False,,Arabic_CI_AS
PHONE_B,3,Family,varchar,50,0,0,True,False,,Arabic_CI_AS
PHONE_B,4,Name,varchar,15,0,0,True,False,,Arabic_CI_AS
PHONE_B,5,Name_Ekhtesari,varchar,20,0,0,True,False,,Arabic_CI_AS
PHONE_B,6,Counect_Name,varchar,40,0,0,True,False,,Arabic_CI_AS
PHONE_B,7,City_Name,varchar,15,0,0,True,False,,Arabic_CI_AS
PHONE_B,8,Zip_Code,varchar,8,0,0,True,False,,Arabic_CI_AS
PHONE_B,9,Tel1,varchar,20,0,0,True,False,,Arabic_CI_AS
PHONE_B,10,Tel2,varchar,20,0,0,True,False,,Arabic_CI_AS
PHONE_B,11,Fax,nvarchar,40,0,0,True,False,,Arabic_CI_AS
PHONE_B,12,Mobile,varchar,15,0,0,True,False,,Arabic_CI_AS
PHONE_B,13,E-mail,varchar,40,0,0,True,False,,Arabic_CI_AS
PHONE_B,14,ADDRESS,varchar,100,0,0,True,False,,Arabic_CI_AS
PHONE_B,15,Comment,varchar,100,0,0,True,False,,Arabic_CI_AS
PHONE_B,16,G_Code,int,4,10,0,True,False,,
PHONE_B,17,TypeRecord,smallint,2,5,0,True,False,,
PHONE_B,18,Serial,varchar,8,0,0,True,False,,Arabic_CI_AS
PHONE_B,19,Relation_Type,nvarchar,510,0,0,True,False,,Arabic_CI_AS
PHONE_B,20,Activity_Type,nvarchar,510,0,0,True,False,,Arabic_CI_AS
PHONE_B,21,Job,nvarchar,510,0,0,True,False,,Arabic_CI_AS
PHONE_B,22,Tel_Dakheli,nvarchar,30,0,0,True,False,,Arabic_CI_AS
PHONE_B,23,SM_ID,nvarchar,60,0,0,True,False,,Arabic_CI_AS
PHONE_B,24,Gender,int,4,10,0,False,False,((0)),
PHONE_B,25,SocialMedia,int,4,10,0,False,False,((0)),
PHONE_B,26,Company_Name,nvarchar,510,0,0,True,False,,Arabic_CI_AS
PHONE_G,1,G_Code,int,4,10,0,False,True,,
PHONE_G,2,G_Name,varchar,40,0,0,True,False,,Arabic_CI_AS
PorsantVaseteh,1,A_Code,varchar,7,0,0,False,False,,Arabic_CI_AS
PorsantVaseteh,2,C_Code,varchar,5,0,0,False,False,,Arabic_CI_AS
PorsantVaseteh,3,DarsadPorsantV,real,4,24,0,True,False,,
Pos_Account,1,Id,int,4,10,0,False,True,,
Pos_Account,2,Fac_Code,nvarchar,100,0,0,True,False,,Arabic_CI_AS
Pos_Account,3,Fac_Type,int,4,10,0,True,False,,
Pos_Account,4,Pos_Code,nvarchar,22,0,0,True,False,,Arabic_CI_AS
Pos_Account,5,Pos_Price,float,8,53,0,True,False,,
Pos_Account,6,Code_Peygiri,nvarchar,100,0,0,True,False,,Arabic_CI_AS
Pos_Account,7,Comment,nvarchar,510,0,0,True,False,,Arabic_CI_AS
PosActive,1,ID,int,4,10,0,False,True,,
PosActive,2,PosType,tinyint,1,3,0,True,False,,
PosActive,3,PosSerial,nvarchar,100,0,0,True,False,,Arabic_CI_AS
PosActive,4,PosKey,nvarchar,100,0,0,True,False,,Arabic_CI_AS
Poshak,1,ID,int,4,10,0,False,True,,
Poshak,2,ParentID,int,4,10,0,False,False,,
Poshak,3,A_Name,nvarchar,600,0,0,False,False,,Arabic_CI_AS
Poshak,4,PId,int,4,10,0,True,False,,
PoshakProperties,1,ID,int,4,10,0,False,True,,
PoshakProperties,2,ParentID,int,4,10,0,False,False,,
PoshakProperties,3,Name,nvarchar,600,0,0,False,False,,Arabic_CI_AS
PoshakProperties,4,SortItem,int,4,10,0,False,False,('0'),
PosTrans,1,ID,int,4,10,0,False,True,,
PosTrans,2,PosType,tinyint,1,3,0,False,False,,
PosTrans,3,Pos_Serial,nvarchar,100,0,0,True,False,,Arabic_CI_AS
PosTrans,4,ACOUND_N_ID,int,4,10,0,False,False,,
PosTrans,5,PosPrice,float,8,53,0,False,False,,
PosTrans,6,bank_name,nvarchar,510,0,0,True,False,,Arabic_CI_AS
PosTrans,7,ResultPosInt64,nvarchar,100,0,0,True,False,,Arabic_CI_AS
PosTrans,8,Pos_IPAddress,nvarchar,100,0,0,True,False,,Arabic_CI_AS
PosTrans,9,TransDate,datetime,8,23,3,False,False,,
PosTrans,10,Pos_AcceptorId,nvarchar,100,0,0,True,False,,Arabic_CI_AS
PosTrans,11,Pos_TerminalId,nvarchar,100,0,0,True,False,,Arabic_CI_AS
PosTrans,12,SerialCode,nvarchar,100,0,0,True,False,,Arabic_CI_AS
PosTrans,13,CompanyName,nvarchar,100,0,0,True,False,,Arabic_CI_AS
PosTrans,14,ischange,bit,1,1,0,True,False,((1)),
PosTrans,15,PosPriceKalaBarg,float,8,53,0,True,False,,
PPCART,1,id,int,4,10,0,False,True,,
PPCART,2,Code1,nvarchar,40,0,0,True,False,,Arabic_CI_AS
PPCART,3,Name1,nvarchar,500,0,0,True,False,,Arabic_CI_AS
PPCART,4,Code2,nvarchar,40,0,0,True,False,,Arabic_CI_AS
PPCART,5,Name2,nvarchar,500,0,0,True,False,,Arabic_CI_AS
PriceS_Detail,1,St_Code,int,4,10,0,False,False,,
PriceS_Detail,2,A_Code,nvarchar,14,0,0,False,False,,Arabic_CI_AS
PriceS_Detail,3,Price1,float,8,53,0,True,False,,
PriceS_Detail,4,Price2,float,8,53,0,True,False,,
PriceS_Detail,5,Price3,float,8,53,0,True,False,,
PriceS_Detail,6,Rowid,int,4,10,0,False,True,,
PriceS_Titr,1,St_Code,int,4,10,0,False,True,,
PriceS_Titr,2,St_MName,varchar,20,0,0,True,False,,Arabic_CI_AS
PriceS_Titr,3,St_SName,varchar,20,0,0,True,False,,Arabic_CI_AS
PRN_FACT,1,CIndex,int,4,10,0,False,False,,
PRN_FACT,2,CPriority,int,4,10,0,True,False,,
PRN_FACT,3,CVisible,bit,1,1,0,True,False,,
PRN_FACT,4,CFarsiName,varchar,25,0,0,True,False,,Arabic_CI_AS
PRN_FACT,5,CWidth,int,4,10,0,True,False,,
PRN_FACT,6,FColor,int,4,10,0,True,False,,
PRN_FACT,7,FName,varchar,50,0,0,True,False,,Arabic_CI_AS
PRN_FACT,8,FSize,int,4,10,0,True,False,,
PRN_FACT,9,FStyle,smallint,2,5,0,True,False,,
PrnF_Art,1,FCode,int,4,10,0,False,False,,
PrnF_Art,2,Index,int,4,10,0,False,False,,
PrnF_Art,3,A_Name,varchar,30,0,0,True,False,,Arabic_CI_AS
PrnF_Art,4,Few,float,8,53,0,True,False,,
PrnF_Art,5,Comment,varchar,150,0,0,True,False,,Arabic_CI_AS
PrnF_Art,6,Boofeh_Ashpaz,int,4,10,0,True,False,,
PrnIndex,1,PrinterName,varchar,15,0,0,False,False,,Arabic_CI_AS
PrnIndex,2,PrinterIndex,smallint,2,5,0,True,False,,
Process,1,C_Code,nvarchar,10,0,0,True,False,,Arabic_CI_AS
Process,2,Comment,nvarchar,1000,0,0,True,False,,Arabic_CI_AS
Process,3,DateProc,nvarchar,20,0,0,True,False,,Arabic_CI_AS
Process,4,KindProc,char,10,0,0,True,False,,Arabic_CI_AS
Process,5,NameProc,char,10,0,0,True,False,,Arabic_CI_AS
Process,6,Number,char,12,0,0,True,False,,Arabic_CI_AS
Process,7,ProcId,int,4,10,0,True,False,,
Process,8,TimeProc,nvarchar,10,0,0,True,False,,Arabic_CI_AS
Process,9,User_Code,int,4,10,0,True,False,,
Process,10,Blob,image,16,0,0,True,False,,
Process,11,ID,int,4,10,0,False,True,,
Process,12,WEBBLOB,image,16,0,0,True,False,,
Q_Hlp,1,C_Code,int,4,10,0,False,False,,
Q_Hlp,2,A_Code,nvarchar,14,0,0,True,False,,Arabic_CI_AS
Q_Hlp,3,A_Code_C,varchar,50,0,0,True,False,,Arabic_CI_AS
Q_Hlp,4,A_Name,nvarchar,120,0,0,True,False,,Arabic_CI_AS
Q_Hlp,5,Count,float,8,53,0,True,False,,
Q_Hlp,6,Model,nvarchar,30,0,0,True,False,,Arabic_CI_AS
Q_Hlp,7,M_groupname,nvarchar,60,0,0,True,False,,Arabic_CI_AS
Q_Hlp,8,S_groupname,nvarchar,60,0,0,True,False,,Arabic_CI_AS
Q_Hlp,9,VahedCode,int,4,10,0,True,False,,
R_Setup,1,GroupNo,nvarchar,4,0,0,False,False,,Arabic_CI_AS
R_Setup,2,Name,nvarchar,120,0,0,False,False,,Arabic_CI_AS
R_Setup,3,Caption,nvarchar,400,0,0,True,False,,Arabic_CI_AS
R_Setup,4,Field_Show_Name,nvarchar,120,0,0,True,False,,Arabic_CI_AS
R_Setup,5,Checked,bit,1,1,0,True,False,,
R_Setup,6,Width,smallint,2,5,0,True,False,,
R_Setup,7,F_Name,nvarchar,100,0,0,True,False,,Arabic_CI_AS
R_Setup,8,F_Size,smallint,2,5,0,True,False,,
R_Setup,9,F_Bold,bit,1,1,0,True,False,,
R_Setup,10,F_Color,float,8,53,0,True,False,,
R_Setup,11,FieldIndex,smallint,2,5,0,True,False,,
R_Setup,12,IsOrder,bit,1,1,0,True,False,,
R_Setup,13,InOrderBy,bit,1,1,0,True,False,,
R_Setup,14,OrderByIndex,smallint,2,5,0,True,False,,
R_Setup,15,Number_Str,bit,1,1,0,True,False,,
R_Setup,16,Alignment,smallint,2,5,0,True,False,,
R_Setup,17,HasGroup,bit,1,1,0,True,False,,
RateLabel,1,Id,int,4,10,0,False,True,,
RateLabel,2,LabelName,nvarchar,1000,0,0,True,False,,Arabic_CI_AS
REMEMBER_USERS,1,id,int,4,10,0,False,True,,
REMEMBER_USERS,2,Remember_id,int,4,10,0,True,False,,
REMEMBER_USERS,3,UserCode,int,4,10,0,True,False,,
RememberEvent,1,Id,int,4,10,0,False,True,,
RememberEvent,2,ENId,int,4,10,0,False,False,,
RememberEvent,3,Date,datetime,8,23,3,True,False,,
RememberEvent,4,Time,datetime,8,23,3,True,False,,
RememberEvent,5,DateFrom,datetime,8,23,3,True,False,,
RememberEvent,6,TimeFrom,datetime,8,23,3,True,False,,
RememberEvent,7,DateTo,datetime,8,23,3,True,False,,
RememberEvent,8,TimeTo,datetime,8,23,3,True,False,,
RememberEvent,9,Comment,nvarchar,1000,0,0,True,False,,Arabic_CI_AS
RememberEvent,10,UserCodeInc,int,4,10,0,True,False,,
RememberEvent,11,Beep,bit,1,1,0,False,False,((1)),
RememberEvent,12,CntRepDay,float,8,53,0,False,False,((0)),
RememberEvent,13,UserCode,int,4,10,0,True,False,,
Rent,1,TarafeGharardadType,int,4,10,0,False,False,,
Rent,2,TedadShoraka,int,4,10,0,False,False,,
Rent,3,RentNumber,bigint,8,19,0,False,False,,
Rent,4,RentDate,datetime,8,23,3,True,False,,
Rent,5,RentTypeCode,smallint,2,5,0,True,False,,
Rent,6,RentType,smallint,2,5,0,True,False,,
Rent,7,Comment,nvarchar,8000,0,0,True,False,,Arabic_CI_AS
Rent,8,CarType,smallint,2,5,0,True,False,,
Rent,9,UsedType,smallint,2,5,0,True,False,,
Rent,10,Melk_OstanCode,int,4,10,0,True,False,,
Rent,11,Melk_CityCode,int,4,10,0,True,False,,
Rent,12,Melk_Address,nvarchar,8000,0,0,True,False,,Arabic_CI_AS
Rent,13,Melk_PostCode,nvarchar,200,0,0,True,False,,Arabic_CI_AS
Rent,14,Melk_TellPishCode,nvarchar,200,0,0,True,False,,Arabic_CI_AS
Rent,15,Melk_Tell,nvarchar,200,0,0,True,False,,Arabic_CI_AS
Rent,16,PelakSabtiAsli,nvarchar,200,0,0,True,False,,Arabic_CI_AS
Rent,17,PelakSabtiFari,nvarchar,200,0,0,True,False,,Arabic_CI_AS
Rent,18,BakhshSabti,nvarchar,200,0,0,True,False,,Arabic_CI_AS
Rent,19,ShenaseMelk,nvarchar,200,0,0,True,False,,Arabic_CI_AS
Rent,20,KindType,int,4,10,0,True,False,,
Rent,21,ArzType,int,4,10,0,True,False,,
Rent,22,Price,float,8,53,0,True,False,,
Rent,23,Levy,int,4,10,0,True,False,,
Rent,24,Scot,int,4,10,0,True,False,,
Rent,25,LevyMaksoore,float,8,53,0,True,False,,
Rent,26,ArzPrice,float,8,53,0,True,False,,
Rent,27,Arz_Levy,int,4,10,0,True,False,,
Rent,28,Arz_Scot,int,4,10,0,True,False,,
Rent,29,Arz_LevyMaksoore,float,8,53,0,True,False,,
Rent,30,ArzBarabari,float,8,53,0,True,False,((0)),
Rent,31,ArzBarabari_Levy,float,8,53,0,True,False,((0)),
Rent,32,ArzBarabari_Scot,float,8,53,0,True,False,((0)),
Rent,33,ArzBarabari_LevyMaks,float,8,53,0,True,False,((0)),
Rent,34,ChangeArzToPrice,float,8,53,0,True,False,((0)),
Rent,35,ChangRialiLevy,float,8,53,0,True,False,((0)),
Rent,36,ChangRialiScot,float,8,53,0,True,False,((0)),
Rent,37,ChangRialLevyMaks,float,8,53,0,True,False,((0)),
Rent,38,Sanad_Code,int,4,10,0,True,False,,
Rent,39,Sanad_Date,datetime,8,23,3,True,False,,
Rent,40,Cust_Type,int,4,10,0,True,False,,
Rent,41,Cust_Notionality,int,4,10,0,True,False,,
Rent,42,Cust_Code,nvarchar,1000,0,0,True,False,,Arabic_CI_AS
Rent,43,Cust_Code_C,nvarchar,1000,0,0,True,False,,Arabic_CI_AS
Rent,44,Cust_Name,nvarchar,1000,0,0,True,False,,Arabic_CI_AS
Rent,45,Cust_CompanyName,nvarchar,1000,0,0,True,False,,Arabic_CI_AS
Rent,46,Cust_EconomicCode,nvarchar,1000,0,0,True,False,,Arabic_CI_AS
Rent,47,Cust_NationalCode,nvarchar,1000,0,0,True,False,,Arabic_CI_AS
Rent,48,Cust_TellPishCode,nvarchar,1000,0,0,True,False,,Arabic_CI_AS
Rent,49,Cust_Tell,nvarchar,1000,0,0,True,False,,Arabic_CI_AS
Rent,50,Cust_OstanCode,nvarchar,1000,0,0,True,False,,Arabic_CI_AS
Rent,51,Cust_CityCode,nvarchar,1000,0,0,True,False,,Arabic_CI_AS
Rent,52,Cust_Address,nvarchar,8000,0,0,True,False,,Arabic_CI_AS
Rent,53,Cust_PostCode,nvarchar,1000,0,0,True,False,,Arabic_CI_AS
Rent,54,Season,int,4,10,0,True,False,,
Rent,55,Years,int,4,10,0,True,False,,
REQUEST,1,Index,int,4,10,0,False,True,,
REQUEST,2,R_arcode,varchar,7,0,0,True,False,,Arabic_CI_AS
REQUEST,3,R_arname,varchar,255,0,0,True,False,,Arabic_CI_AS
REQUEST,4,R_cusname,varchar,60,0,0,True,False,,Arabic_CI_AS
REQUEST,5,R_few,float,8,53,0,True,False,,
REQUEST,6,R_newcost,float,8,53,0,True,False,,
REQUEST,7,Old_Cost,float,8,53,0,True,False,,
REQUEST,8,R_date,datetime,8,23,3,True,False,,
REQUEST,9,R_commen,varchar,60,0,0,True,False,,Arabic_CI_AS
Res_ArtType,1,Id,int,4,10,0,False,True,,
Res_ArtType,2,Name,varchar,50,0,0,True,False,,Arabic_CI_AS
Res_ArtType,3,ID_NewMarkaz,int,4,10,0,False,False,((0)),
Res_DailyRep,1,User_Code,int,4,10,0,False,False,,
Res_DailyRep,2,User_Date,datetime,8,23,3,False,False,,
Res_DailyRep,3,Fac_Type,varchar,1,0,0,False,False,,Arabic_CI_AS
Res_DailyRep,4,Sum_Price,float,8,53,0,False,False,((0)),
Res_DailyRep,5,Sum_Naghd,float,8,53,0,False,False,((0)),
Res_DailyRep,6,Sum_Nesieh,float,8,53,0,False,False,((0)),
Res_DailyRep,7,Sum_Pos,float,8,53,0,False,False,((0)),
Res_DailyRep,8,Sum_Takhfif,float,8,53,0,False,False,((0)),
Res_DailyRep,9,Sum_Hazineh,float,8,53,0,False,False,((0)),
Res_DailyRep,10,Sum_LevyScot,float,8,53,0,False,False,((0)),
Res_DailyRep,11,Sum_Bon,float,8,53,0,True,False,,
Res_DailyRep,12,F_Date,smalldatetime,4,16,0,True,False,,
Res_DailyRep,13,SumService,float,8,53,0,True,False,,
Res_DailyRep,14,SellCode,nvarchar,50,0,0,True,False,,Arabic_CI_AS
Res_DailyRep,15,Sum_KalaBarg,float,8,53,0,False,False,((0)),
Res_Desk,1,Desk_Name,nvarchar,20,0,0,False,False,,Arabic_CI_AS
Res_Desk,2,Desk_Comment,nvarchar,60,0,0,True,False,,Arabic_CI_AS
Res_Desk,3,Desk_Open,bit,1,1,0,True,False,,
Res_Desk,4,Id,int,4,10,0,False,True,,
Res_Desk,5,Chair_Count,int,4,10,0,False,False,((0)),
Res_Desk,6,Status,bit,1,1,0,False,False,((0)),
Res_Fac_List,1,F_Code,bigint,8,19,0,False,False,,
Res_Fac_List,2,FL_Index,smallint,2,5,0,False,False,,
Res_Fac_List,3,A_Code,char,7,0,0,True,False,,Arabic_CI_AS
Res_Fac_List,4,FL_Few,float,8,53,0,True,False,,
Res_Fac_List,5,FL_Price,float,8,53,0,True,False,,
Res_Fac_List,6,FL_Comment,nvarchar,8000,0,0,True,False,,Arabic_CI_AS
Res_Fac_List,7,Levy,float,8,53,0,True,False,((0)),
Res_Fac_List,8,Scot,float,8,53,0,True,False,((0)),
Res_Fac_List,9,Darsad_Takhfif,float,8,53,0,False,False,((0)),
Res_Fac_List,10,TakhfifSatrir,float,8,53,0,False,False,((0)),
Res_Fac_List,11,Darsad_Type,bit,1,1,0,True,False,((0)),
Res_Fac_List,12,Fl_Inc_Index,int,4,10,0,False,True,,
Res_Fac_List,13,Art_OuterOrd,bit,1,1,0,False,False,((0)),
Res_Fac_List,14,FewKarton,float,8,53,0,True,False,((0)),
Res_Fac_List,15,FewBasteh,float,8,53,0,True,False,((0)),
Res_Fac_List,16,SumTakhfifSatri_P,float,8,53,0,False,False,((0)),
Res_Fac_List,17,Sigar_Levy,float,8,53,0,False,False,((0)),
Res_Fac_List,18,Sigar_Scot,float,8,53,0,False,False,((0)),
Res_Fac_List,19,SelPriceID,int,4,10,0,False,False,((1)),
Res_Fac_List,20,MinA_Name,nvarchar,510,0,0,True,False,,Arabic_CI_AS
Res_Fac_List,21,Unit_Code,int,4,10,0,False,False,((0)),
Res_Fac_List,22,Unit_Few,float,8,53,0,False,False,((1)),
Res_Fac_List,23,Buy_Price,float,8,53,0,False,False,((0)),
Res_Fac_List,24,Vaseteh_Code,varchar,5,0,0,True,False,,Arabic_CI_AS
Res_Fac_List,25,darsadporsant,float,8,53,0,True,False,,
Res_Fac_List,26,RFID_Code,varchar,50,0,0,True,False,(''),Arabic_CI_AS
Res_Fac_List,27,RFID_UserCode,int,4,10,0,True,False,(''),
Res_Fac_List,28,FewKartonArt,float,8,53,0,True,False,,
Res_Fac_List,29,FewinbastehArt,float,8,53,0,True,False,,
Res_FacList_Log,1,Fac_Code,varchar,6,0,0,False,False,,Arabic_CI_AS
Res_FacList_Log,2,A_Code,varchar,7,0,0,False,False,,Arabic_CI_AS
Res_FacList_Log,3,A_Index,smallint,2,5,0,False,False,,
Res_FacList_Log,4,Few_Article,float,8,53,0,True,False,,
Res_FacList_Log,5,Price_BS,float,8,53,0,True,False,,
Res_FacList_Log,6,DarsadTakhfif,float,8,53,0,True,False,,
Res_FacList_Log,7,Levy,float,8,53,0,True,False,,
Res_FacList_Log,8,Scot,float,8,53,0,True,False,,
Res_FacList_Log,9,TakhfifSatriR,float,8,53,0,True,False,,
Res_FacList_Log,10,Darsad_Type,bit,1,1,0,True,False,,
Res_FacList_Log,11,Id,int,4,10,0,False,True,,
Res_FacList_Log,12,Id_Master,int,4,10,0,True,False,,
Res_FacList_Log,13,Peik_Flag,bit,1,1,0,False,False,((0)),
Res_Factur_Log,1,Fac_Code,varchar,6,0,0,False,False,,Arabic_CI_AS
Res_Factur_Log,2,Fac_Type,varchar,1,0,0,False,False,('F'),Arabic_CI_AS
Res_Factur_Log,3,Fac_Code_C,int,4,10,0,True,False,,
Res_Factur_Log,4,C_Code,varchar,5,0,0,True,False,,Arabic_CI_AS
Res_Factur_Log,5,Fac_Date,datetime,8,23,3,True,False,,
Res_Factur_Log,6,Fac_Time,datetime,8,23,3,True,False,,
Res_Factur_Log,7,Sum_Price,float,8,53,0,True,False,,
Res_Factur_Log,8,Sum_Few,float,8,53,0,True,False,,
Res_Factur_Log,9,Fac_Comment,nvarchar,8000,0,0,True,False,,Arabic_CI_AS
Res_Factur_Log,10,FNaghd,float,8,53,0,True,False,,
Res_Factur_Log,11,FNesieh,float,8,53,0,True,False,,
Res_Factur_Log,12,Takhfif,float,8,53,0,True,False,,
Res_Factur_Log,13,Sanad_Code,int,4,10,0,True,False,,
Res_Factur_Log,14,Card,float,8,53,0,True,False,,
Res_Factur_Log,15,OldDAmoozesh,float,8,53,0,False,False,((0)),
Res_Factur_Log,16,OldDShahrdary,float,8,53,0,False,False,((0)),
Res_Factur_Log,17,Sum_Levy,float,8,53,0,False,False,((0)),
Res_Factur_Log,18,Sum_Scot,float,8,53,0,False,False,((0)),
Res_Factur_Log,19,IsLevyAndScot,bit,1,1,0,True,False,,
Res_Factur_Log,20,Res_ServicePrice,float,8,53,0,True,False,,
Res_Factur_Log,21,Res_HazPrice,float,8,53,0,True,False,,
Res_Factur_Log,22,UserCode,int,4,10,0,True,False,,
Res_Factur_Log,23,Kind_Vat,smallint,2,5,0,True,False,,
Res_Factur_Log,24,F_Type_Res_Nspd,varchar,1,0,0,False,False,('R'),Arabic_CI_AS
Res_Factur_Log,25,Id,int,4,10,0,False,True,,
Res_Factur_Log,26,BonPrice,float,8,53,0,True,False,,
Res_Factur_Log,27,EditFlag,smallint,2,5,0,False,False,((0)),
Res_Factur_Log,28,C_Code_Peik,nvarchar,10,0,0,True,False,,Arabic_CI_AS
Res_Factur_Log,29,Bon_No,varchar,50,0,0,False,False,((0)),Arabic_CI_AS
Res_Factur_Log,30,F_Code,int,4,10,0,True,False,,
Res_Factur_Log,31,Pos_KalaBarg_Code,varchar,11,0,0,True,False,(''),Arabic_CI_AS
Res_Factur_Log,32,F_KalaBarg,float,8,53,0,False,False,((0)),
Res_Facture,1,F_Code,bigint,8,19,0,False,True,,
Res_Facture,2,F_Type,tinyint,1,3,0,True,False,,
Res_Facture,3,F_Code_C,bigint,8,19,0,True,False,,
Res_Facture,4,F_Date,smalldatetime,4,16,0,True,False,,
Res_Facture,5,F_Time,nvarchar,10,0,0,True,False,,Arabic_CI_AS
Res_Facture,6,Ext_Time1,nvarchar,10,0,0,True,False,,Arabic_CI_AS
Res_Facture,7,Ext_Time2,nvarchar,10,0,0,True,False,,Arabic_CI_AS
Res_Facture,8,C_Code,nvarchar,10,0,0,True,False,,Arabic_CI_AS
Res_Facture,9,Desk_Name,nvarchar,20,0,0,True,False,,Arabic_CI_AS
Res_Facture,10,F_Naghd,float,8,53,0,True,False,,
Res_Facture,11,F_Nesieh,float,8,53,0,True,False,,
Res_Facture,12,F_Takhfif,float,8,53,0,True,False,,
Res_Facture,13,F_Service,float,8,53,0,True,False,,
Res_Facture,14,F_Haz1,float,8,53,0,True,False,,
Res_Facture,15,F_Haz2,float,8,53,0,True,False,,
Res_Facture,16,F_SumPrice,float,8,53,0,True,False,,
Res_Facture,17,F_Comment,nvarchar,8000,0,0,True,False,,Arabic_CI_AS
Res_Facture,18,UserCode,smallint,2,5,0,True,False,,
Res_Facture,19,C_Code_Peik,varchar,5,0,0,True,False,,Arabic_CI_AS
Res_Facture,20,Outer_Ord,bit,1,1,0,True,False,,
Res_Facture,21,Tasvieh_Peik,bit,1,1,0,True,False,((0)),
Res_Facture,22,ResFacSender,tinyint,1,3,0,True,False,((0)),
Res_Facture,23,UserCodeFacEdit,smallint,2,5,0,True,False,,
Res_Facture,24,F_Pos,float,8,53,0,True,False,((0)),
Res_Facture,25,Pos_Code,varchar,11,0,0,True,False,(''),Arabic_CI_AS
Res_Facture,26,Sum_Levy,float,8,53,0,True,False,((0)),
Res_Facture,27,Sum_Scot,float,8,53,0,True,False,((0)),
Res_Facture,28,Check_Tasvieh,bit,1,1,0,False,False,((0)),
Res_Facture,29,RemoteIp,nvarchar,40,0,0,True,False,,Arabic_CI_AS
Res_Facture,30,PPCFCode,smallint,2,5,0,True,False,,
Res_Facture,31,RemoteHost,nvarchar,40,0,0,True,False,,Arabic_CI_AS
Res_Facture,32,Fac_Type,varchar,1,0,0,False,False,('R'),Arabic_CI_AS
Res_Facture,33,CheckPrint,bit,1,1,0,False,False,((0)),
Res_Facture,34,Money_Code,int,4,10,0,False,False,((1)),
Res_Facture,35,Money_Price,float,8,53,0,False,False,((1)),
Res_Facture,36,DarsadTakhfif,float,8,53,0,False,False,((0)),
Res_Facture,37,DarsadService,float,8,53,0,False,False,((0)),
Res_Facture,38,UsedByUser,varchar,50,0,0,True,False,,Arabic_CI_AS
Res_Facture,39,Naghd_Moddat,bit,1,1,0,False,False,((0)),
Res_Facture,40,FType_KF,varchar,1,0,0,False,False,('F'),Arabic_CI_AS
Res_Facture,41,Kind_Vat,smallint,2,5,0,True,False,,
Res_Facture,42,Res_No,nvarchar,8,0,0,True,False,,Arabic_CI_AS
Res_Facture,43,Scale_No,nvarchar,2,0,0,True,False,,Arabic_CI_AS
Res_Facture,44,PagerNo,varchar,15,0,0,True,False,,Arabic_CI_AS
Res_Facture,45,ExporterSId,int,4,10,0,True,False,,
Res_Facture,46,Bon_Price,float,8,53,0,False,False,((0)),
Res_Facture,47,Bon_No,varchar,20,0,0,True,False,,Arabic_CI_AS
Res_Facture,48,Alias_Name,varchar,60,0,0,True,False,,Arabic_CI_AS
Res_Facture,49,CallerId_Num,varchar,20,0,0,True,False,,Arabic_CI_AS
Res_Facture,50,F_Peik,float,8,53,0,True,False,,
Res_Facture,51,UserSell,int,4,10,0,False,False,((0)),
Res_Facture,52,Selected,bit,1,1,0,False,False,((0)),
Res_Facture,53,C_CodeGauranty,varchar,5,0,0,True,False,,Arabic_CI_AS
Res_Facture,54,TasviehDate,datetime,8,23,3,True,False,,
Res_Facture,55,hlpFieldL,bit,1,1,0,True,False,,
Res_Facture,56,InsuranceId,smallint,2,5,0,True,False,,
Res_Facture,57,InsuranceNo,varchar,20,0,0,True,False,,Arabic_CI_AS
Res_Facture,58,MedicalNo,varchar,20,0,0,True,False,,Arabic_CI_AS
Res_Facture,59,Alias_Mobile,varchar,60,0,0,True,False,,Arabic_CI_AS
Res_Facture,60,IsLevyAndScot,bit,1,1,0,True,False,,
Res_Facture,61,ScaleNo,int,4,10,0,False,False,((0)),
Res_Facture,62,UPDATEFLAG,bit,1,1,0,False,False,((0)),
Res_Facture,63,Sum_Sigar_Levy,float,8,53,0,False,False,((0)),
Res_Facture,64,Sum_Sigar_Scot,float,8,53,0,False,False,((0)),
Res_Facture,65,Takhfif_P_KolFact,float,8,53,0,False,False,((0)),
Res_Facture,66,SumTakhfif_P,float,8,53,0,False,False,((0)),
Res_Facture,67,FACTRANS,int,4,10,0,False,False,((0)),
Res_Facture,68,RFID_Code,varchar,50,0,0,True,False,(''),Arabic_CI_AS
Res_Facture,69,RFID_UserCode,int,4,10,0,True,False,(''),
Res_Facture,70,NSPDPorsantPelekani,float,8,53,0,True,False,((0)),
Res_Facture,71,IS_OnlineFacture,bit,1,1,0,False,False,((0)),
Res_Facture,72,isDelivered,bit,1,1,0,False,False,((0)),
Res_Facture,73,GuestCount,int,4,10,0,False,False,((0)),
Res_Facture,74,F_KalaBarg,float,8,53,0,False,False,((0)),
Res_Facture,75,Pos_KalaBarg_Code,varchar,11,0,0,True,False,(''),Arabic_CI_AS
Res_LogRequest,1,Id,int,4,10,0,False,True,,
Res_LogRequest,2,RemoteIp,nvarchar,40,0,0,True,False,,Arabic_CI_AS
Res_LogRequest,3,RemoteHost,nvarchar,40,0,0,True,False,,Arabic_CI_AS
Res_LogRequest,4,RemotePort,smallint,2,5,0,True,False,,
Res_LogRequest,5,Message,varchar,8000,0,0,True,False,,Arabic_CI_AS
Res_LogRequest,6,NoMsg,smallint,2,5,0,True,False,,
Res_LogRequest,7,StateMsg,smallint,2,5,0,True,False,,
Res_LogRequest,8,DateTime,datetime,8,23,3,True,False,,
Res_LogRespond,1,Id,int,4,10,0,False,True,,
Res_LogRespond,2,RemoteIp,nvarchar,40,0,0,True,False,,Arabic_CI_AS
Res_LogRespond,3,RemoteHost,nvarchar,40,0,0,True,False,,Arabic_CI_AS
Res_LogRespond,4,RemotePort,smallint,2,5,0,True,False,,
Res_LogRespond,5,Message,image,16,0,0,True,False,,
Res_LogRespond,6,NoMsg,smallint,2,5,0,True,False,,
Res_LogRespond,7,StateMsg,smallint,2,5,0,True,False,,
Res_LogRespond,8,DateTime,datetime,8,23,3,True,False,,
Res_MenuArt,1,A_Type,smallint,2,5,0,False,False,,
Res_MenuArt,2,ButtonNo,smallint,2,5,0,False,False,,
Res_MenuArt,3,A_Code,varchar,7,0,0,True,False,,Arabic_CI_AS
Res_MenuArt,4,PerfectA_Name,varchar,50,0,0,True,False,,Arabic_CI_AS
Res_MenuArt,5,MinA_Name,varchar,50,0,0,True,False,,Arabic_CI_AS
Res_MenuArt,6,ShortKey,int,4,10,0,True,False,,
Res_MenuArt,7,IsActive,bit,1,1,0,True,False,,
Res_MenuArt,8,A_Image,image,16,0,0,True,False,,
Res_MenuArt,9,ArtForKiosk,bit,1,1,0,False,False,((1)),
Res_MenuArt,10,Menu_Color,nvarchar,40,0,0,True,False,,Arabic_CI_AS
Res_MenuArt,11,IsKarton,bit,1,1,0,False,False,((0)),
Res_MenuCategory,1,A_Type,smallint,2,5,0,False,True,,
Res_MenuCategory,2,A_Type_Name,varchar,50,0,0,True,False,,Arabic_CI_AS
Res_MenuCategory,3,IsActive,bit,1,1,0,True,False,,
Res_MenuCategory,4,SheetOrder,smallint,2,5,0,True,False,,
Res_MenuCategory,5,Fac_Type,varchar,1,0,0,False,False,('R'),Arabic_CI_AS
Res_MenuCategory,6,Menu_Image,image,16,0,0,True,False,,
Res_Order,1,OID,int,4,10,0,False,True,,
Res_Order,2,UserCodeInc,int,4,10,0,True,False,,
Res_Order,3,Desk_Name,nvarchar,100,0,0,True,False,,Arabic_CI_AS
Res_Order,4,C_Code,nvarchar,100,0,0,True,False,,Arabic_CI_AS
Res_Order,5,DateTime,datetime,8,23,3,True,False,,
Res_OrderList,1,OLID,int,4,10,0,False,True,,
Res_OrderList,2,OID,int,4,10,0,True,False,,
Res_OrderList,3,A_Code,nvarchar,100,0,0,True,False,,Arabic_CI_AS
Res_OrderList,4,CountA,int,4,10,0,True,False,,
Res_Pattern,1,Id,int,4,10,0,False,True,,
Res_Pattern,2,P_Name,varchar,255,0,0,True,False,,Arabic_CI_AS
Res_Pattern,3,ModifyDate,datetime,8,23,3,True,False,,
Res_PatternDetail,1,Id,int,4,10,0,False,True,,
Res_PatternDetail,2,Res_PatternId,bigint,8,19,0,True,False,,
Res_PatternDetail,3,A_Name,varchar,255,0,0,True,False,,Arabic_CI_AS
Res_PatternDetail,4,A_Code,varchar,7,0,0,False,False,,Arabic_CI_AS
Res_PatternDetail,5,A_Code_C,nvarchar,40,0,0,True,False,,Arabic_CI_AS
Res_PatternDetail,6,Pattern_Date,datetime,8,23,3,True,False,,
Res_PatternDetail,7,MaxSell_Days,int,4,10,0,False,False,,
Res_Peik,1,RP_Code,int,4,10,0,False,True,,
Res_Peik,2,C_Code,char,5,0,0,True,False,,Arabic_CI_AS
Res_Peik,3,RP_Date,smalldatetime,4,16,0,True,False,,
Res_Peik,4,Few,int,4,10,0,True,False,,
Res_Peik,5,price,float,8,53,0,True,False,,
Res_Peik,6,Fac_Type,varchar,1,0,0,False,False,('R'),Arabic_CI_AS
Res_Reservation,1,ID,int,4,10,0,False,True,,
Res_Reservation,2,Time_In,datetime,8,23,3,False,False,,
Res_Reservation,3,Time_Out,datetime,8,23,3,False,False,,
Res_Reservation,4,Desk_ID,int,4,10,0,True,False,,
Res_Reservation,5,Reserve_Date,datetime,8,23,3,False,False,,
Res_Reservation,6,Reserve_Comment,nvarchar,1000,0,0,True,False,,Arabic_CI_AS
Res_Reservation,7,Customer_Name,nvarchar,510,0,0,False,False,,Arabic_CI_AS
Res_Reservation,8,Busy,bit,1,1,0,True,False,,
Res_Reservation,9,Fac_Code,bigint,8,19,0,True,False,,
Res_Reservation,10,C_Code,varchar,5,0,0,True,False,,Arabic_CI_AS
Res_Reservation,11,Fac_Type,varchar,1,0,0,True,False,,Arabic_CI_AS
ReserveDetail,1,Fac_Code,varchar,6,0,0,False,False,,Arabic_CI_AS
ReserveDetail,2,A_Code,varchar,7,0,0,False,False,,Arabic_CI_AS
ReserveDetail,3,ACode_C,varchar,50,0,0,True,False,,Arabic_CI_AS
ReserveDetail,4,Type,varchar,1,0,0,True,False,,Arabic_CI_AS
ReserveDetail,5,A_Index,int,4,10,0,False,False,,
ReserveDetail,6,A_Type,varchar,1,0,0,True,False,,Arabic_CI_AS
ReserveDetail,7,Few,float,8,53,0,True,False,,
ReserveDetail,8,Few2,float,8,53,0,True,False,,
ReserveDetail,9,Price_BS,float,8,53,0,True,False,,
ReserveDetail,10,Comment,text,16,0,0,True,False,,Arabic_CI_AS
ReserveDetail,11,FacArtic_Comment,text,16,0,0,True,False,,Arabic_CI_AS
ReserveDetail,12,Tedad,varchar,10,0,0,True,False,,Arabic_CI_AS
ReserveFactart,1,FacCode,int,4,10,0,False,False,((0)),
ReserveFactart,2,Fac_Type,varchar,1,0,0,True,False,,Arabic_CI_AS
ReserveFactart,3,A_Code,varchar,7,0,0,True,False,,Arabic_CI_AS
ReserveFactart,4,A_Code_C,varchar,255,0,0,True,False,,Arabic_CI_AS
ReserveFactart,5,A_Name,nvarchar,510,0,0,True,False,,Arabic_CI_AS
ReserveFactart,6,S_GroupName,nvarchar,510,0,0,True,False,,Arabic_CI_AS
ReserveFactart,7,M_GroupName,nvarchar,510,0,0,True,False,,Arabic_CI_AS
ReserveFactart,8,Index,smallint,2,5,0,True,False,,
ReserveFactart,9,Few_Article2,float,8,53,0,True,False,,
ReserveFactart,10,Buy_Price,float,8,53,0,True,False,,
ReserveFactart,11,Levy,float,8,53,0,True,False,,
ReserveFactart,12,Scot,float,8,53,0,True,False,,
ReserveFactart,13,EndBuy_Price,float,8,53,0,True,False,,
ReserveFactart,14,Money_Code,int,4,10,0,True,False,,
ReserveFactart,15,DarsadHaz,float,8,53,0,True,False,,
ReserveFactart,16,Unit_Code,int,4,10,0,True,False,,
ReserveFactart,17,Buy_Dollar,float,8,53,0,True,False,,
ReserveFactart,18,Sel_Price,float,8,53,0,True,False,,
ReserveFactart,19,Karton,float,8,53,0,True,False,,
ReserveFactart,20,Basteh,float,8,53,0,True,False,,
ReserveFactart,21,Unit_Name,nvarchar,510,0,0,True,False,,Arabic_CI_AS
ReserveFactart,22,DarsadPorsant,float,8,53,0,True,False,,
ReserveFactart,23,GDarsadSoodF,float,8,53,0,True,False,,
ReserveFactart,24,Ojrat_Price,float,8,53,0,True,False,,
ReserveFactart,25,DarsadTakhfif,float,8,53,0,True,False,,
ReserveFactart,26,count,float,8,53,0,True,False,,
ReserveFactart,27,KartonBastehCount,float,8,53,0,True,False,,
ReserveFactart,28,Money_Name,varchar,255,0,0,True,False,,Arabic_CI_AS
ReserveFactart,29,GheimatF,float,8,53,0,True,False,,
ReserveFactart,30,GheimatK,float,8,53,0,True,False,,
ReserveFactart,31,Sel_Dollar,float,8,53,0,True,False,,
ReserveFactart,32,Exist,float,8,53,0,True,False,,
ReserveFactart,33,Distribute,varchar,4000,0,0,True,False,,Arabic_CI_AS
ReserveFactart,34,Moddat,float,8,53,0,True,False,,
ReserveFactart,35,Unit_Few,float,8,53,0,True,False,,
ReserveFactart,36,IndexHlp,int,4,10,0,True,False,,
ReserveFactart,37,Buy_PriceSood,float,8,53,0,True,False,,
ReserveFactart,38,Khadamat,bit,1,1,0,True,False,,
ReserveFactart,39,Vaseteh_Code,nvarchar,100,0,0,True,False,,Arabic_CI_AS
ReserveFactart,40,Other1,varchar,4000,0,0,True,False,,Arabic_CI_AS
ReserveFactart,41,Other2,varchar,4000,0,0,True,False,,Arabic_CI_AS
ReserveFactart,42,Other3,varchar,4000,0,0,True,False,,Arabic_CI_AS
ReserveFactart,43,Other4,varchar,4000,0,0,True,False,,Arabic_CI_AS
ReserveFactart,44,Other5,varchar,4000,0,0,True,False,,Arabic_CI_AS
ReserveFactart,45,Other6,varchar,4000,0,0,True,False,,Arabic_CI_AS
ReserveFactart,46,Other7,varchar,4000,0,0,True,False,,Arabic_CI_AS
ReserveFactart,47,Other8,varchar,4000,0,0,True,False,,Arabic_CI_AS
ReserveFactart,48,Other9,varchar,4000,0,0,True,False,,Arabic_CI_AS
ReserveFactart,49,Other10,varchar,4000,0,0,True,False,,Arabic_CI_AS
ReserveFactart,50,Place,varchar,255,0,0,True,False,,Arabic_CI_AS
ReserveFactart,51,Model,varchar,255,0,0,True,False,,Arabic_CI_AS
ReserveFactart,52,A_Country,varchar,255,0,0,True,False,,Arabic_CI_AS
ReserveFactart,53,Sel_Price2,float,8,53,0,True,False,,
ReserveFactart,54,Sel_Price3,float,8,53,0,True,False,,
ReserveFactart,55,Sel_Price4,float,8,53,0,True,False,,
ReserveFactart,56,Sel_Price5,float,8,53,0,True,False,,
ReserveFactart,57,Sel_Price6,float,8,53,0,True,False,,
ReserveFactart,58,Sel_Price7,float,8,53,0,True,False,,
ReserveFactart,59,Sel_Price8,float,8,53,0,True,False,,
ReserveFactart,60,Sel_Price9,float,8,53,0,True,False,,
ReserveFactart,61,Sel_Price10,float,8,53,0,True,False,,
ReserveFactart,62,ToolArzType,varchar,10,0,0,True,False,,Arabic_CI_AS
ReserveFactart,63,HlpTool,varchar,250,0,0,True,False,,Arabic_CI_AS
ReserveFactart,64,HlpArz,varchar,250,0,0,True,False,,Arabic_CI_AS
ReserveFactart,65,TSayer,float,8,53,0,True,False,,
ReserveFactart,66,FirstWeight,float,8,53,0,True,False,,
ReserveFactart,67,LastWeight,float,8,53,0,True,False,,
ReserveFactart,68,Fac_Comment,nvarchar,8000,0,0,True,False,,Arabic_CI_AS
ReserveFacture,1,facCode,int,4,10,0,False,True,,
ReserveFacture,2,FacType,nvarchar,2,0,0,True,False,,Arabic_CI_AS
ReserveFacture,3,FacDate,nvarchar,60,0,0,True,False,,Arabic_CI_AS
ReserveFacture,4,C_Code,nvarchar,40,0,0,True,False,,Arabic_CI_AS
ReserveFacture,5,S_Name,nvarchar,510,0,0,True,False,,Arabic_CI_AS
ReserveFacture,6,Comment,nvarchar,8000,0,0,True,False,,Arabic_CI_AS
ReserveFacture,7,CompName,nvarchar,100,0,0,True,False,,Arabic_CI_AS
ReserveMaster,1,Fac_Code,varchar,6,0,0,False,False,,Arabic_CI_AS
ReserveMaster,2,Fac_Code_C,varchar,6,0,0,False,False,,Arabic_CI_AS
ReserveMaster,3,A_Code,varchar,7,0,0,False,False,,Arabic_CI_AS
ReserveMaster,4,ACode_C,varchar,50,0,0,True,False,,Arabic_CI_AS
ReserveMaster,5,Type,varchar,1,0,0,True,False,,Arabic_CI_AS
ReserveMaster,6,Tool,float,8,53,0,True,False,,
ReserveMaster,7,Arz,float,8,53,0,True,False,,
ReserveMaster,8,T_Name,varchar,255,0,0,True,False,,Arabic_CI_AS
ReserveMaster,9,A_Type,varchar,1,0,0,True,False,,Arabic_CI_AS
ReserveMaster,10,Fac_Date,datetime,8,23,3,True,False,,
ReserveMaster,11,Fac_Time,datetime,8,23,3,True,False,,
ReserveMaster,12,Few,float,8,53,0,True,False,,
ReserveMaster,13,Few2,float,8,53,0,True,False,,
ReserveMaster,14,Price_BS,float,8,53,0,True,False,,
ReserveMaster,15,Price_Hazineh,float,8,53,0,True,False,,
ReserveMaster,16,Price_Hazineh1,float,8,53,0,True,False,,
ReserveMaster,17,Price_Hazineh2,float,8,53,0,True,False,,
ReserveMaster,18,Price_Hazineh3,float,8,53,0,True,False,,
ReserveMaster,19,HSarfasl1,varchar,11,0,0,True,False,,Arabic_CI_AS
ReserveMaster,20,HSarfasl2,varchar,11,0,0,True,False,,Arabic_CI_AS
ReserveMaster,21,HSarfasl3,varchar,11,0,0,True,False,,Arabic_CI_AS
ReserveMaster,22,Comment,text,16,0,0,True,False,,Arabic_CI_AS
ReserveOther,1,ID,int,4,10,0,False,True,,
ReserveOther,2,index,int,4,10,0,True,False,,
ReserveOther,3,A_code,varchar,7,0,0,True,False,,Arabic_CI_AS
ReserveOther,4,A_serial,nvarchar,510,0,0,True,False,,Arabic_CI_AS
ReserveOther,5,PoshakId,int,4,10,0,False,False,((0)),
ReserveOther,6,few,float,8,53,0,False,False,((0)),
ReserveOther,7,FacCode,int,4,10,0,True,False,((0)),
ReserveOther,8,FacType,varchar,1,0,0,True,False,,Arabic_CI_AS
ReserveOther,9,SCode,nvarchar,8000,0,0,True,False,,Arabic_CI_AS
ReserveOther,10,Kind,int,4,10,0,True,False,,
ReserveOther,11,SIndex,int,4,10,0,True,False,,
ReserveOther,12,IndexHlp,int,4,10,0,True,False,,
ReserveOther,13,SrcDes,nvarchar,100,0,0,True,False,,Arabic_CI_AS
ResFactoreReportLog,1,Fac_Code,bigint,8,19,0,False,False,,
ResFactoreReportLog,2,Read,bit,1,1,0,False,False,,
ResFactoreReportLog,3,InTrans,bit,1,1,0,False,False,((0)),
ResFactoreReportLog,4,IsCommited,bit,1,1,0,False,False,((0)),
ResFactoreReportLog,5,IsRollBack,bit,1,1,0,False,False,((0)),
ResFactoreReportLog,6,IsPrint,bit,1,1,0,False,False,((0)),
ResFactoreReportLog,7,B_Convert,bit,1,1,0,False,False,((0)),
ResFactoreReportLog,8,A_Convert,bit,1,1,0,False,False,((0)),
ResFactoreReportLog,9,B_Del,bit,1,1,0,False,False,((0)),
ResFactoreReportLog,10,A_Del,bit,1,1,0,False,False,((0)),
ResFactoreReportLog,11,Id,int,4,10,0,False,True,,
ResFactoreReportLog,12,ReceiptNo,varchar,50,0,0,True,False,(''),Arabic_CI_AS
ResFactoreReportLog,13,F_Code_C,varchar,50,0,0,True,False,(''),Arabic_CI_AS
ResFactoreReportLog,14,F_Code_C_Tajmiee,varchar,50,0,0,True,False,(''),Arabic_CI_AS
ResFactoreReportLog,15,MultyConvert,bit,1,1,0,False,False,((0)),
ResFactoreReportLog,16,User_Code,int,4,10,0,False,False,((0)),
ResFactoreReportLog,17,Fac_time,datetime,8,23,3,True,False,(''),
ResFactoreReportLog,18,ExceptionMessage,varchar,3000,0,0,True,False,(''),Arabic_CI_AS
ResFactoreReportLog,19,is_delete,bit,1,1,0,False,False,((0)),
ResFactoreReportLog,20,ScaleUser,int,4,10,0,True,False,((0)),
ResFactoreReportLog,21,BeforePos,bit,1,1,0,True,False,((0)),
ResFactoreReportLog,22,AfterPos,bit,1,1,0,True,False,((0)),
ResFactoreReportLog,23,RfCode,varchar,200,0,0,False,False,(''),Arabic_CI_AS
ResFactoreReportLog,24,RfUsercode,varchar,500,0,0,True,False,((0)),Arabic_CI_AS
ResFactoreReportLog,25,RfCodesTajmei,varchar,200,0,0,False,False,(''),Arabic_CI_AS
ResFactoreReportLog,26,StateCode,int,4,10,0,True,False,,
ResFactoreReportLog,27,IsUsed,bit,1,1,0,False,False,((0)),
RfCardInfo,1,Id,int,4,10,0,False,True,,
RfCardInfo,2,RfCardNumber,varchar,50,0,0,False,False,,Arabic_CI_AS
RfCardInfo,3,RfCardName,varchar,255,0,0,False,False,,Arabic_CI_AS
RfCardInfo,4,selected,bit,1,1,0,False,False,((0)),
RfCardInfo,5,isActive,bit,1,1,0,False,False,((1)),
RMInvoice,1,Id,int,4,10,0,False,True,,
RMInvoice,2,ReadOnly,tinyint,1,3,0,True,False,((0)),
RMInvoice,3,OwnerId,int,4,10,0,True,False,((0)),
RMInvoice,4,LangId,int,4,10,0,True,False,((305)),
RMInvoice,5,Active,bit,1,1,0,True,False,((1)),
RMInvoice,6,Guid,uniqueidentifier,16,0,0,True,False,,
RMInvoice,7,ActionDate,datetime,8,23,3,True,False,(((2009)/(1))/(1)),
RMInvoice,8,clientName,nvarchar,500,0,0,True,False,,Arabic_CI_AS
RMInvoice,9,Title,varchar,1000,0,0,True,False,,Arabic_CI_AS
RMInvoice,10,RMActionDate,datetime,8,23,3,True,False,,
RMInvoice,11,CatalogName,varchar,50,0,0,True,False,,Arabic_CI_AS
RMInvoice,12,UserName,varchar,50,0,0,True,False,,Arabic_CI_AS
RMInvoice,13,InvoiceDate,datetime,8,23,3,True,False,,
RMInvoice,14,partyGUID,uniqueidentifier,16,0,0,True,False,,
RMInvoice,15,invoiceResTableGUId,uniqueidentifier,16,0,0,True,False,,
RMInvoice,16,code,varchar,50,0,0,True,False,,Arabic_CI_AS
RMInvoice,17,PartyCode,varchar,50,0,0,True,False,,Arabic_CI_AS
RMInvoice,18,tableTitle,nvarchar,100,0,0,True,False,,Arabic_CI_AS
RMInvoice,19,CompanyId,int,4,10,0,True,False,,
RMInvoice,20,stockinfluence,int,4,10,0,True,False,,
RMInvoice,21,factstyle,int,4,10,0,True,False,,
RMInvoice,22,serverId,int,4,10,0,True,False,,
RMInvoice,23,deliverytime,varchar,6,0,0,True,False,,Arabic_CI_AS
RMInvoice,24,deliverydate,datetime,8,23,3,True,False,,
RMInvoice,25,depositprice,float,8,53,0,True,False,,
RMInvoice,26,printconfigtype,int,4,10,0,True,False,,
RMInvoice,27,DiscountPrice,float,8,53,0,True,False,,
RMInvoice,28,serverdiscountprice,float,8,53,0,True,False,,
RMInvoice,29,servercommissionprice,float,8,53,0,True,False,,
RMInvoice,30,FactConfigId,int,4,10,0,True,False,,
RMInvoice,31,visitordiscountprice,float,8,53,0,True,False,,
RMInvoice,32,TasviehDate,datetime,8,23,3,True,False,,
RMInvoice,33,CashAmount,float,8,53,0,True,False,,
RMInvoice,34,CreditAmount,float,8,53,0,True,False,,
RMInvoice,35,ElectronicAmount,float,8,53,0,True,False,,
RMInvoice,36,FundSarfasl,varchar,11,0,0,True,False,,Arabic_CI_AS
RMInvoice,37,AccountSarfasl,varchar,11,0,0,True,False,,Arabic_CI_AS
RMInvoice,38,taxSum,float,8,53,0,True,False,,
RMInvoiceChequePay,1,Id,int,4,10,0,False,True,,
RMInvoiceChequePay,2,ReadOnly,tinyint,1,3,0,True,False,((0)),
RMInvoiceChequePay,3,OwnerId,int,4,10,0,True,False,((0)),
RMInvoiceChequePay,4,LangId,int,4,10,0,True,False,((305)),
RMInvoiceChequePay,5,Active,bit,1,1,0,True,False,((1)),
RMInvoiceChequePay,6,Guid,uniqueidentifier,16,0,0,True,False,,
RMInvoiceChequePay,7,ActionDate,datetime,8,23,3,True,False,(((2009)/(1))/(1)),
RMInvoiceChequePay,8,CatalogName,varchar,50,0,0,True,False,,Arabic_CI_AS
RMInvoiceChequePay,9,UserName,varchar,50,0,0,True,False,,Arabic_CI_AS
RMInvoiceChequePay,10,CompanyId,int,4,10,0,True,False,,
RMInvoiceChequePay,11,serverId,int,4,10,0,True,False,,
RMInvoiceChequePay,12,InvoiceGuid,uniqueidentifier,16,0,0,True,False,,
RMInvoiceChequePay,13,number,nvarchar,400,0,0,True,False,,Arabic_CI_AS
RMInvoiceChequePay,14,bankGuid,uniqueidentifier,16,0,0,True,False,,
RMInvoiceChequePay,15,bankId,int,4,10,0,True,False,,
RMInvoiceChequePay,16,issueDate,datetime,8,23,3,True,False,,
RMInvoiceChequePay,17,dueDate,datetime,8,23,3,True,False,,
RMInvoiceChequePay,18,branchName,nvarchar,400,0,0,True,False,,Arabic_CI_AS
RMInvoiceChequePay,19,branchCode,nvarchar,400,0,0,True,False,,Arabic_CI_AS
RMInvoiceChequePay,20,accountNo,nvarchar,400,0,0,True,False,,Arabic_CI_AS
RMInvoiceChequePay,21,amount,float,8,53,0,True,False,,
RMInvoiceChequePay,22,backNo,nvarchar,400,0,0,True,False,,Arabic_CI_AS
RMInvoiceChequePay,23,description,nvarchar,510,0,0,True,False,,Arabic_CI_AS
RMInvoiceChequePay,24,isPayout,bit,1,1,0,True,False,,
RMInvoiceChequePay,25,RMTrsAfoGUID,uniqueidentifier,16,0,0,True,False,,
RMInvoiceChequePay,26,Sayad_Number,nvarchar,100,0,0,True,False,,Arabic_CI_AS
RMInvoiceChequePay,27,IsSayad,bit,1,1,0,False,False,((0)),
RMInvoiceDtl,1,Id,int,4,10,0,False,True,,
RMInvoiceDtl,2,ReadOnly,tinyint,1,3,0,True,False,((0)),
RMInvoiceDtl,3,OwnerId,int,4,10,0,True,False,((0)),
RMInvoiceDtl,4,LangId,int,4,10,0,True,False,((305)),
RMInvoiceDtl,5,Active,bit,1,1,0,True,False,((1)),
RMInvoiceDtl,6,Guid,uniqueidentifier,16,0,0,True,False,,
RMInvoiceDtl,7,ActionDate,datetime,8,23,3,True,False,(((2009)/(1))/(1)),
RMInvoiceDtl,8,Description,nvarchar,500,0,0,True,False,,Arabic_CI_AS
RMInvoiceDtl,9,Title,varchar,1000,0,0,True,False,,Arabic_CI_AS
RMInvoiceDtl,10,RMActionDate,datetime,8,23,3,True,False,,
RMInvoiceDtl,11,CatalogName,varchar,50,0,0,True,False,,Arabic_CI_AS
RMInvoiceDtl,12,UserName,varchar,50,0,0,True,False,,Arabic_CI_AS
RMInvoiceDtl,13,InvoiceGUID,uniqueidentifier,16,0,0,True,False,,
RMInvoiceDtl,14,ArticleGUID,uniqueidentifier,16,0,0,True,False,,
RMInvoiceDtl,15,ArticleUnitGuid,uniqueidentifier,16,0,0,True,False,,
RMInvoiceDtl,16,amount,float,8,53,0,True,False,,
RMInvoiceDtl,17,price,float,8,53,0,True,False,,
RMInvoiceDtl,18,ArticleCode,varchar,50,0,0,True,False,,Arabic_CI_AS
RMInvoiceDtl,19,UnitCode,varchar,50,0,0,True,False,,Arabic_CI_AS
RMInvoiceDtl,20,CompanyId,int,4,10,0,True,False,,
RMInvoiceDtl,21,ArticleGroupGUID,uniqueidentifier,16,0,0,True,False,,
RMInvoiceDtl,22,ArticleGroupCode,varchar,50,0,0,True,False,,Arabic_CI_AS
RMInvoiceDtl,23,serverId,int,4,10,0,True,False,,
RMInvoiceDtl,24,sendOut,bit,1,1,0,True,False,,
RMInvoiceDtl,25,secondamount,float,8,53,0,True,False,,
RMInvoiceDtl,26,coefficient,float,8,53,0,True,False,,
RMInvoiceDtl,27,arttitle,varchar,50,0,0,True,False,,Arabic_CI_AS
RMInvoiceDtl,28,artcode,varchar,50,0,0,True,False,,Arabic_CI_AS
RMInvoiceDtl,29,artbarcode,varchar,50,0,0,True,False,,Arabic_CI_AS
RMInvoiceDtl,30,thirdamount,float,8,53,0,True,False,,
RMInvoiceDtl,31,DarsadTakhfif,float,8,53,0,False,False,((0)),
RMInvoiceDtl,32,TakhfifSatriR,float,8,53,0,False,False,((0)),
RMInvoiceDtl,33,IsGift,bit,1,1,0,False,False,((0)),
RMInvoiceDtl,34,InvoiceCode,varchar,50,0,0,True,False,,Arabic_CI_AS
RMInvoiceDtl,35,InvoiceType,varchar,1,0,0,True,False,,Arabic_CI_AS
RMInvoiceDtl,36,RowIndex,int,4,10,0,True,False,,
RMInvoiceDtl,37,Length,varchar,50,0,0,True,False,,Arabic_CI_AS
RMInvoiceDtl,38,Width,varchar,50,0,0,True,False,,Arabic_CI_AS
RMInvoiceDtl,39,LengthWidthType,varchar,1,0,0,True,False,,Arabic_CI_AS
RMInvoiceDtl,40,MetricDeliveryDayId,int,4,10,0,True,False,,
RMInvoiceDtl,41,IsUsingBoxPrice,bit,1,1,0,False,False,((0)),
RMInvoiceDtl,42,sumTax,float,8,53,0,True,False,,
RMInvoiceDtl,43,SelPriceID,int,4,10,0,True,False,,
RMInvoiceDtlSize,1,Id,int,4,10,0,False,True,,
RMInvoiceDtlSize,2,ReadOnly,tinyint,1,3,0,True,False,((0)),
RMInvoiceDtlSize,3,OwnerId,int,4,10,0,True,False,((0)),
RMInvoiceDtlSize,4,LangId,int,4,10,0,True,False,((305)),
RMInvoiceDtlSize,5,Active,bit,1,1,0,True,False,((1)),
RMInvoiceDtlSize,6,Guid,uniqueidentifier,16,0,0,True,False,,
RMInvoiceDtlSize,7,ActionDate,datetime,8,23,3,True,False,(((2009)/(1))/(1)),
RMInvoiceDtlSize,8,Description,nvarchar,500,0,0,True,False,,Arabic_CI_AS
RMInvoiceDtlSize,9,Title,varchar,50,0,0,True,False,,Arabic_CI_AS
RMInvoiceDtlSize,10,RMActionDate,datetime,8,23,3,True,False,,
RMInvoiceDtlSize,11,CatalogName,varchar,50,0,0,True,False,,Arabic_CI_AS
RMInvoiceDtlSize,12,InvoiceGUID,uniqueidentifier,16,0,0,True,False,,
RMInvoiceDtlSize,13,InvoiceDtlGUID,uniqueidentifier,16,0,0,True,False,,
RMInvoiceDtlSize,14,ArticleCode,varchar,50,0,0,True,False,,Arabic_CI_AS
RMInvoiceDtlSize,15,ArticleSizeRowIdx,int,4,10,0,True,False,,
RMInvoiceDtlSize,16,amount,float,8,53,0,True,False,,
RMInvoiceDtlSize,17,CompanyId,int,4,10,0,True,False,,
RMInvoiceDtlSize,18,serverId,int,4,10,0,True,False,,
RMInvoiceDtlSize,19,SelPriceID,int,4,10,0,True,False,,
RMiveFactart,1,IndexHlp,int,4,10,0,True,False,,
RMiveFactart,2,Index,smallint,2,5,0,True,False,,
RMiveFactart,3,C_Code,nvarchar,40,0,0,True,False,,Arabic_CI_AS
RMiveFactart,4,C_Name,nvarchar,510,0,0,True,False,,Arabic_CI_AS
RMiveFactart,5,FacCode,int,4,10,0,False,False,((0)),
RMiveFactart,6,Fac_Type,varchar,1,0,0,True,False,,Arabic_CI_AS
RMiveFactart,7,A_Code,varchar,7,0,0,True,False,,Arabic_CI_AS
RMiveFactart,8,A_Name,varchar,255,0,0,True,False,,Arabic_CI_AS
RMiveFactart,9,C_CodeSaheb,nvarchar,40,0,0,True,False,,Arabic_CI_AS
RMiveFactart,10,Few_Article2,float,8,53,0,True,False,,
RMiveFactart,11,VazneBaZarf,float,8,53,0,True,False,,
RMiveFactart,12,C_NameSaheb,nvarchar,510,0,0,True,False,,Arabic_CI_AS
RMiveFactart,13,count,float,8,53,0,True,False,,
RMiveFactart,14,Sel_Price,float,8,53,0,True,False,,
RMiveFactart,15,NaghdNesieh,bit,1,1,0,True,False,,
RMiveFactart,16,ABIndex,int,4,10,0,True,False,,
RMiveFactart,17,Basteh,float,8,53,0,True,False,,
RMiveFactart,18,Mablag,float,8,53,0,True,False,,
RMiveFactart,19,Buy_Dollar,float,8,53,0,True,False,,
RMiveFactart,20,TakhfifSatriR,float,8,53,0,True,False,,
RMiveFactart,21,Nesiye,float,8,53,0,True,False,,
RMiveFactart,22,AddOfPrice,float,8,53,0,True,False,,
RMiveFactart,23,Fac_Comment,nvarchar,8000,0,0,True,False,,Arabic_CI_AS
RMiveFactart,24,FCard,float,8,53,0,True,False,,
RMiveFactart,25,FCheck,float,8,53,0,True,False,,
RMiveFactart,26,FNesieh,float,8,53,0,True,False,,
RMiveFactart,27,FRent,float,8,53,0,True,False,,
RMiveFactart,28,FHazineBar,float,8,53,0,True,False,,
RMiveFactart,29,HazinehBarStr,nvarchar,510,0,0,True,False,,Arabic_CI_AS
RMiveFactart,30,HazinehBarType,smallint,2,5,0,True,False,,
RMiveFactart,31,Kind,int,4,10,0,True,False,,
RMiveFactart,32,Number_bar,int,4,10,0,True,False,,
RMiveFacture,1,facCode,int,4,10,0,False,True,,
RMiveFacture,2,FacType,nvarchar,2,0,0,True,False,,Arabic_CI_AS
RMiveFacture,3,FacDate,nvarchar,20,0,0,True,False,,Arabic_CI_AS
RMiveFacture,4,C_Code,nvarchar,40,0,0,True,False,,Arabic_CI_AS
RMiveFacture,5,S_Name,nvarchar,510,0,0,True,False,,Arabic_CI_AS
RMiveFacture,6,Comment,nvarchar,510,0,0,True,False,,Arabic_CI_AS
RMiveFacture,7,Kind,int,4,10,0,True,False,,
RMParty,1,Id,int,4,10,0,False,True,,
RMParty,2,ReadOnly,tinyint,1,3,0,True,False,((0)),
RMParty,3,OwnerId,int,4,10,0,True,False,((0)),
RMParty,4,LangId,int,4,10,0,True,False,((305)),
RMParty,5,Active,bit,1,1,0,True,False,((1)),
RMParty,6,Guid,uniqueidentifier,16,0,0,True,False,,
RMParty,7,ActionDate,datetime,8,23,3,True,False,(((2009)/(1))/(1)),
RMParty,8,Description,varchar,50,0,0,True,False,,Arabic_CI_AS
RMParty,9,Title,varchar,50,0,0,True,False,,Arabic_CI_AS
RMParty,10,RMActionDate,datetime,8,23,3,True,False,,
RMParty,11,CatalogName,varchar,50,0,0,True,False,,Arabic_CI_AS
RMParty,12,UserName,varchar,50,0,0,True,False,,Arabic_CI_AS
RMParty,13,name,varchar,50,0,0,True,False,,Arabic_CI_AS
RMParty,14,lastname,varchar,50,0,0,True,False,,Arabic_CI_AS
RMParty,15,nationalcode,varchar,50,0,0,True,False,,Arabic_CI_AS
RMParty,16,postalcode,varchar,50,0,0,True,False,,Arabic_CI_AS
RMParty,17,cardeno,varchar,50,0,0,True,False,,Arabic_CI_AS
RMParty,18,tellno,varchar,50,0,0,True,False,,Arabic_CI_AS
RMParty,19,mobileno,varchar,50,0,0,True,False,,Arabic_CI_AS
RMParty,20,city,varchar,50,0,0,True,False,,Arabic_CI_AS
RMParty,21,address,varchar,250,0,0,True,False,,Arabic_CI_AS
RMParty,22,Code,varchar,50,0,0,True,False,,Arabic_CI_AS
RMParty,23,CompanyId,int,4,10,0,True,False,,
RMParty,24,levelcode,int,4,10,0,True,False,,
RMParty,25,midmancode,varchar,50,0,0,True,False,,Arabic_CI_AS
RMParty,26,midmanpoursant,float,8,53,0,True,False,,
RMParty,27,isdebtor,bit,1,1,0,False,False,((0)),
RMParty,28,iscreditor,bit,1,1,0,False,False,((0)),
RMParty,29,IsEdit,bit,1,1,0,False,False,((0)),
RMParty,30,latitude,float,8,53,0,True,False,,
RMParty,31,longitude,float,8,53,0,True,False,,
RMParty,32,Moien_CodeBed,nvarchar,22,0,0,True,False,,Arabic_CI_AS
RMParty,33,Moien_CodeBes,nvarchar,22,0,0,True,False,,Arabic_CI_AS
RMParty,34,UserCode,int,4,10,0,True,False,,
RMParty,35,C_AliasName,nvarchar,100,0,0,True,False,,Arabic_CI_AS
RMServerSetting,1,Id,int,4,10,0,False,True,,
RMServerSetting,2,OwnerID,int,4,10,0,True,False,((0)),
RMServerSetting,3,ReadOnly,tinyint,1,3,0,True,False,((0)),
RMServerSetting,4,ActionDate,datetime,8,23,3,True,False,(((2009)/(1))/(1)),
RMServerSetting,5,Active,bit,1,1,0,True,False,((1)),
RMServerSetting,6,EntityName,varchar,20,0,0,True,False,,Arabic_CI_AS
RMServerSetting,7,EntityID,int,4,10,0,True,False,,
RMServerSetting,8,UserID,int,4,10,0,True,False,,
RMServerSetting,9,Value,bit,1,1,0,True,False,,
RMTempFacture,1,Id,bigint,8,19,0,False,True,,
RMTempFacture,2,FactId,int,4,10,0,True,False,,
RMTempFacture,3,DeskTitle,nvarchar,20,0,0,True,False,,Arabic_CI_AS
RMTempFacture,4,FactStyle,int,4,10,0,True,False,,
RMTempFacture,5,FCActionMode,tinyint,1,3,0,True,False,,
RMTempFacture,6,printconfigtype,int,4,10,0,True,False,,
RMTempFacture,7,OldDeskTitle,nvarchar,20,0,0,True,False,,Arabic_CI_AS
RMTempFacture,8,Message,nvarchar,2000,0,0,True,False,,Arabic_CI_AS
RMTempFacture,9,UserCodeInc,int,4,10,0,True,False,,
RMTempFactureDetail,1,Id,bigint,8,19,0,False,True,,
RMTempFactureDetail,2,RMTempFactureId,bigint,8,19,0,True,False,,
RMTempFactureDetail,3,OldAmount,float,8,53,0,True,False,,
RMTempFactureDetail,4,FCDetailId,int,4,10,0,True,False,,
RMTempFactureDetail,5,RowStatus,tinyint,1,3,0,True,False,,
RMTempFactureDetail,6,A_Code,char,7,0,0,True,False,,Arabic_CI_AS
RMTempFactureDetail,7,FL_Price,float,8,53,0,True,False,,
RMTempFactureDetail,8,FactId,int,4,10,0,True,False,,
RMTempFactureDetail,9,FactStyle,int,4,10,0,True,False,,
RMTempPicPath,1,tid,int,4,10,0,False,True,,
RMTempPicPath,2,id,nvarchar,100,0,0,False,False,,Arabic_CI_AS
RMTempPicPath,3,name,nvarchar,100,0,0,True,False,,Arabic_CI_AS
RMTempPicPath,4,size,int,4,10,0,True,False,,
RMTempPicPath,5,checkSum,varchar,50,0,0,True,False,,Arabic_CI_AS
RMTempPicPath,6,middlePath,nvarchar,400,0,0,True,False,,Arabic_CI_AS
RMTempPicPath,7,picturePath,nvarchar,400,0,0,True,False,,Arabic_CI_AS
RMTempPicPath,8,CatalogName,varchar,50,0,0,True,False,,Arabic_CI_AS
RMTrsAfo,1,id,int,4,10,0,False,True,,
RMTrsAfo,2,GUID,uniqueidentifier,16,0,0,True,False,,
RMTrsAfo,3,Code,varchar,15,0,0,True,False,,Arabic_CI_AS
RMTrsAfo,4,ReadOnly,tinyint,1,3,0,True,False,((0)),
RMTrsAfo,5,ownerID,int,4,10,0,True,False,((0)),
RMTrsAfo,6,ActionDate,datetime,8,23,3,True,False,(((2009)/(1))/(1)),
RMTrsAfo,7,Active,bit,1,1,0,True,False,((1)),
RMTrsAfo,8,Description,varchar,255,0,0,True,False,,Arabic_CI_AS
RMTrsAfo,9,Title,varchar,50,0,0,True,False,,Arabic_CI_AS
RMTrsAfo,10,LangId,int,4,10,0,True,False,((305)),
RMTrsAfo,11,AfoType,tinyint,1,3,0,True,False,,
RMTrsAfo,12,PartyGuid,uniqueidentifier,16,0,0,True,False,,
RMTrsAfo,13,settlementDate,datetime,8,23,3,True,False,,
RMTrsAfo,14,depositPirceInCach,float,8,53,0,True,False,,
RMTrsAfo,15,depositPirceInElectronic,float,8,53,0,True,False,,
RMTrsAfo,16,CatalogName,varchar,50,0,0,True,False,,Arabic_CI_AS
RMTrsAfo,17,UserName,varchar,50,0,0,True,False,,Arabic_CI_AS
RMTrsAfo,18,CompanyId,int,4,10,0,True,False,,
RMTrsAfo,19,ServerId,int,4,10,0,True,False,,
RMTrsAfo,20,PartyCode,varchar,50,0,0,True,False,,Arabic_CI_AS
RMTrsAfo,21,posterminalno,varchar,250,0,0,True,False,,Arabic_CI_AS
RMTrsAfo,22,posmerchantid,varchar,250,0,0,True,False,,Arabic_CI_AS
RMTrsAfo,23,posserial,varchar,250,0,0,True,False,,Arabic_CI_AS
RMTrsAfo,24,postracenumber,varchar,250,0,0,True,False,,Arabic_CI_AS
RMTrsAfo,25,posamount,varchar,250,0,0,True,False,,Arabic_CI_AS
RMTrsAfo,26,posmaskedpan,varchar,250,0,0,True,False,,Arabic_CI_AS
RMTrsAfo,27,posdate,varchar,250,0,0,True,False,,Arabic_CI_AS
RMTrsAfo,28,postime,varchar,250,0,0,True,False,,Arabic_CI_AS
RMTrsAfo,29,posrrn,varchar,250,0,0,True,False,,Arabic_CI_AS
RMTrsAfo,30,AccountSarfasl,varchar,11,0,0,True,False,,Arabic_CI_AS
RMTrsAfo,31,banKcode,varchar,11,0,0,True,False,,Arabic_CI_AS
RMTrsAfo,32,UserCode,int,4,10,0,True,False,,
RMTrsAfo,33,FundSarfasl,varchar,11,0,0,True,False,,Arabic_CI_AS
RMTrsAfo,34,discount,float,8,53,0,True,False,,
RMUserArtAccess,1,Id,int,4,10,0,False,True,,
RMUserArtAccess,2,ReadOnly,tinyint,1,3,0,True,False,((0)),
RMUserArtAccess,3,OwnerId,int,4,10,0,True,False,((0)),
RMUserArtAccess,4,LangId,int,4,10,0,True,False,((305)),
RMUserArtAccess,5,Active,bit,1,1,0,True,False,((1)),
RMUserArtAccess,6,UserId,int,4,10,0,True,False,,
RMUserArtAccess,7,ArticleId,varchar,50,0,0,True,False,,Arabic_CI_AS
RMUserArtAccess,8,DataTypeId,smallint,2,5,0,True,False,,
RMUserArtAccess,9,Amount,float,8,53,0,True,False,,
RMVisitorGPS,1,Id,int,4,10,0,False,True,,
RMVisitorGPS,2,RMId,int,4,10,0,False,False,,
RMVisitorGPS,3,companyId,int,4,10,0,False,False,,
RMVisitorGPS,4,customerCode,nvarchar,10,0,0,False,False,,Arabic_CI_AS
RMVisitorGPS,5,visitorCode,nvarchar,10,0,0,False,False,,Arabic_CI_AS
RMVisitorGPS,6,inDateTime,datetime,8,23,3,False,False,,
RMVisitorGPS,7,outDateTime,datetime,8,23,3,True,False,,
RMVisitorGPS,8,inLat,nvarchar,40,0,0,False,False,,Arabic_CI_AS
RMVisitorGPS,9,outLat,nvarchar,40,0,0,True,False,,Arabic_CI_AS
RMVisitorGPS,10,inLong,nvarchar,40,0,0,False,False,,Arabic_CI_AS
RMVisitorGPS,11,outLong,nvarchar,40,0,0,True,False,,Arabic_CI_AS
RMVisitorGPS,12,inAddress,nvarchar,1000,0,0,True,False,,Arabic_CI_AS
RMVisitorGPS,13,outAddress,nvarchar,1000,0,0,True,False,,Arabic_CI_AS
RMVisitorGPS,14,comment,nvarchar,1000,0,0,True,False,,Arabic_CI_AS
RMVisitorGPS,15,labels,nvarchar,1000,0,0,True,False,,Arabic_CI_AS
RMVisitorGPS,16,UserCodeInc,int,4,10,0,True,False,,
RollDetail,1,Id,int,4,10,0,False,True,,
RollDetail,2,Fac_Code,varchar,6,0,0,False,False,,Arabic_CI_AS
RollDetail,3,Fac_Type,varchar,1,0,0,False,False,,Arabic_CI_AS
RollDetail,4,A_Code,varchar,7,0,0,False,False,,Arabic_CI_AS
RollDetail,5,A_Index,int,4,10,0,True,False,,
RollDetail,6,Roll,float,8,53,0,True,False,,
RollDetail,7,Metr,float,8,53,0,True,False,,
RollDetail,8,Yard,float,8,53,0,True,False,,
RollDetail,9,Color,int,4,10,0,True,False,,
RollDetail,10,DC_Code_TOCutter,int,4,10,0,False,False,((0)),
RollDetail,11,DTC_Id,int,4,10,0,False,False,((0)),
RollDetail,12,F_Time,datetime,8,23,3,True,False,,
RollDetail,13,IsAkBand,bit,1,1,0,False,False,((0)),
RollDetail,14,Adl,float,8,53,0,False,False,((0)),
RollDetail,15,Roll_Radif,int,4,10,0,False,False,((0)),
RQDETAIL,1,RqIndex,int,4,10,0,False,False,,
RQDETAIL,2,RqType,varchar,1,0,0,False,False,,Arabic_CI_AS
RQDETAIL,3,RqIncIndex,int,4,10,0,False,True,,
RQDETAIL,4,R_ArCode,varchar,7,0,0,True,False,,Arabic_CI_AS
RQDETAIL,5,R_ArCode_C,varchar,50,0,0,True,False,,Arabic_CI_AS
RQDETAIL,6,R_ArName,varchar,255,0,0,True,False,,Arabic_CI_AS
RQDETAIL,7,R_Few,float,8,53,0,True,False,,
RQDETAIL,8,R_Few2,float,8,53,0,True,False,,
RQDETAIL,9,R_FewAval,float,8,53,0,True,False,,
RQDETAIL,10,R_FewAval2,float,8,53,0,True,False,,
RQDETAIL,11,R_Cost,float,8,53,0,True,False,,
RQDETAIL,12,R_Commen,nvarchar,8000,0,0,True,False,,Arabic_CI_AS
RQDETAIL,13,Unit_Code,bigint,8,19,0,True,False,,
RQDETAIL,14,Tahvil,bit,1,1,0,True,False,,
RQDETAIL,15,Hlp_Tahvil,bit,1,1,0,True,False,,
RQDETAIL,16,Hlp_R_Tahvil,datetime,8,23,3,True,False,,
RQDETAIL,17,Arz,char,10,0,0,True,False,,Arabic_CI_AS
RQDETAIL,18,Tool,char,10,0,0,True,False,,Arabic_CI_AS
RQDETAIL,19,OkReceive,bit,1,1,0,True,False,((0)),
RQDETAIL,21,Show_Or_Hide,bit,1,1,0,True,False,,
RQDETAIL,22,Tedad,float,8,53,0,True,False,,
RQDETAIL,23,Ghotr,float,8,53,0,True,False,,
RQDETAIL,24,Metr,float,8,53,0,True,False,,
RQDETAIL,25,ToolArzType,char,2,0,0,True,False,,Arabic_CI_AS
RQDETAIL,26,IndexHlp,smallint,2,5,0,True,False,,
RQDETAIL,27,Selected,int,4,10,0,False,False,((0)),
RQDETAIL,28,RQ_State,smallint,2,5,0,False,False,((0)),
RQDETAIL,29,R_FewAval3,float,8,53,0,False,False,((0)),
RQDETAIL,30,R_Few3,float,8,53,0,False,False,((0)),
RQDETAIL,31,FewKarton,float,8,53,0,False,False,((0)),
RQDETAIL,32,FewBasteh,float,8,53,0,False,False,((0)),
RQDETAIL,33,Moddat,float,8,53,0,True,False,,
RQDETAIL,34,DarsadTakhfif,float,8,53,0,False,False,((0)),
RQDETAIL,35,TakhfifSatriR,float,8,53,0,False,False,((0)),
RQDETAIL,36,k_Fac_Code,varchar,50,0,0,True,False,,Arabic_CI_AS
RQDETAIL,37,k_FacType,varchar,1,0,0,True,False,,Arabic_CI_AS
RQDETAIL,38,A_IndexK_FacCode,int,4,10,0,True,False,,
RQDETAIL,39,loadFromOldYaer,bit,1,1,0,True,False,,
RQDETAIL,40,DeliveryTimeId,int,4,10,0,True,False,,
RQDETAIL,41,Price_Dollari,float,8,53,0,True,False,,
RQDETAIL,42,Money_Code,int,4,10,0,True,False,,
RQDETAIL,43,SelPriceID,int,4,10,0,True,False,,
RQTITLE,1,RqIndex2,int,4,10,0,True,False,,
RQTITLE,2,RqType,varchar,1,0,0,False,False,,Arabic_CI_AS
RQTITLE,3,R_CusCode,varchar,5,0,0,True,False,,Arabic_CI_AS
RQTITLE,4,R_Date,datetime,8,23,3,True,False,,
RQTITLE,5,T_Date,datetime,8,23,3,True,False,,
RQTITLE,6,T_Time,datetime,8,23,3,True,False,,
RQTITLE,7,SumPrice,float,8,53,0,True,False,,
RQTITLE,8,Beianeh,float,8,53,0,True,False,,
RQTITLE,9,OkModir,int,4,10,0,True,False,,
RQTITLE,10,UserName,int,4,10,0,True,False,,
RQTITLE,11,RQT_Id,int,4,10,0,True,False,,
RQTITLE,12,Comment,nvarchar,8000,0,0,True,False,,Arabic_CI_AS
RQTITLE,13,Wait,bit,1,1,0,True,False,((0)),
RQTITLE,14,Worker,int,4,10,0,True,False,,
RQTITLE,15,TaeedUserName,int,4,10,0,True,False,,
RQTITLE,16,TaeedDate,datetime,8,23,3,True,False,,
RQTITLE,17,TaeedTime,datetime,8,23,3,True,False,,
RQTITLE,18,TahvilUserName,int,4,10,0,True,False,,
RQTITLE,19,TahvilDate,datetime,8,23,3,True,False,,
RQTITLE,20,TahvilTime,datetime,8,23,3,True,False,,
RQTITLE,21,ShowOrHide,bit,1,1,0,True,False,((1)),
RQTITLE,22,RqIndex,int,4,10,0,False,True,,
RQTITLE,23,Vaseteh_Code,varchar,5,0,0,True,False,,Arabic_CI_AS
RQTITLE,24,ExporterSId,int,4,10,0,True,False,,
RQTITLE,25,FNaghd,float,8,53,0,True,False,,
RQTITLE,26,FCheck,float,8,53,0,True,False,,
RQTITLE,27,FCard,float,8,53,0,True,False,,
RQTITLE,28,Sanad_Code,int,4,10,0,True,False,,
RQTITLE,29,SelectedR,bit,1,1,0,False,False,((0)),
RQTITLE,30,WebId,int,4,10,0,False,False,((0)),
RQTITLE,31,Synced,bit,1,1,0,False,False,((0)),
RQTITLE,32,CompName,nvarchar,100,0,0,True,False,,Arabic_CI_AS
RQTITLE,33,ServiceNo,smallint,2,5,0,False,False,((0)),
RQTITLE,34,FTakhfif,float,8,53,0,True,False,,
RQTITLE,35,serverdiscountprice,float,8,53,0,True,False,,
RQTITLE,36,servercommissionprice,float,8,53,0,True,False,,
RQTITLE,37,visitordiscountprice,float,8,53,0,True,False,,
RQTITLE,38,RQ_State,smallint,2,5,0,False,False,((0)),
RQTITLE,39,ShowAndroid,bit,1,1,0,False,False,((0)),
RQTITLE,40,R_Time,datetime,8,23,3,True,False,,
RQTITLE,41,OnLineCode,nvarchar,100,0,0,True,False,,Arabic_CI_AS
RQType,1,RQT_Id,int,4,10,0,False,True,,
RQType,2,RQT_Name,nvarchar,100,0,0,True,False,,Arabic_CI_AS
RQType,3,BackColor,int,4,10,0,True,False,,
RQType,4,FontColor,int,4,10,0,True,False,,
Rs_FacList,1,ID,int,4,10,0,False,True,,
Rs_FacList,2,F_Code,bigint,8,19,0,False,False,,
Rs_FacList,3,FL_Index,smallint,2,5,0,False,False,,
Rs_FacList,4,A_Code,char,7,0,0,True,False,,Arabic_CI_AS
Rs_FacList,5,FL_Few,float,8,53,0,True,False,,
Rs_FacList,6,FL_Price,float,8,53,0,True,False,,
Rs_FacList,7,FL_Comment,nvarchar,8000,0,0,True,False,,Arabic_CI_AS
Rs_FacList,8,Levy,float,8,53,0,True,False,,
Rs_FacList,9,Scot,float,8,53,0,True,False,,
Rs_FacList,10,Darsad_Takhfif,float,8,53,0,False,False,,
Rs_FacList,11,TakhfifSatrir,float,8,53,0,False,False,,
Rs_FacList,12,Darsad_Type,bit,1,1,0,True,False,,
Rs_FacList,13,Art_OuterOrd,bit,1,1,0,False,False,,
Rs_FacList,14,FewKarton,float,8,53,0,True,False,,
Rs_FacList,15,FewBasteh,float,8,53,0,True,False,,
Rs_FacList,16,SumTakhfifSatri_P,float,8,53,0,False,False,,
Rs_FacList,17,Sigar_Levy,float,8,53,0,True,False,,
Rs_FacList,18,Sigar_Scot,float,8,53,0,True,False,,
Rs_FacList,19,ID_FCode,int,4,10,0,False,False,,
Rs_FacList,20,Unit_Code,int,4,10,0,True,False,((0)),
Rs_FacList,21,Unit_Few,float,8,53,0,True,False,((1)),
Rs_Facture,1,ID,int,4,10,0,False,True,,
Rs_Facture,2,F_Code,bigint,8,19,0,False,False,,
Rs_Facture,3,F_Type,tinyint,1,3,0,True,False,,
Rs_Facture,4,F_Code_C,bigint,8,19,0,True,False,,
Rs_Facture,5,F_Date,smalldatetime,4,16,0,True,False,,
Rs_Facture,6,F_Time,nvarchar,10,0,0,True,False,,Arabic_CI_AS
Rs_Facture,7,Ext_Time1,nvarchar,10,0,0,True,False,,Arabic_CI_AS
Rs_Facture,8,Ext_Time2,nvarchar,10,0,0,True,False,,Arabic_CI_AS
Rs_Facture,9,C_Code,nvarchar,10,0,0,True,False,,Arabic_CI_AS
Rs_Facture,10,Desk_Name,nvarchar,20,0,0,True,False,,Arabic_CI_AS
Rs_Facture,11,F_Naghd,float,8,53,0,True,False,,
Rs_Facture,12,F_Nesieh,float,8,53,0,True,False,,
Rs_Facture,13,F_Takhfif,float,8,53,0,True,False,,
Rs_Facture,14,F_Service,float,8,53,0,True,False,,
Rs_Facture,15,F_Haz1,float,8,53,0,True,False,,
Rs_Facture,16,F_Haz2,float,8,53,0,True,False,,
Rs_Facture,17,F_SumPrice,float,8,53,0,True,False,,
Rs_Facture,18,F_Comment,nvarchar,8000,0,0,True,False,,Arabic_CI_AS
Rs_Facture,19,UserCode,smallint,2,5,0,True,False,,
Rs_Facture,20,C_Code_Peik,varchar,5,0,0,True,False,,Arabic_CI_AS
Rs_Facture,21,Outer_Ord,bit,1,1,0,True,False,,
Rs_Facture,22,Tasvieh_Peik,bit,1,1,0,True,False,,
Rs_Facture,23,ResFacSender,tinyint,1,3,0,True,False,,
Rs_Facture,24,UserCodeFacEdit,smallint,2,5,0,True,False,,
Rs_Facture,25,F_Pos,float,8,53,0,True,False,,
Rs_Facture,26,Pos_Code,varchar,11,0,0,True,False,,Arabic_CI_AS
Rs_Facture,27,Sum_Levy,float,8,53,0,True,False,,
Rs_Facture,28,Sum_Scot,float,8,53,0,True,False,,
Rs_Facture,29,Check_Tasvieh,bit,1,1,0,False,False,,
Rs_Facture,30,RemoteIp,nvarchar,40,0,0,True,False,,Arabic_CI_AS
Rs_Facture,31,PPCFCode,smallint,2,5,0,True,False,,
Rs_Facture,32,RemoteHost,nvarchar,40,0,0,True,False,,Arabic_CI_AS
Rs_Facture,33,Fac_Type,varchar,1,0,0,False,False,,Arabic_CI_AS
Rs_Facture,34,CheckPrint,bit,1,1,0,False,False,,
Rs_Facture,35,Money_Code,int,4,10,0,False,False,,
Rs_Facture,36,Money_Price,float,8,53,0,False,False,,
Rs_Facture,37,DarsadTakhfif,float,8,53,0,False,False,,
Rs_Facture,38,DarsadService,float,8,53,0,False,False,,
Rs_Facture,39,UsedByUser,varchar,50,0,0,True,False,,Arabic_CI_AS
Rs_Facture,40,Naghd_Moddat,bit,1,1,0,False,False,,
Rs_Facture,41,FType_KF,varchar,1,0,0,False,False,,Arabic_CI_AS
Rs_Facture,42,Kind_Vat,smallint,2,5,0,True,False,,
Rs_Facture,43,Res_No,nvarchar,8,0,0,True,False,,Arabic_CI_AS
Rs_Facture,44,Scale_No,nvarchar,2,0,0,True,False,,Arabic_CI_AS
Rs_Facture,45,PagerNo,varchar,15,0,0,True,False,,Arabic_CI_AS
Rs_Facture,46,ExporterSId,int,4,10,0,True,False,,
Rs_Facture,47,Bon_Price,float,8,53,0,False,False,,
Rs_Facture,48,Bon_No,varchar,20,0,0,True,False,,Arabic_CI_AS
Rs_Facture,49,Alias_Name,varchar,60,0,0,True,False,,Arabic_CI_AS
Rs_Facture,50,CallerId_Num,varchar,20,0,0,True,False,,Arabic_CI_AS
Rs_Facture,51,F_Peik,float,8,53,0,True,False,,
Rs_Facture,52,UserSell,int,4,10,0,False,False,,
Rs_Facture,53,Selected,bit,1,1,0,False,False,,
Rs_Facture,54,C_CodeGauranty,varchar,5,0,0,True,False,,Arabic_CI_AS
Rs_Facture,55,TasviehDate,datetime,8,23,3,True,False,,
Rs_Facture,56,hlpFieldL,bit,1,1,0,True,False,,
Rs_Facture,57,InsuranceId,smallint,2,5,0,True,False,,
Rs_Facture,58,InsuranceNo,varchar,20,0,0,True,False,,Arabic_CI_AS
Rs_Facture,59,MedicalNo,varchar,20,0,0,True,False,,Arabic_CI_AS
Rs_Facture,60,Alias_Mobile,varchar,60,0,0,True,False,,Arabic_CI_AS
Rs_Facture,61,IsLevyAndScot,bit,1,1,0,True,False,,
Rs_Facture,62,Sum_Sigar_Levy,float,8,53,0,True,False,,
Rs_Facture,63,Sum_Sigar_Scot,float,8,53,0,True,False,,
Rs_Facture,64,ScaleNo,int,4,10,0,False,False,,
Rs_Facture,65,UPDATEFLAG,bit,1,1,0,False,False,,
Rs_Facture,66,FACTRANS,int,4,10,0,False,False,,
Rs_Facture,67,Takhfif_P_KolFact,float,8,53,0,False,False,,
Rs_Facture,68,SumTakhfif_P,float,8,53,0,False,False,,
Rs_Facture,69,RfCardName,varchar,500,0,0,True,False,(''),Arabic_CI_AS
Rs_Facture,70,Pos_KalaBarg_Code,varchar,11,0,0,True,False,(''),Arabic_CI_AS
Rs_Facture,71,F_KalaBarg,float,8,53,0,False,False,((0)),
S_GROUP,1,M_groupcode,varchar,2,0,0,False,False,,Arabic_CI_AS
S_GROUP,2,S_groupcode,varchar,2,0,0,False,False,,Arabic_CI_AS
S_GROUP,3,S_groupname,nvarchar,510,0,0,True,False,,Arabic_CI_AS
S_GROUP,4,Selected,bit,1,1,0,True,False,,
S_GROUP,5,DarsadTakhfif,float,8,53,0,True,False,,
S_GROUP,6,DarsadPorsant,float,8,53,0,True,False,,
S_GROUP,7,Priority,int,4,10,0,True,False,,
S_GROUP,8,SNegative_Sel,bit,1,1,0,True,False,,
S_GROUP,9,Creation_Date,datetime,8,23,3,True,False,,
S_GROUP,10,Endeditdate,datetime,8,23,3,True,False,,
S_GROUP,11,comment,varchar,4000,0,0,True,False,,Arabic_CI_AS
S_GROUP,12,PriceTakhfif,float,8,53,0,False,False,((0)),
S_GROUP,13,FromModatDate,datetime,8,23,3,True,False,,
S_GROUP,14,ToModatDate,datetime,8,23,3,True,False,,
S_GROUP,15,Choice,bit,1,1,0,False,False,((0)),
S_GROUP,16,FilterGroupId,nvarchar,6000,0,0,False,False,(''),Arabic_CI_AS
S_GROUP,17,ParentType_C,int,4,10,0,False,False,((0)),
S_GROUP,18,Res_SGTypeId,varchar,100,0,0,True,False,,Arabic_CI_AS
Saham,1,C_Code,nvarchar,10,0,0,False,False,,Arabic_CI_AS
Saham,2,YearDate,nvarchar,8,0,0,False,False,,Arabic_CI_AS
Saham,3,Sood,float,8,53,0,True,False,,
Saham,4,Maliyat,float,8,53,0,True,False,,
Saham,5,Shahrdari,float,8,53,0,True,False,,
Saham,6,Sanavat,float,8,53,0,True,False,,
Saham,7,Sayer,float,8,53,0,True,False,,
Saham,8,Comment,nvarchar,100,0,0,True,False,,Arabic_CI_AS
Saham_P,1,C_Code,nvarchar,10,0,0,False,False,,Arabic_CI_AS
Saham_P,2,P_Name,nvarchar,100,0,0,True,False,,Arabic_CI_AS
Saham_P,3,PF_Name,nvarchar,50,0,0,True,False,,Arabic_CI_AS
Saham_P,4,P_Number,nvarchar,20,0,0,True,False,,Arabic_CI_AS
Saham_P,5,No_Sahamdar,nvarchar,20,0,0,True,False,,Arabic_CI_AS
Saham_P,6,B_City,nvarchar,40,0,0,True,False,,Arabic_CI_AS
Saham_P,7,MahalSodoor,nvarchar,40,0,0,True,False,,Arabic_CI_AS
Saham_P,8,BirthDate,datetime,8,23,3,True,False,,
Saham_P,9,CountSahm,float,8,53,0,True,False,,
Saham_P,10,PricePerSahm,float,8,53,0,True,False,,
Saham_P,11,Kind,smallint,2,5,0,True,False,,
Saham_P,12,DateStart,datetime,8,23,3,True,False,,
Saham_P,13,DateEnd,datetime,8,23,3,True,False,,
Saham_P,14,Address,nvarchar,200,0,0,True,False,,Arabic_CI_AS
Saham_P,15,ID,nvarchar,30,0,0,True,False,,Arabic_CI_AS
Saham_P,16,CodeKindEstekhdam,int,4,10,0,True,False,,
Saham_P,17,CodePlaceAmoozeshgah,int,4,10,0,True,False,,
Saham_P,18,No_Darkhast,nvarchar,16,0,0,True,False,,Arabic_CI_AS
Saham_P,19,SCol_Code,nvarchar,8,0,0,True,False,,Arabic_CI_AS
Saham_P,20,SMoien_Code,nvarchar,8,0,0,True,False,,Arabic_CI_AS
Saham_P,21,STafzili_Code,nvarchar,8,0,0,True,False,,Arabic_CI_AS
Saham_P,22,CCol_Code,nvarchar,6,0,0,True,False,,Arabic_CI_AS
Saham_P,23,CMoien_Code,nvarchar,8,0,0,True,False,,Arabic_CI_AS
Saham_P,24,CTafzili_Code,nvarchar,8,0,0,True,False,,Arabic_CI_AS
SaierKusurat,1,Id,int,4,10,0,False,True,,
SaierKusurat,2,tozihat,nvarchar,510,0,0,True,False,,Arabic_CI_AS
SaierKusurat,3,mablagh,float,8,53,0,True,False,,
SaierKusurat,4,SurttitlId,int,4,10,0,True,False,,
SaierKusurat,5,Fac_Code,nvarchar,20,0,0,False,False,('0'),Arabic_CI_AS
SANAD,1,Sanad_Code,int,4,10,0,False,True,,
SANAD,2,Sanad_Code_C,int,4,10,0,True,False,,
SANAD,3,Sanad_Code_C2,int,4,10,0,True,False,,
SANAD,4,Sanad_Date,datetime,8,23,3,True,False,,
SANAD,5,Sanad_Time,datetime,8,23,3,True,False,,
SANAD,6,Comment,nvarchar,2000,0,0,True,False,,Arabic_CI_AS
SANAD,7,End_Save,bit,1,1,0,True,False,,
SANAD,8,SaveFromFacture,bit,1,1,0,True,False,,
SANAD,9,SaveFromAuto,bit,1,1,0,True,False,,
SANAD,10,Sanad_Type,smallint,2,5,0,True,False,,
SANAD,11,User1,smallint,2,5,0,True,False,,
SANAD,12,User2,smallint,2,5,0,True,False,,
SANAD,13,User3,smallint,2,5,0,True,False,,
SANAD,14,Delete,bit,1,1,0,True,False,,
SANAD,15,Number_U,float,8,53,0,True,False,,
SANAD,16,NaghdCheck,smallint,2,5,0,True,False,,
SANAD,17,DateUser,nvarchar,20,0,0,True,False,,Arabic_CI_AS
SANAD,18,TimeUser,nvarchar,10,0,0,True,False,,Arabic_CI_AS
SANAD,19,UserCodeInc,int,4,10,0,True,False,,
SANAD,20,UsedByUser,varchar,50,0,0,True,False,,Arabic_CI_AS
SANAD,21,Transfer,bit,1,1,0,True,False,,
SANAD,22,Review,bit,1,1,0,True,False,,
SANAD,23,Actions,tinyint,1,3,0,True,False,,
SANAD,24,MergeSanad_Code,int,4,10,0,True,False,,
SANAD,25,MergeSanad_Date,datetime,8,23,3,True,False,,
SANAD,26,sanad_state,smallint,2,5,0,False,False,((0)),
SANAD,27,IsCMS,bit,1,1,0,True,False,,
SANAD,28,Transfer_Recive_Snd,bit,1,1,0,False,False,((0)),
SANAD,29,Transfer_Send_Snd,bit,1,1,0,False,False,((0)),
SANAD,30,Endeditdate,datetime,8,23,3,True,False,,
SANAD,31,MergetajSanad_Code,int,4,10,0,True,False,,
SANAD,32,MergetajSanad_Date,datetime,8,23,3,True,False,,
SANAD,33,FCode_ChangeGold,int,4,10,0,False,False,((0)),
SANAD,34,SndEdit,smallint,2,5,0,False,False,((0)),
SANAD,35,StateSanadForKartabl,bit,1,1,0,False,False,((0)),
SANAD,36,checkKartableBeforeAdmin,bit,1,1,0,False,False,((0)),
SANAD,37,AcceptOrRejectSuperVisor,bit,1,1,0,False,False,((0)),
SANAD,38,InitialUserCode,int,4,10,0,True,False,,
Sanad_Code_Pos,1,Id,int,4,10,0,False,True,,
Sanad_Code_Pos,2,Sanad_Code,int,4,10,0,False,False,,
Sanad_Code_Pos,3,Sanad_Code_Pos,bigint,8,19,0,False,False,,
Sanad_Code_Pos,4,Mode,tinyint,1,3,0,False,False,((1)),
Sanad_Edit,1,Sanad_Code_C,int,4,10,0,True,False,,
Sanad_Edit,2,Sanad_Code_C2,int,4,10,0,True,False,,
Sanad_Edit,3,Sanad_Date,datetime,8,23,3,True,False,,
Sanad_Edit,4,Sanad_Time,datetime,8,23,3,True,False,,
Sanad_Edit,5,Comment,nvarchar,1200,0,0,True,False,,Arabic_CI_AS
Sanad_Edit,6,End_Save,bit,1,1,0,True,False,,
Sanad_Edit,7,SaveFromFacture,bit,1,1,0,True,False,,
Sanad_Edit,8,SaveFromAuto,bit,1,1,0,True,False,,
Sanad_Edit,9,Sanad_Type,smallint,2,5,0,True,False,,
Sanad_Edit,10,User1,smallint,2,5,0,True,False,,
Sanad_Edit,11,User2,smallint,2,5,0,True,False,,
Sanad_Edit,12,User3,smallint,2,5,0,True,False,,
Sanad_Edit,13,Delete,bit,1,1,0,True,False,,
Sanad_Edit,14,Number_U,float,8,53,0,True,False,,
Sanad_Edit,15,NaghdCheck,smallint,2,5,0,True,False,,
Sanad_Edit,16,DateUser,nvarchar,20,0,0,True,False,,Arabic_CI_AS
Sanad_Edit,17,TimeUser,nvarchar,10,0,0,True,False,,Arabic_CI_AS
Sanad_Edit,18,UserCodeInc,int,4,10,0,True,False,,
Sanad_Edit,19,UsedByUser,varchar,30,0,0,True,False,,Arabic_CI_AS
Sanad_Edit,20,Transfer,bit,1,1,0,True,False,,
Sanad_Edit,21,Review,bit,1,1,0,True,False,,
Sanad_Edit,22,Actions,tinyint,1,3,0,True,False,,
Sanad_Edit,23,MergeSanad_Code,int,4,10,0,True,False,,
Sanad_Edit,24,MergeSanad_Date,datetime,8,23,3,True,False,,
Sanad_Edit,25,sanad_state,smallint,2,5,0,False,False,,
Sanad_Edit,26,IsCMS,bit,1,1,0,True,False,,
Sanad_Edit,27,Transfer_Recive_Snd,bit,1,1,0,False,False,,
Sanad_Edit,28,Transfer_Send_Snd,bit,1,1,0,False,False,,
Sanad_Edit,29,Endeditdate,datetime,8,23,3,True,False,,
Sanad_Edit,30,MergetajSanad_Code,int,4,10,0,True,False,,
Sanad_Edit,31,MergetajSanad_Date,datetime,8,23,3,True,False,,
Sanad_Edit,32,FCode_ChangeGold,int,4,10,0,False,False,,
Sanad_Edit,33,WebId,nvarchar,40,0,0,True,False,,Arabic_CI_AS
Sanad_Edit,34,sanad_code,int,4,10,0,True,False,,
Sanad_Edit,35,Id,int,4,10,0,False,False,,
SanadHelp,1,index,int,4,10,0,False,True,,
SanadHelp,2,Col_Code,char,10,0,0,True,False,,Arabic_CI_AS
SanadHelp,3,Moien_Code,char,10,0,0,True,False,,Arabic_CI_AS
SanadHelp,4,Tafzili_Code,char,10,0,0,True,False,,Arabic_CI_AS
SanadHelp,5,Sarfasl_Code,varchar,15,0,0,True,False,,Arabic_CI_AS
SanadHelp,6,Sarfasl_Name,nvarchar,120,0,0,True,False,,Arabic_CI_AS
SanadHelp,7,Bed,float,8,53,0,True,False,,
SanadHelp,8,Bes,float,8,53,0,True,False,,
SanadHelp,9,Comment_Line,nvarchar,120,0,0,True,False,,Arabic_CI_AS
SanadHelp,10,Bed2,float,8,53,0,True,False,,
SanadHelp,11,Bes2,float,8,53,0,True,False,,
SanadHelp,12,Type,int,4,10,0,True,False,,
SanadRes_Code_Pos,1,id,int,4,10,0,False,True,,
SanadRes_Code_Pos,2,Fac_Code,bigint,8,19,0,False,False,,
SanadRes_Code_Pos,3,Sanad_Code_Pos,bigint,8,19,0,False,False,,
SARFAS_H,1,Col_Code,varchar,3,0,0,True,False,,Arabic_CI_AS
SARFAS_H,2,Moien_Code,varchar,4,0,0,True,False,,Arabic_CI_AS
SARFAS_H,3,Tafzili_Code,varchar,4,0,0,True,False,,Arabic_CI_AS
SARFAS_H,4,Sarfasl_Code,varchar,11,0,0,True,False,,Arabic_CI_AS
SARFAS_H,5,Sarfasl_Name,varchar,60,0,0,True,False,,Arabic_CI_AS
SARFASL,1,Col_Code,varchar,3,0,0,False,False,,Arabic_CI_AS
SARFASL,2,Moien_Code,varchar,4,0,0,False,False,,Arabic_CI_AS
SARFASL,3,Tafzili_Code,varchar,4,0,0,False,False,,Arabic_CI_AS
SARFASL,4,Sarfasl_Code,varchar,11,0,0,True,False,,Arabic_CI_AS
SARFASL,5,Sarfasl_Name,varchar,255,0,0,True,False,,Arabic_CI_AS
SARFASL,6,Mandeh,float,8,53,0,True,False,,
SARFASL,7,Group,smallint,2,5,0,True,False,,
SARFASL,8,Mahiat,smallint,2,5,0,True,False,,
SARFASL,9,Can_Delete,bit,1,1,0,True,False,,
SARFASL,10,Common,varchar,5,0,0,True,False,,Arabic_CI_AS
SARFASL,11,Delete,bit,1,1,0,True,False,,
SARFASL,12,MHaz_Code,int,4,10,0,True,False,,
SARFASL,13,AutoUse,bit,1,1,0,False,False,((0)),
SARFASL,14,ID,int,4,10,0,False,True,,
SARFASL,15,Parent,int,4,10,0,True,False,,
SARFASL,16,Type,int,4,10,0,True,False,((0)),
SARFASL,17,SParent,int,4,10,0,True,False,((0)),
SARFASL,18,ArzId,int,4,10,0,False,False,((1)),
SARFASL,19,Money_Price,float,8,53,0,False,False,((1)),
SARFASL,20,Selected,bit,1,1,0,False,False,((0)),
SARFASL,21,Sarfasl_Codeold,varchar,11,0,0,True,False,,Arabic_CI_AS
SARFASL,22,DefaultSarfasl_Code,varchar,500,0,0,True,False,,Arabic_CI_AS
SARFASL,23,OldType,int,4,10,0,True,False,,
SARFASL,24,OldCustSarfasl_Code,varchar,11,0,0,True,False,,Arabic_CI_AS
SarfaslAccess,1,ID,int,4,10,0,False,True,,
SarfaslAccess,2,UserCode,int,4,10,0,True,False,,
SarfaslAccess,3,AccessInfo,image,16,0,0,True,False,,
SarfaslInfo,1,ID,int,4,10,0,False,True,,
SarfaslInfo,2,Sarfasl_Code,nvarchar,22,0,0,False,False,,Arabic_CI_AS
SarfaslInfo,3,NationalId,nvarchar,40,0,0,True,False,,Arabic_CI_AS
SarfaslInfo,4,EconomicId,nvarchar,60,0,0,True,False,,Arabic_CI_AS
SarfaslInfo,5,Tel,nvarchar,60,0,0,True,False,,Arabic_CI_AS
SarfaslInfo,6,Address,nvarchar,510,0,0,True,False,,Arabic_CI_AS
SarfaslInfo,7,CityCode,nvarchar,20,0,0,True,False,,Arabic_CI_AS
SarfaslInfo,8,OstanCode,nvarchar,20,0,0,True,False,,Arabic_CI_AS
SarfaslInfo,9,ArticleComment,nvarchar,510,0,0,True,False,,Arabic_CI_AS
SarfaslInfo,10,SarfaslType,int,4,10,0,True,False,,
SarfaslInfo,11,SarfaslC_Type,int,4,10,0,True,False,,
SarfaslInfo,12,HKharidarType1Code,int,4,10,0,True,False,,
SarfaslType,1,id,int,4,10,0,False,False,,
SarfaslType,2,TypeName,varchar,60,0,0,True,False,,Arabic_CI_AS
SarfaslType,3,DefaultSarfasl,varchar,11,0,0,True,False,,Arabic_CI_AS
SarfaslType,4,Note,varchar,1024,0,0,True,False,,Arabic_CI_AS
SaveClsF,1,Fac_Code,varchar,6,0,0,False,False,,Arabic_CI_AS
SaveClsF,2,Fac_Type,varchar,1,0,0,False,False,,Arabic_CI_AS
SaveClsF,3,A_Code,varchar,7,0,0,False,False,,Arabic_CI_AS
SaveClsF,4,A_Index,int,4,10,0,False,False,,
SaveClsF,5,SIndex,int,4,10,0,False,False,,
SaveClsF,6,Momaiez,smallint,2,5,0,False,False,((0)),
SaveClsF,7,A_CodeFrmlE,varchar,7,0,0,False,False,(''),Arabic_CI_AS
SaveClsF,8,Few,float,8,53,0,True,False,,
SaveClsF,9,ID,int,4,10,0,False,True,,
SaveResid,1,Sanad_code,bigint,8,19,0,False,False,,
SaveResid,2,Price_All,float,8,53,0,True,False,,
SaveResid,3,Fnaghd,float,8,53,0,True,False,,
SaveResid,4,KartKhan,float,8,53,0,True,False,,
SaveResid,5,Cus_code,nvarchar,100,0,0,True,False,,Arabic_CI_AS
SaveResid,6,Cus_Name,nvarchar,1000,0,0,True,False,,Arabic_CI_AS
SaveResid,7,Cus_BedBes,float,8,53,0,True,False,,
SaveResid,8,FacCode_Name2,nvarchar,1000,0,0,True,False,,Arabic_CI_AS
SaveResid,9,MHaz_Name,nvarchar,200,0,0,True,False,,Arabic_CI_AS
SaveResid,10,Edit,bit,1,1,0,False,False,((0)),
SaveResid,11,Takhfif,float,8,53,0,True,False,,
SaveResid,12,Account_N,varchar,18,0,0,True,False,,Arabic_CI_AS
SaveResid,13,CashSar_Code,varchar,11,0,0,True,False,,Arabic_CI_AS
SaveResid,14,FNesieh,float,8,53,0,True,False,,
SaveResid,15,FSarmayeh,float,8,53,0,True,False,,
SaveResid,16,SarmayehSar_Code,varchar,15,0,0,True,False,,Arabic_CI_AS
SaveResid,17,CommentCheck,nvarchar,8000,0,0,True,False,,Arabic_CI_AS
SaveResid,18,PrintNaghdi,bit,1,1,0,False,False,((0)),
SaveResid,19,CmntVosol,nvarchar,510,0,0,True,False,,Arabic_CI_AS
SCode,1,SCode,nvarchar,24,0,0,False,False,,Arabic_CI_AS
SellerDetail,1,Id,int,4,10,0,False,True,,
SellerDetail,2,C_Code,varchar,5,0,0,True,False,,Arabic_CI_AS
SellerDetail,3,A_Code,varchar,7,0,0,True,False,,Arabic_CI_AS
SellerDetail,4,Commission,float,8,53,0,True,False,,
SellerDetail,5,Sell_Price,float,8,53,0,True,False,,
SellerDetail,6,ContractNumber,nvarchar,100,0,0,True,False,,Arabic_CI_AS
SerReserveTolid,1,ID,int,4,10,0,False,True,,
SerReserveTolid,2,index,int,4,10,0,True,False,,
SerReserveTolid,3,A_code,varchar,7,0,0,True,False,,Arabic_CI_AS
SerReserveTolid,4,A_serial,nvarchar,510,0,0,True,False,,Arabic_CI_AS
SerReserveTolid,5,FacCode,int,4,10,0,True,False,,
SerReserveTolid,6,Bild_Or_Tajzieh,varchar,1,0,0,True,False,,Arabic_CI_AS
SerReserveTolid,7,Type,varchar,1,0,0,True,False,,Arabic_CI_AS
Set_Sarfasl,1,S_Name,nvarchar,120,0,0,False,False,,Arabic_CI_AS
Set_Sarfasl,2,Col_Code,nvarchar,6,0,0,True,False,,Arabic_CI_AS
Set_Sarfasl,3,Moien_Code,nvarchar,8,0,0,True,False,,Arabic_CI_AS
Set_Sarfasl,4,Tafzili_Code,nvarchar,8,0,0,True,False,,Arabic_CI_AS
Set_Sarfasl,5,IsActive,bit,1,1,0,True,False,,
Set_TncRep,1,R_Code,int,4,10,0,False,True,,
Set_TncRep,2,Report_Name,nvarchar,120,0,0,True,False,,Arabic_CI_AS
Set_TncRep,3,Report_NameUser,nvarchar,120,0,0,True,False,,Arabic_CI_AS
Set_TncRep,4,Report_NameUser1,nvarchar,120,0,0,True,False,,Arabic_CI_AS
Set_TncRep,5,Report_Data,image,16,0,0,True,False,,
Set_TncRep,6,PWidth,float,8,53,0,True,False,,
Set_TncRep,7,PHeight,float,8,53,0,True,False,,
SETPRINT,1,Index,int,4,10,0,False,True,,
SETPRINT,2,Sarbarg_Flag,bit,1,1,0,True,False,,
SETPRINT,3,Economic_Flag,bit,1,1,0,True,False,,
SETPRINT,4,Mandeh_Flag,bit,1,1,0,True,False,,
SETPRINT,5,Com_Flag,bit,1,1,0,True,False,,
SETPRINT,6,Image_Flag,bit,1,1,0,True,False,,
SETPRINT,7,Right_Left,bit,1,1,0,True,False,,
SETPRINT,8,Date_Flag,bit,1,1,0,True,False,,
SETPRINT,9,Ch_Customer,bit,1,1,0,True,False,,
SETPRINT,10,PrintLineFromFact,bit,1,1,0,True,False,,
SETPRINT,11,SarBarg,varchar,255,0,0,True,False,,Arabic_CI_AS
SETPRINT,12,Comment,varchar,255,0,0,True,False,,Arabic_CI_AS
SETPRINT,13,CommentBig,varchar,255,0,0,True,False,,Arabic_CI_AS
SETPRINT,14,PrintLines,smallint,2,5,0,True,False,,
SETPRINT,15,Image,varchar,255,0,0,True,False,,Arabic_CI_AS
SETPRINT,16,CustName,varchar,30,0,0,True,False,,Arabic_CI_AS
SETPRINT,17,Show_Vaseteh,bit,1,1,0,True,False,,
SETPRINT,18,Show_AddressCust,bit,1,1,0,True,False,,
SETPRINT,19,Few_PrintKh,int,4,10,0,True,False,,
SETPRINT,20,Few_PrintF,int,4,10,0,True,False,,
SETPRINT,21,PrintLines2,smallint,2,5,0,True,False,,
SETPRINT,22,PrintLineFromFact2,bit,1,1,0,True,False,,
SETPRINT,23,National_Code_F_Flag,bit,1,1,0,False,False,((0)),
SetTPDetail,1,Id,int,4,10,0,False,True,,
SetTPDetail,2,TP_Code,int,4,10,0,False,False,,
SetTPDetail,3,Unit_Code,int,4,10,0,True,False,,
SetTPDetail,4,ValueFrom,float,8,53,0,False,False,((0)),
SetTPDetail,5,ValueTo,float,8,53,0,False,False,((0)),
SetTPDetail,6,RType,int,4,10,0,False,False,((0)),
SetTPDetail,7,TPValue,float,8,53,0,False,False,((0)),
SetTPDetail,8,Period,int,4,10,0,True,False,,
SetTPMaster,1,TP_Code,int,4,10,0,False,True,,
SetTPMaster,2,Takhfif_Porsant,bit,1,1,0,False,False,((0)),
SetTPMaster,3,Title,nvarchar,200,0,0,False,False,,Arabic_CI_AS
SetTPMaster,4,Calc_Type,smallint,2,5,0,False,False,((0)),
SetTPMaster,5,Action_Type,smallint,2,5,0,False,False,((0)),
SetTPMaster,6,TP_Type,smallint,2,5,0,False,False,((0)),
SetTPMaster,7,Vaseteh,varchar,4000,0,0,True,False,,Arabic_CI_AS
SetTPMaster,8,ArtType,smallint,2,5,0,True,False,,
SetTPMaster,9,M_Groups,varchar,4000,0,0,True,False,,Arabic_CI_AS
SetTPMaster,10,S_Groups,varchar,200,0,0,True,False,,Arabic_CI_AS
SetTPMaster,11,Articles,text,16,0,0,True,False,,Arabic_CI_AS
SetTPMaster,12,Fact_Type,bit,1,1,0,False,False,((0)),
SetTPMaster,13,Facts,varchar,100,0,0,True,False,,Arabic_CI_AS
SetTPMaster,14,Customers,text,16,0,0,True,False,,Arabic_CI_AS
SetTPMaster,15,BDate,datetime,8,23,3,True,False,,
SetTPMaster,16,EDate,datetime,8,23,3,True,False,,
ShiftDayofWeek,1,ID,int,4,10,0,False,True,,
ShiftDayofWeek,2,C_Code,nvarchar,10,0,0,True,False,,Arabic_CI_AS
ShiftDayofWeek,3,DayofWeek,int,4,10,0,True,False,,
ShiftDayofWeek,4,TimeF,datetime,8,23,3,True,False,,
ShiftDayofWeek,5,TimeTo,datetime,8,23,3,True,False,,
SMSCalendarGroup,1,ID,int,4,10,0,False,True,,
SMSCalendarGroup,2,C_Group,int,4,10,0,False,False,((0)),
SMSCalendarGroup,3,C_Code,nvarchar,10,0,0,True,False,,Arabic_CI_AS
SMSCalendarGroup,4,C_Mobile,nvarchar,200,0,0,True,False,,Arabic_CI_AS
SMSCalendarGroup,5,ReciveSend,bit,1,1,0,False,False,((1)),
SMSCalendarGroup,6,Cus_ParentId,int,4,10,0,True,False,,
SMSCUSTOMER,1,Id,int,4,10,0,False,True,,
SMSCUSTOMER,2,Name,varchar,60,0,0,True,False,,Arabic_CI_AS
SMSCUSTOMER,3,MobileNo,varchar,20,0,0,True,False,,Arabic_CI_AS
SMSCUSTOMER,4,SMSGroup,nvarchar,510,0,0,True,False,,Arabic_CI_AS
SMSCUSTOMER,5,Creation_Date,datetime,8,23,3,True,False,,
SMSDetail,1,ID,int,4,10,0,False,True,,
SMSDetail,2,ParentId,int,4,10,0,False,False,,
SMSDetail,3,Type,varchar,1,0,0,False,False,,Arabic_CI_AS
SMSDetail,4,Name,nvarchar,500,0,0,True,False,,Arabic_CI_AS
SMSDetail,5,Sarfasl_Code,nvarchar,100,0,0,True,False,,Arabic_CI_AS
SMSGroup,1,ID,int,4,10,0,False,True,,
SMSGroup,2,Name,nvarchar,100,0,0,False,False,,Arabic_CI_AS
SMSGroup,3,IsActive,bit,1,1,0,False,False,((0)),
SMSGroup,4,GroupState,tinyint,1,3,0,False,False,((0)),
SMSGroup,5,Comment,nvarchar,1000,0,0,True,False,,Arabic_CI_AS
SMSInformation,1,ID,int,4,10,0,False,True,,
SMSInformation,2,ParentId,int,4,10,0,False,False,((0)),
SMSInformation,3,Type,varchar,1,0,0,True,False,,Arabic_CI_AS
SMSInformation,4,Name,nvarchar,100,0,0,False,False,,Arabic_CI_AS
SMSInformation,5,SortId,int,4,10,0,False,False,((0)),
SMSListGroup,1,ID,int,4,10,0,False,True,,
SMSListGroup,2,ParentId,int,4,10,0,False,False,((0)),
SMSListGroup,3,Type,varchar,1,0,0,False,False,,Arabic_CI_AS
SMSListGroup,4,Name,nvarchar,100,0,0,False,False,,Arabic_CI_AS
SMSListGroup,5,SType,smallint,2,5,0,False,False,((0)),
SMSListGroup,6,Gtype,smallint,2,5,0,False,False,((0)),
SMSListGroup,7,Showtype,smallint,2,5,0,False,False,((0)),
SMSListGroup,8,Send_Recive,smallint,2,5,0,False,False,((0)),
SMSOutBox,1,ID,int,4,10,0,False,True,,
SMSOutBox,2,C_Group,int,4,10,0,False,False,((0)),
SMSOutBox,3,C_Code,nvarchar,10,0,0,True,False,,Arabic_CI_AS
SMSOutBox,4,Fac_Type,char,1,0,0,True,False,,Arabic_CI_AS
SMSOutBox,5,SMSDate,datetime,8,23,3,True,False,,
SMSOutBox,6,SMSTime,datetime,8,23,3,True,False,,
SMSOutBox,7,SMSSendDate,datetime,8,23,3,True,False,,
SMSOutBox,8,SMSSendTime,datetime,8,23,3,True,False,,
SMSOutBox,9,C_Mobile,nvarchar,200,0,0,True,False,,Arabic_CI_AS
SMSOutBox,10,Comment,nvarchar,7000,0,0,True,False,,Arabic_CI_AS
SMSOutBox,11,State,int,4,10,0,False,False,((0)),
SMSOutBox,12,SendID,int,4,10,0,False,False,((0)),
SMSOutBox,13,SubjectId,smallint,2,5,0,False,False,((0)),
SMSOutBox,14,SendState,smallint,2,5,0,False,False,((0)),
SMSOutBox,15,SendDateState,smallint,2,5,0,False,False,((0)),
SMSOutBox,16,ReciveSend,bit,1,1,0,False,False,((1)),
SMSOutBox,17,PanelID,int,4,10,0,True,False,,
SMSOutBox,18,PanelResult,nvarchar,1000,0,0,True,False,,Arabic_CI_AS
SMSOutBox,19,PCName,nvarchar,200,0,0,True,False,,Arabic_CI_AS
SMSOutBox,20,Repeat_Count,int,4,10,0,False,False,((1)),
SMSOutBox,21,Day_Of_Week,int,4,10,0,False,False,((1)),
SMSOutBox,22,TypeMount,smallint,2,5,0,False,False,((0)),
SMSOutBox,23,DayMount_Itm,smallint,2,5,0,False,False,((0)),
SMSOutBox,24,DayMount_WichDay,smallint,2,5,0,False,False,((0)),
SMSOutBox,25,Mount_Year,smallint,2,5,0,False,False,((0)),
SMSOutBox,26,Cus_ParentId,int,4,10,0,False,False,((0)),
SMSOutBox,27,PriceFilter,float,8,53,0,False,False,((0)),
SMSOutBox,28,ShowHintM,int,4,10,0,False,False,((0)),
SMSOutBox,29,SelectDate,int,4,10,0,False,False,((0)),
SMSOutBox,30,DateInDay,datetime,8,23,3,True,False,,
SMSOutBox,31,Date_Start,datetime,8,23,3,True,False,,
SMSOutBox,32,Date_End,datetime,8,23,3,True,False,,
SMSOutBox,33,SendSmsInRegShift,bit,1,1,0,False,False,((0)),
SMSOutBox,34,SendSmsInTimeShift,bit,1,1,0,False,False,((0)),
SMSOutBox,35,MinPriceFilter,float,8,53,0,True,False,((0)),
SMSOutBox,36,DayAfterdate,smallint,2,5,0,False,False,((0)),
SMSOutBox,37,DayAfterItem,smallint,2,5,0,False,False,((0)),
SMSOutBox,38,AllUsers,int,4,10,0,False,False,((0)),
SMSSelectGroup,1,ID,int,4,10,0,False,True,,
SMSSelectGroup,2,GroupId,int,4,10,0,False,False,((0)),
SMSSelectGroup,3,GroupLIstId,int,4,10,0,False,False,((0)),
SMSSelectGroup,4,TimerGroupId,int,4,10,0,False,False,((0)),
SMSSelectGroup,5,Comment,varchar,500,0,0,True,False,,Arabic_CI_AS
SMSSelectInfo,1,ID,int,4,10,0,False,True,,
SMSSelectInfo,2,GroupId,int,4,10,0,False,False,((0)),
SMSSelectInfo,3,GroupLIstId,int,4,10,0,False,False,((0)),
SMSSelectInfo,4,GroupInfoId,int,4,10,0,False,False,((0)),
SMSSelectInfo,5,Comment,nvarchar,1000,0,0,True,False,,Arabic_CI_AS
SMSSelectInfo,6,title,varchar,200,0,0,True,False,,Arabic_CI_AS
SMSSelectInfo,7,isDetail,bit,1,1,0,False,False,((0)),
SMSSelectInfo,8,ParentIdDetail,int,4,10,0,True,False,,
SMSSendItem,1,ID,int,4,10,0,False,True,,
SMSSendItem,2,OutBoxID,int,4,10,0,False,False,,
SMSSendItem,3,SendItem,nvarchar,100,0,0,False,False,,Arabic_CI_AS
SMSSendItem,4,Stype,char,1,0,0,True,False,,Arabic_CI_AS
SMSSendModemInfo,1,Id,int,4,10,0,False,True,,
SMSSendModemInfo,2,PanelID,int,4,10,0,True,False,,
SMSSendModemInfo,3,TabID,int,4,10,0,True,False,,
SMSSetting,1,Id,int,4,10,0,False,True,,
SMSSetting,2,ConnectionName,nvarchar,400,0,0,False,False,,Arabic_CI_AS
SMSSetting,3,ConnectionType,tinyint,1,3,0,False,False,,
SMSSetting,4,PUrl,nvarchar,1000,0,0,True,False,,Arabic_CI_AS
SMSSetting,5,IDUserName,nvarchar,200,0,0,True,False,,Arabic_CI_AS
SMSSetting,6,PUserName,nvarchar,510,0,0,True,False,,Arabic_CI_AS
SMSSetting,7,IDPassword,nvarchar,200,0,0,True,False,,Arabic_CI_AS
SMSSetting,8,PPassword,nvarchar,510,0,0,True,False,,Arabic_CI_AS
SMSSetting,9,IDTelFrom,nvarchar,200,0,0,True,False,,Arabic_CI_AS
SMSSetting,10,PTelFrom,nvarchar,40,0,0,True,False,,Arabic_CI_AS
SMSSetting,11,IDTelTo,nvarchar,200,0,0,True,False,,Arabic_CI_AS
SMSSetting,12,IDMessage,nvarchar,200,0,0,True,False,,Arabic_CI_AS
SMSSetting,13,SendType,tinyint,1,3,0,True,False,,
SMSSetting,14,PCName,nvarchar,200,0,0,True,False,,Arabic_CI_AS
SMSSetting,15,Send_Method,int,4,10,0,False,False,((1)),
Snd_Haz,1,S_Code,int,4,10,0,False,True,,
Snd_Haz,2,S_Code_C,int,4,10,0,True,False,,
Snd_Haz,3,S_Type,nvarchar,2,0,0,True,False,,Arabic_CI_AS
Snd_Haz,4,Sanad_Date,nvarchar,20,0,0,True,False,,Arabic_CI_AS
Snd_Haz,5,Peivast,smallint,2,5,0,True,False,,
Snd_Haz,6,C_Name,nvarchar,100,0,0,True,False,,Arabic_CI_AS
Snd_Haz,7,C_Address,nvarchar,200,0,0,True,False,,Arabic_CI_AS
Snd_Haz,8,Sel_Babat,smallint,2,5,0,True,False,,
Snd_Haz,9,Sel_Darkhast,smallint,2,5,0,True,False,,
Snd_Haz,10,Sel_GAnbar,smallint,2,5,0,True,False,,
Snd_Haz,11,Comment1,nvarchar,200,0,0,True,False,,Arabic_CI_AS
Snd_Haz,12,Comment2,nvarchar,200,0,0,True,False,,Arabic_CI_AS
Snd_Haz,13,Comment3,nvarchar,200,0,0,True,False,,Arabic_CI_AS
Snd_Haz,14,Comment4,nvarchar,200,0,0,True,False,,Arabic_CI_AS
Snd_Haz,15,Comment5,nvarchar,200,0,0,True,False,,Arabic_CI_AS
Snd_Haz,16,Comment6,nvarchar,200,0,0,True,False,,Arabic_CI_AS
Snd_Haz,17,Bed,float,8,53,0,True,False,,
Snd_Haz,18,bes,float,8,53,0,True,False,,
Snd_Haz,19,Kasrbed,float,8,53,0,True,False,,
Snd_Haz,20,Kasrbes,float,8,53,0,True,False,,
Snd_Haz,21,Com_Peivast1,nvarchar,200,0,0,True,False,,Arabic_CI_AS
Snd_Haz,22,Com_Peivast2,nvarchar,200,0,0,True,False,,Arabic_CI_AS
Snd_Haz,23,Com_Peivast3,nvarchar,200,0,0,True,False,,Arabic_CI_AS
Snd_Haz,24,Com_Peivast4,nvarchar,200,0,0,True,False,,Arabic_CI_AS
SND_INDX,1,Sanad_Code,int,4,10,0,False,False,,
SND_INDX,2,Fac_Code,varchar,6,0,0,False,False,,Arabic_CI_AS
SND_INDX,3,Fac_Type,varchar,1,0,0,False,False,,Arabic_CI_AS
SND_INDX,4,Check_Code,int,4,10,0,False,False,,
SND_INDX,6,IsCMS,bit,1,1,0,True,False,,
SND_LIST,1,Sanad_Code,int,4,10,0,False,False,,
SND_LIST,2,Index,int,4,10,0,False,True,,
SND_LIST,3,Col_Code,varchar,3,0,0,True,False,(''),Arabic_CI_AS
SND_LIST,4,Moien_Code,varchar,4,0,0,True,False,(''),Arabic_CI_AS
SND_LIST,5,Tafzili_Code,varchar,4,0,0,True,False,(''),Arabic_CI_AS
SND_LIST,6,Bed,float,8,53,0,True,False,,
SND_LIST,7,Bes,float,8,53,0,True,False,,
SND_LIST,8,Show_Daftar,bit,1,1,0,True,False,,
SND_LIST,9,Joze,bit,1,1,0,True,False,,
SND_LIST,10,Type_Line,varchar,1,0,0,True,False,,Arabic_CI_AS
SND_LIST,11,Comment_Line,nvarchar,1000,0,0,True,False,,Arabic_CI_AS
SND_LIST,12,Date_Line,datetime,8,23,3,True,False,,
SND_LIST,13,Number_Line,float,8,53,0,True,False,,
SND_LIST,14,MHaz_Code,int,4,10,0,True,False,,
SND_LIST,15,Actions,tinyint,1,3,0,True,False,,
SND_LIST,16,IsCMS,bit,1,1,0,True,False,,
SND_LIST,17,OldSCode,int,4,10,0,False,False,((0)),
SND_LIST,18,F_Update,bit,1,1,0,True,False,,
SND_LIST,19,Bed_Arz,float,8,53,0,False,False,((0)),
SND_LIST,20,Bes_Arz,float,8,53,0,False,False,((0)),
SND_LIST,21,ArzId,int,4,10,0,False,False,((1)),
SND_LIST,22,Money_Price,float,8,53,0,False,False,((1)),
SND_LIST,23,Money_change,float,8,53,0,False,False,((1)),
SND_LIST,24,Notes,nvarchar,2000,0,0,True,False,,Arabic_CI_AS
snd_list_Edit,1,Sanad_Code,int,4,10,0,False,False,,
snd_list_Edit,2,Col_Code,varchar,3,0,0,True,False,,Arabic_CI_AS
snd_list_Edit,3,Moien_Code,varchar,4,0,0,True,False,,Arabic_CI_AS
snd_list_Edit,4,Tafzili_Code,varchar,4,0,0,True,False,,Arabic_CI_AS
snd_list_Edit,5,Bed,float,8,53,0,True,False,,
snd_list_Edit,6,Bes,float,8,53,0,True,False,,
snd_list_Edit,7,Show_Daftar,bit,1,1,0,True,False,,
snd_list_Edit,8,Joze,bit,1,1,0,True,False,,
snd_list_Edit,9,Type_Line,varchar,1,0,0,True,False,,Arabic_CI_AS
snd_list_Edit,10,Comment_Line,nvarchar,1000,0,0,True,False,,Arabic_CI_AS
snd_list_Edit,11,Date_Line,datetime,8,23,3,True,False,,
snd_list_Edit,12,Number_Line,float,8,53,0,True,False,,
snd_list_Edit,13,MHaz_Code,int,4,10,0,True,False,,
snd_list_Edit,14,Actions,tinyint,1,3,0,True,False,,
snd_list_Edit,15,IsCMS,bit,1,1,0,True,False,,
snd_list_Edit,16,OldSCode,int,4,10,0,False,False,,
snd_list_Edit,17,F_Update,bit,1,1,0,True,False,,
snd_list_Edit,18,Bed_Arz,float,8,53,0,False,False,,
snd_list_Edit,19,Bes_Arz,float,8,53,0,False,False,,
snd_list_Edit,20,ArzId,int,4,10,0,False,False,,
snd_list_Edit,21,Money_Price,float,8,53,0,False,False,,
snd_list_Edit,22,Money_change,float,8,53,0,False,False,,
snd_list_Edit,23,Notes,nvarchar,2000,0,0,True,False,,Arabic_CI_AS
snd_list_Edit,24,id,int,4,10,0,False,False,,
snd_list_Edit,25,index,int,4,10,0,False,False,,
SND_TYPE,1,Snd_Type,smallint,2,5,0,False,False,,
SND_TYPE,2,Snd_Type_Name,varchar,60,0,0,True,False,,Arabic_CI_AS
SndHelp,2,Col_code,char,5,0,0,True,False,,Arabic_CI_AS
SndHelp,3,Moien_Code,char,5,0,0,True,False,,Arabic_CI_AS
SndHelp,4,Tafzili_code,char,5,0,0,True,False,,Arabic_CI_AS
SndHelp,5,Sarfasl_Code,char,15,0,0,True,False,,Arabic_CI_AS
SndHelp,6,Sarfasl_Name,nvarchar,120,0,0,True,False,,Arabic_CI_AS
SndHelp,7,Jozeh,float,8,53,0,True,False,,
SndHelp,8,Bed,float,8,53,0,True,False,,
SndHelp,9,Bes,float,8,53,0,True,False,,
SndHelp,10,Show_Daftar,bit,1,1,0,True,False,,
SndHelp,11,Show_Jozeh,bit,1,1,0,True,False,,
SndHelp,12,Comment_Line,nvarchar,120,0,0,True,False,,Arabic_CI_AS
SndHelp,13,Date_Line,datetime,8,23,3,True,False,,
SndHelp,14,Number_Line,float,8,53,0,True,False,,
SndHelp,15,Index,int,4,10,0,False,True,,
Spdpay_f,1,SpdFac_Code,int,4,10,0,False,False,,
Spdpay_f,2,C_Code,varchar,5,0,0,True,False,,Arabic_CI_AS
Spdpay_f,3,Naghd,float,8,53,0,True,False,,
Spdpay_f,4,Takhfif,float,8,53,0,True,False,,
Spdpay_f,5,Nesieh,float,8,53,0,True,False,,
Spdpay_f,6,SelectNaghd,bit,1,1,0,True,False,,
Spdpay_f,7,Sum_Levy,float,8,53,0,True,False,,
Spdpay_f,8,Sum_Scot,float,8,53,0,True,False,,
Spdpay_f,9,Pos,float,8,53,0,True,False,,
Spdpay_f,10,Bank_Code,varchar,11,0,0,True,False,,Arabic_CI_AS
SPDSELL,1,A_Code,varchar,7,0,0,False,False,,Arabic_CI_AS
SPDSELL,4,A_Name,varchar,60,0,0,True,False,,Arabic_CI_AS
SPDSELL,5,Few,float,8,53,0,True,False,,
SPDSELL,6,Price,float,8,53,0,True,False,,
SPDSELL,7,AllBuy_Price,float,8,53,0,True,False,,
SPDSELL,8,A_Code_C,varchar,50,0,0,True,False,,Arabic_CI_AS
SPDSELL,9,UserCodeInc,int,4,10,0,False,False,,
SPDSELU,1,SellerCode,int,4,10,0,False,False,,
SPDSELU,2,A_Code,varchar,7,0,0,False,False,,Arabic_CI_AS
SPDSELU,3,A_Name,varchar,60,0,0,True,False,,Arabic_CI_AS
SPDSELU,4,Few,float,8,53,0,True,False,,
SPDSELU,5,Price,float,8,53,0,True,False,,
SPDSELU,6,A_Code_C,varchar,50,0,0,True,False,,Arabic_CI_AS
STGDetail,1,Id,int,4,10,0,False,True,,
STGDetail,2,STGId,int,4,10,0,False,False,,
STGDetail,3,ItemCode,varchar,10,0,0,False,False,,Arabic_CI_AS
STGDetail,4,ItemType,smallint,2,5,0,False,False,((0)),
STGMaster,1,Id,int,4,10,0,False,True,,
STGMaster,2,STGlabel,nvarchar,1000,0,0,True,False,,Arabic_CI_AS
STGMaster,3,STGType,smallint,2,5,0,False,False,((0)),
STGMaster,4,STGDateType,smallint,2,5,0,False,False,((0)),
STGMaster,5,STGStartDate,datetime,8,23,3,False,False,,
STGMaster,6,STGEndDate,datetime,8,23,3,False,False,,
STGMaster,7,STGCount,int,4,10,0,False,False,((0)),
STGMaster,8,STGCust,float,8,53,0,False,False,((0)),
STGMaster,9,Choice,bit,1,1,0,False,False,((0)),
STGMaster,10,STGDarsadPorsant,float,8,53,0,False,False,((0)),
STGMaster,11,STGCustPorsant,float,8,53,0,False,False,((0)),
STGMaster,12,STGSelectedPorsantWay,tinyint,1,3,0,False,False,((0)),
STGMaster,13,TVasetehCode,nvarchar,10,0,0,True,False,,Arabic_CI_AS
SUBGhali,1,Gh_Code,int,4,10,0,False,False,,
SUBGhali,2,MG_Code,nvarchar,4,0,0,False,False,,Arabic_CI_AS
SUBGhali,3,SG_Code,nvarchar,100,0,0,True,False,,Arabic_CI_AS
Surttitl,1,C_Code,nvarchar,10,0,0,True,False,,Arabic_CI_AS
Surttitl,2,Number_Bar,int,4,10,0,True,False,,
Surttitl,3,BarDate,smalldatetime,4,16,0,True,False,,
Surttitl,4,Boneh,nvarchar,40,0,0,True,False,,Arabic_CI_AS
Surttitl,5,Pelak,nvarchar,80,0,0,True,False,,Arabic_CI_AS
Surttitl,6,Runner,nvarchar,60,0,0,True,False,,Arabic_CI_AS
Surttitl,7,Naghd,float,8,53,0,True,False,,
Surttitl,8,Saier,float,8,53,0,True,False,,
Surttitl,9,Keraieh,float,8,53,0,True,False,,
Surttitl,10,SanadCode,int,4,10,0,True,False,,
Surttitl,11,idx,int,4,10,0,True,False,,
Surttitl,12,KNaghd,float,8,53,0,True,False,,
Surttitl,13,KNesiyeh,float,8,53,0,True,False,,
Surttitl,14,KKartkhan,float,8,53,0,True,False,,
Surttitl,15,SarFaslNaghd,nvarchar,22,0,0,True,False,,Arabic_CI_AS
Surttitl,16,SarFaslKartkhan,nvarchar,22,0,0,True,False,,Arabic_CI_AS
Surttitl,17,BonehId,int,4,10,0,True,False,,
Surttitl,18,Id,int,4,10,0,False,True,,
Surttitl,19,RunnerC_Code,nvarchar,10,0,0,True,False,,Arabic_CI_AS
T_Garar,1,Code,int,4,10,0,False,False,,
T_Garar,2,C_code,nvarchar,10,0,0,True,False,,Arabic_CI_AS
T_Garar,3,Date_garardad,datetime,8,23,3,True,False,,
T_Garar,4,Mozoe_garardad,nvarchar,200,0,0,True,False,,Arabic_CI_AS
T_Garar,5,Mablag_garardad,float,8,53,0,True,False,,
T_Garar,6,Mablag_hazeneh,float,8,53,0,True,False,,
T_Garar,7,Mablag_kaabl,float,8,53,0,True,False,,
T_Garar,8,Num_check,int,4,10,0,True,False,,
T_Garar,9,Bank,nvarchar,40,0,0,True,False,,Arabic_CI_AS
T_Garar,10,Shobeh_bank,nvarchar,40,0,0,True,False,,Arabic_CI_AS
T_Garar,11,Mablag_check,float,8,53,0,True,False,,
T_Garar,12,Date_check,datetime,8,23,3,True,False,,
T_Garar,13,Mablag_col,float,8,53,0,True,False,,
T_Kharid,1,Code,int,4,10,0,False,True,,
T_Kharid,2,Fac_Code,nvarchar,12,0,0,True,False,,Arabic_CI_AS
T_Kharid,3,Price_haml,float,8,53,0,True,False,,
T_Kharid,4,Darsad_ghomrok,float,8,53,0,True,False,,
T_Kharid,5,Darsad_sod,float,8,53,0,True,False,,
T_Kharid,6,Money_Price,float,8,53,0,True,False,,
T_Kharid,7,ArzDate,datetime,8,23,3,True,False,,
T_W_KH,1,Codep,varchar,5,0,0,False,False,,Arabic_CI_AS
T_W_KH,2,Date,datetime,8,23,3,False,False,,
T_W_KH,3,Timew,datetime,8,23,3,True,False,,
T_W_KH,4,Timekh,datetime,8,23,3,True,False,,
TabOrder,1,Id,int,4,10,0,False,True,,
TabOrder,2,Owner,nvarchar,80,0,0,True,False,,Arabic_CI_AS
TabOrder,3,ClassName,nvarchar,80,0,0,True,False,,Arabic_CI_AS
TabOrder,4,ObjectName,nvarchar,80,0,0,True,False,,Arabic_CI_AS
TabOrder,5,TabOrder,int,4,10,0,True,False,,
TabOrder,6,TabStop,bit,1,1,0,True,False,,
TabOrder,7,OldTabOrder,int,4,10,0,True,False,,
TabOrder,8,OldTabStop,bit,1,1,0,True,False,,
TabOrder,9,ComputerName,nvarchar,100,0,0,True,False,,Arabic_CI_AS
TAGTYPES,1,S_GroupCode,varchar,2,0,0,False,False,,Arabic_CI_AS
TAGTYPES,2,TagCode,varchar,3,0,0,True,False,,Arabic_CI_AS
TAGTYPES,3,NextTagNumber,int,4,10,0,True,False,,
Tahvildar,1,UserCodeInc,int,4,10,0,False,False,,
Tahvildar,2,dt,datetime,8,23,3,False,False,,
Tahvildar,3,Sum_Kol,float,8,53,0,True,False,,
Tahvildar,4,Sum_Naghd,float,8,53,0,True,False,,
Tahvildar,5,Sum_Check,float,8,53,0,True,False,,
Tahvildar,6,Sum_Havaleh,float,8,53,0,True,False,,
Tahvildar,7,Sum_Takhfif,float,8,53,0,True,False,,
Tahvildar,8,Afzoni_Tahvildar,float,8,53,0,True,False,,
Tahvildar,9,Kasri_Tahvildar,float,8,53,0,True,False,,
Tahvildar,10,Afzoni_Mali,float,8,53,0,True,False,,
Tahvildar,11,Kasri_Mali,float,8,53,0,True,False,,
TahvildarLog,1,Id,int,4,10,0,False,True,,
TahvildarLog,2,User_Id,int,4,10,0,False,False,,
TahvildarLog,3,Log_Date,datetime,8,23,3,True,False,,
TahvildarLog,4,User_Accept_Date,datetime,8,23,3,True,False,,
TahvildarLog,5,C_Code,varchar,5,0,0,True,False,,Arabic_CI_AS
TahvildarLog,6,C_Name,varchar,100,0,0,True,False,,Arabic_CI_AS
TahvildarLog,7,Price,float,8,53,0,True,False,,
TahvildarLog,8,Price_Type,int,4,10,0,True,False,,
TahvildarLog,9,Sanad_Code,int,4,10,0,True,False,,
TahvildarLog,10,Sanad_Code_C,int,4,10,0,True,False,,
TahvildarLog,11,Sanad_Code_C2,int,4,10,0,True,False,,
TahvildarLog,12,Sanad_Date,datetime,8,23,3,True,False,,
TahvildarLog,13,Sanad_Comment,nvarchar,1000,0,0,True,False,,Arabic_CI_AS
TahvildarLog,14,Comment_Line,nvarchar,1000,0,0,True,False,,Arabic_CI_AS
TahvildarLog,15,IsConfirm,int,4,10,0,False,False,((0)),
TaitleForm,1,Id,int,4,10,0,False,True,,
TaitleForm,2,Ip_Address,varchar,50,0,0,True,False,,Arabic_CI_AS
TaitleForm,3,Information,image,16,0,0,True,False,,
TajzAval,2,A_Code,varchar,7,0,0,False,False,,Arabic_CI_AS
TajzAval,3,A_Name,varchar,60,0,0,True,False,,Arabic_CI_AS
TajzAval,4,Few,float,8,53,0,True,False,,
TajzAval,5,Few2,float,8,53,0,True,False,,
TajzAval,6,Tool,varchar,10,0,0,True,False,,Arabic_CI_AS
TajzAval,7,Arz,varchar,10,0,0,True,False,,Arabic_CI_AS
TajzAval,8,Price,float,8,53,0,True,False,,
TajzAval,9,A_Code_C,varchar,50,0,0,True,False,,Arabic_CI_AS
TajzAval,10,FormulaID,int,4,10,0,False,False,((0)),
TajzEnd,1,A_Code,varchar,7,0,0,False,False,,Arabic_CI_AS
TajzEnd,2,A_Name,varchar,60,0,0,True,False,,Arabic_CI_AS
TajzEnd,3,Few,float,8,53,0,True,False,,
TajzEnd,4,Few2,float,8,53,0,True,False,,
TajzEnd,5,Tool,varchar,10,0,0,True,False,,Arabic_CI_AS
TajzEnd,6,Arz,varchar,10,0,0,True,False,,Arabic_CI_AS
TajzEnd,7,Price_Hazineh1,float,8,53,0,True,False,,
TajzEnd,8,Price_Hazineh2,float,8,53,0,True,False,,
TajzEnd,9,Price_Hazineh3,float,8,53,0,True,False,,
TajzEnd,10,A_Code_C,varchar,50,0,0,True,False,,Arabic_CI_AS
TajzEnd,11,AutoSarshekanHaz,bit,1,1,0,True,False,,
TajzEnd,12,ID,int,4,10,0,False,True,,
TajzEnd,13,FormulaName,varchar,60,0,0,True,False,,Arabic_CI_AS
Tamir,1,T_Index,int,4,10,0,False,True,,
Tamir,2,A_Code,nvarchar,20,0,0,True,False,,Arabic_CI_AS
Tamir,3,C_Code,nvarchar,20,0,0,True,False,,Arabic_CI_AS
Tamir,4,T_Few,float,8,53,0,True,False,,
Tamir,5,Date_Raft,nvarchar,20,0,0,True,False,,Arabic_CI_AS
Tamir,6,Date_Bargasht,nvarchar,20,0,0,True,False,,Arabic_CI_AS
Tamir,7,Bargasht,bit,1,1,0,True,False,,
Tamir,8,Comment,nvarchar,400,0,0,True,False,,Arabic_CI_AS
TaxForAdvantage,1,id,bigint,8,19,0,False,True,,
TaxForAdvantage,2,TYear,int,4,10,0,True,False,,
TaxForAdvantage,3,Season,smallint,2,5,0,True,False,,
TaxForAdvantage,4,TaxDate,datetime,8,23,3,True,False,,
TaxForAdvantage,5,ForDate,datetime,8,23,3,True,False,,
TaxForAdvantage,6,UntilDate,datetime,8,23,3,True,False,,
TaxForAdvantage,7,NumOfTaxTerm,bigint,8,19,0,True,False,,
TaxForAdvantage,8,SumTaxPish,float,8,53,0,True,False,,
TaxForAdvantage,9,SumDutypish,float,8,53,0,True,False,,
TaxForAdvantage,10,RemainPish,float,8,53,0,True,False,,
TaxForAdvantage,11,SumTaxDar,float,8,53,0,True,False,,
TaxForAdvantage,12,SumDutyDar,float,8,53,0,True,False,,
TaxForAdvantage,13,RemainDar,float,8,53,0,True,False,,
TaxForAdvantage,14,Dar_Par,bit,1,1,0,True,False,,
TaxForAdvantage,15,FinalSum,float,8,53,0,True,False,,
TaxForAdvantage,16,TahatorFalg,bit,1,1,0,True,False,,
TaxForAdvantage,17,TasviyeFlag,bit,1,1,0,True,False,,
TaxForAdvantage,18,EzharFlag,bit,1,1,0,True,False,,
TaxForAdvantage,19,Sanad_Code_Tahator,bigint,8,19,0,True,False,,
TaxForAdvantage,20,Sanad_Code_Tasviye,bigint,8,19,0,True,False,,
TaxForAdvantage,21,Sanad_Code_Ezhar,bigint,8,19,0,True,False,,
TaxForAdvantage,22,SndDate_Tahator,datetime,8,23,3,True,False,,
TaxForAdvantage,23,SndDate_Tasviye,datetime,8,23,3,True,False,,
TaxForAdvantage,24,SellM,float,8,53,0,True,False,,
TaxForAdvantage,25,SellA,float,8,53,0,True,False,,
TaxForAdvantage,26,RetSellM,float,8,53,0,True,False,,
TaxForAdvantage,27,RetSellA,float,8,53,0,True,False,,
TaxForAdvantage,28,BuyM,float,8,53,0,True,False,,
TaxForAdvantage,29,BuyA,float,8,53,0,True,False,,
TaxForAdvantage,30,RetBuyM,float,8,53,0,True,False,,
TaxForAdvantage,31,RetBuyA,float,8,53,0,True,False,,
TaxForAdvantage,32,SellMsarfasl,varchar,11,0,0,True,False,,Arabic_CI_AS
TaxForAdvantage,33,SellAsarfasl,varchar,11,0,0,True,False,,Arabic_CI_AS
TaxForAdvantage,34,RetSellMsarfasl,varchar,11,0,0,True,False,,Arabic_CI_AS
TaxForAdvantage,35,RetSellAsarfasl,varchar,11,0,0,True,False,,Arabic_CI_AS
TaxForAdvantage,36,BuyMsarfasl,varchar,11,0,0,True,False,,Arabic_CI_AS
TaxForAdvantage,37,BuyAsarfasl,varchar,11,0,0,True,False,,Arabic_CI_AS
TaxForAdvantage,38,RetBuyMsarfasl,varchar,11,0,0,True,False,,Arabic_CI_AS
TaxForAdvantage,39,RetBuyAsarfasl,varchar,11,0,0,True,False,,Arabic_CI_AS
TaxLog,1,Id,int,4,10,0,False,True,,
TaxLog,2,Fac_Code,nvarchar,12,0,0,False,False,,Arabic_CI_AS
TaxLog,3,Fac_Type,nvarchar,2,0,0,False,False,,Arabic_CI_AS
TaxLog,4,FTaxId,nvarchar,100,0,0,True,False,,Arabic_CI_AS
TaxLog,5,RefNumber,nvarchar,100,0,0,True,False,,Arabic_CI_AS
TaxLog,6,UId,varchar,50,0,0,True,False,,Arabic_CI_AS
TaxLog,7,SerialFact,nvarchar,30,0,0,True,False,,Arabic_CI_AS
TaxLog,8,StateTax,int,4,10,0,True,False,,
TaxLog,9,SendDateTax,datetime,8,23,3,True,False,,
TaxLog,10,SendType,int,4,10,0,True,False,,
TaxLog,11,SendPatern,int,4,10,0,True,False,,
TaxLog,12,SendOutDateTax,datetime,8,23,3,True,False,,
TAZMIN,1,Check_Code,int,4,10,0,False,True,,
TAZMIN,2,C_Code,varchar,5,0,0,True,False,,Arabic_CI_AS
TAZMIN,3,Check_Number,varchar,20,0,0,True,False,,Arabic_CI_AS
TAZMIN,4,Bank_Code,varchar,10,0,0,True,False,,Arabic_CI_AS
TAZMIN,5,Account_Number,varchar,50,0,0,True,False,,Arabic_CI_AS
TAZMIN,6,Receive_Date,datetime,8,23,3,True,False,,
TAZMIN,7,Export_Date,datetime,8,23,3,True,False,,
TAZMIN,8,Cust,float,8,53,0,True,False,,
TAZMIN,9,Give_Get,bit,1,1,0,True,False,,
TAZMIN,10,Comment,varchar,60,0,0,True,False,,Arabic_CI_AS
TAZMIN,11,Amani_Bargashty,bit,1,1,0,True,False,,
TAZMIN,12,Return_Date,datetime,8,23,3,True,False,,
TAZMIN,13,sanad_code,int,4,10,0,False,False,((0)),
TAZMIN,14,sanad_code2,int,4,10,0,False,False,((0)),
TAZMIN,15,SarFasl_Code,varchar,11,0,0,True,False,,Arabic_CI_AS
TAZMIN,16,Sarfasl_Name,varchar,200,0,0,True,False,,Arabic_CI_AS
TAZMIN,17,Number_U,float,8,53,0,True,False,,
TAZMIN,18,National_Code,nvarchar,100,0,0,True,False,,Arabic_CI_AS
TAZMIN,19,C_Name_Owner,nvarchar,510,0,0,True,False,,Arabic_CI_AS
TAZMIN,20,Ch_Tel,nvarchar,100,0,0,True,False,,Arabic_CI_AS
tb_menu,1,id,int,4,10,0,False,True,,
tb_menu,2,NAME,varchar,50,0,0,True,False,,Arabic_CI_AS
tb_menu,3,ReadOnly,bit,1,1,0,True,False,,
tb_menu,4,Code,int,4,10,0,True,False,,
tb_menu,5,Caption,varchar,50,0,0,True,False,,Arabic_CI_AS
tb_menu,6,ParentCode,int,4,10,0,True,False,,
tb_menu,7,Owner,nvarchar,100,0,0,True,False,,Arabic_CI_AS
tbl_ArtCommnt,1,CommentId,int,4,10,0,False,True,,
tbl_ArtCommnt,2,Comment,varchar,3000,0,0,True,False,,Arabic_CI_AS
tbl_ArticlesComment,1,artCommentId,int,4,10,0,True,False,,
tbl_ArticlesComment,2,artCode,varchar,7,0,0,True,False,,Arabic_CI_AS
Tbl_Btr,1,Bt_code,int,4,10,0,False,True,,
Tbl_Btr,2,Bt_code_c,int,4,10,0,False,False,,
Tbl_Btr,3,Bt_type,nvarchar,2,0,0,True,False,,Arabic_CI_AS
Tbl_Btr,4,C_code,nvarchar,20,0,0,True,False,,Arabic_CI_AS
Tbl_Btr,5,A_code,nvarchar,20,0,0,True,False,,Arabic_CI_AS
Tbl_Btr,6,Few_in,float,8,53,0,True,False,,
Tbl_Btr,7,Few_out,float,8,53,0,True,False,,
Tbl_Btr,8,We_in,float,8,53,0,True,False,,
Tbl_Btr,9,We_out,float,8,53,0,True,False,,
Tbl_Btr,10,Bt_date,nvarchar,20,0,0,True,False,,Arabic_CI_AS
Tbl_Btr,11,New_Old,nvarchar,2,0,0,True,False,,Arabic_CI_AS
TblAricleCustomer,1,Id,int,4,10,0,False,True,,
TblAricleCustomer,2,Type,int,4,10,0,False,False,,
TblAricleCustomer,3,Code,varchar,7,0,0,False,False,,Arabic_CI_AS
TblAricleCustomer,4,C_Code,nvarchar,100,0,0,True,False,,Arabic_CI_AS
tblBijakBarbari,1,BCode,int,4,10,0,False,True,,
tblBijakBarbari,2,BCode_c,int,4,10,0,True,False,,
tblBijakBarbari,3,BDate,nvarchar,100,0,0,True,False,,Arabic_CI_AS
tblBijakBarbari,4,Few,float,8,53,0,True,False,,
tblBijakBarbari,5,Shamel,nvarchar,100,0,0,True,False,,Arabic_CI_AS
tblBijakBarbari,6,Kind,nvarchar,100,0,0,True,False,,Arabic_CI_AS
tblBijakBarbari,7,CodeCust,nvarchar,10,0,0,False,False,,Arabic_CI_AS
tblBijakBarbari,8,Comment,nvarchar,400,0,0,True,False,,Arabic_CI_AS
tblBijakBarbari,9,BarbarName,nvarchar,100,0,0,True,False,,Arabic_CI_AS
tblBijakBarbari,10,Vahed,nvarchar,100,0,0,True,False,,Arabic_CI_AS
tblBijakBarbari,11,Address_F,nvarchar,1000,0,0,True,False,,Arabic_CI_AS
tblBijakBarbari,12,c_name,nvarchar,510,0,0,True,False,,Arabic_CI_AS
tblBijakBarbari,13,address,nvarchar,1000,0,0,True,False,,Arabic_CI_AS
TblBoodjeh,1,Id,int,4,10,0,False,True,,
TblBoodjeh,2,ParentId,int,4,10,0,False,False,,
TblBoodjeh,3,Type,int,4,10,0,False,False,((0)),
TblBoodjeh,4,Sarfasl_Code,nvarchar,100,0,0,False,False,,Arabic_CI_AS
TblBoodjeh,5,Price1,float,8,53,0,False,False,((0)),
TblBoodjeh,6,Price2,float,8,53,0,False,False,((0)),
TblBoodjeh,7,Price3,float,8,53,0,False,False,((0)),
TblBoodjeh,8,Price4,float,8,53,0,False,False,((0)),
TblBoodjeh,9,Price5,float,8,53,0,False,False,((0)),
TblBoodjeh,10,Price6,float,8,53,0,False,False,((0)),
TblBoodjeh,11,Price7,float,8,53,0,False,False,((0)),
TblBoodjeh,12,Price8,float,8,53,0,False,False,((0)),
TblBoodjeh,13,Price9,float,8,53,0,False,False,((0)),
TblBoodjeh,14,Price10,float,8,53,0,False,False,((0)),
TblBoodjeh,15,Price11,float,8,53,0,False,False,((0)),
TblBoodjeh,16,Price12,float,8,53,0,False,False,((0)),
TblBoodjeh,17,Few1,float,8,53,0,False,False,((0)),
TblBoodjeh,18,Few2,float,8,53,0,False,False,((0)),
TblBoodjeh,19,Few3,float,8,53,0,False,False,((0)),
TblBoodjeh,20,Few4,float,8,53,0,False,False,((0)),
TblBoodjeh,21,Few5,float,8,53,0,False,False,((0)),
TblBoodjeh,22,Few6,float,8,53,0,False,False,((0)),
TblBoodjeh,23,Few7,float,8,53,0,False,False,((0)),
TblBoodjeh,24,Few8,float,8,53,0,False,False,((0)),
TblBoodjeh,25,Few9,float,8,53,0,False,False,((0)),
TblBoodjeh,26,Few10,float,8,53,0,False,False,((0)),
TblBoodjeh,27,Few11,float,8,53,0,False,False,((0)),
TblBoodjeh,28,Few12,float,8,53,0,False,False,((0)),
TblBoodjeh,29,ParentIdYear,int,4,10,0,False,False,((0)),
TblBoodjeh,30,Tasvib,bit,1,1,0,False,False,((0)),
TblInsurance,1,Id,int,4,10,0,False,True,,
TblInsurance,2,Name,varchar,500,0,0,False,False,,Arabic_CI_AS
TblSenf,1,Id,int,4,10,0,False,True,,
TblSenf,2,SenfName,varchar,500,0,0,True,False,,Arabic_CI_AS
TDeclaration,1,Master_Id,bigint,8,19,0,False,False,,
TDeclaration,2,id,bigint,8,19,0,False,True,,
TDeclaration,3,DDate,datetime,8,23,3,True,False,,
TDeclaration,4,EzharDate,datetime,8,23,3,True,False,,
TDeclaration,5,NumEzhar,float,8,53,0,True,False,,
TDeclaration,6,Comment_line,varchar,200,0,0,True,False,,Arabic_CI_AS
TitleForm,1,ID,int,4,10,0,False,True,,
TitleForm,2,Com_Name,nvarchar,200,0,0,True,False,,Arabic_CI_AS
TitleForm,3,IP_Address,nvarchar,100,0,0,True,False,,Arabic_CI_AS
TitleForm,4,Information,image,16,0,0,True,False,,
TitleForm,5,VerFlag,bit,1,1,0,False,False,((0)),
TitleForm,6,UseImage,bit,1,1,0,True,False,,
TMPAlias_Holoo,1,Id,int,4,10,0,False,True,,
TMPAlias_Holoo,2,DatabaseNames,nvarchar,800,0,0,False,False,,Arabic_CI_AS
TMPAlias_Holoo,3,Active,bit,1,1,0,False,False,((0)),
TmpCheck,1,ID,int,4,10,0,False,True,,
TmpCheck,2,IDSanad,int,4,10,0,False,False,,
TmpCheck,3,Check_Number,varchar,20,0,0,True,False,,Arabic_CI_AS
TmpCheck,4,Back_Number,int,4,10,0,True,False,,
TmpCheck,5,Account_Number,varchar,50,0,0,True,False,,Arabic_CI_AS
TmpCheck,6,Branch,varchar,30,0,0,True,False,,Arabic_CI_AS
TmpCheck,7,BranchCode,float,8,53,0,True,False,,
TmpCheck,8,Cust,float,8,53,0,True,False,,
TmpCheck,9,Bank_Code,nvarchar,100,0,0,True,False,,Arabic_CI_AS
TmpCheck,10,Receive_Date,datetime,8,23,3,True,False,,
TmpCheck,11,Export_Date,datetime,8,23,3,True,False,,
TmpCheck,12,C_Comment,nvarchar,1000,0,0,True,False,,Arabic_CI_AS
TmpCheck,13,Sayad_Number,nvarchar,100,0,0,True,False,,Arabic_CI_AS
TmpCheck,14,IsSayad,bit,1,1,0,False,False,((0)),
TmpCheck,15,FactureId,int,4,10,0,True,False,,
TmpFactart,1,ID,int,4,10,0,False,True,,
TmpFactart,2,IDFacture,int,4,10,0,False,False,,
TmpFactart,3,A_Code,varchar,7,0,0,False,False,,Arabic_CI_AS
TmpFactart,4,A_few,float,8,53,0,False,False,((0)),
TmpFactart,5,A_Few2,float,8,53,0,True,False,,
TmpFactart,6,A_Price,float,8,53,0,False,False,((0)),
TmpFactart,7,Unit_Code,varchar,7,0,0,True,False,,Arabic_CI_AS
TmpFactart,8,A_Comment,nvarchar,8000,0,0,True,False,,Arabic_CI_AS
TmpFactart,9,FlgFactF,bit,1,1,0,False,False,((0)),
TmpFactart,10,FlgFew,bit,1,1,0,False,False,((0)),
TmpFactart,11,Levy,float,8,53,0,False,False,((0)),
TmpFactart,12,Scot,float,8,53,0,False,False,((0)),
TmpFactart,13,FError,nvarchar,1000,0,0,True,False,,Arabic_CI_AS
TmpFactart,14,DarsadTakhfif,float,8,53,0,False,False,((0)),
TmpFactart,15,TakhfifSatriR,float,8,53,0,False,False,((0)),
TmpFactart,16,A_FewKarton,float,8,53,0,False,False,((0)),
TmpFactart,17,A_FewBasteh,float,8,53,0,False,False,((0)),
TmpFactart,18,A_Few3,float,8,53,0,False,False,((0)),
TmpFactart,19,Moddat,float,8,53,0,True,False,,
TmpFactart,20,IsGift,bit,1,1,0,False,False,((0)),
TmpFactart,21,A_index,int,4,10,0,False,False,((1)),
TmpFactart,22,IsUsingBoxPrice,bit,1,1,0,False,False,((0)),
TmpFactart,23,SelPriceID,int,4,10,0,True,False,,
TmpFactart,24,ArtClassSIndex,int,4,10,0,True,False,,
TmpFacture,1,ID,int,4,10,0,False,True,,
TmpFacture,2,FType,varchar,2,0,0,False,False,,Arabic_CI_AS
TmpFacture,3,FDateTime,datetime,8,23,3,True,False,,
TmpFacture,4,C_Code,nvarchar,100,0,0,True,False,,Arabic_CI_AS
TmpFacture,5,C_CodeVaseteh,nvarchar,100,0,0,True,False,,Arabic_CI_AS
TmpFacture,6,Comment,nvarchar,8000,0,0,True,False,,Arabic_CI_AS
TmpFacture,7,Selected,bit,1,1,0,False,False,((0)),
TmpFacture,8,ComputerName,nvarchar,100,0,0,True,False,,Arabic_CI_AS
TmpFacture,9,Fac_CodeK,varchar,6,0,0,False,False,((0)),Arabic_CI_AS
TmpFacture,10,Fac_CodeF,varchar,6,0,0,False,False,((0)),Arabic_CI_AS
TmpFacture,11,Fac_CodeX,varchar,6,0,0,False,False,((0)),Arabic_CI_AS
TmpFacture,12,Fac_CodeY,varchar,6,0,0,False,False,((0)),Arabic_CI_AS
TmpFacture,13,Fac_CodeZ,varchar,6,0,0,False,False,((0)),Arabic_CI_AS
TmpFacture,14,Takhfif,float,8,53,0,False,False,((0)),
TmpFacture,15,FlgFactF,bit,1,1,0,False,False,((0)),
TmpFacture,16,FlgFew,bit,1,1,0,False,False,((0)),
TmpFacture,17,serverdiscountprice,float,8,53,0,True,False,,
TmpFacture,18,servercommissionprice,float,8,53,0,True,False,,
TmpFacture,19,visitordiscountprice,float,8,53,0,True,False,,
TmpFacture,20,Kind,int,4,10,0,False,False,((0)),
TmpFacture,21,FNaghd,float,8,53,0,False,False,((0)),
TmpFacture,22,FNaghdSarfasl,nvarchar,22,0,0,True,False,,Arabic_CI_AS
TmpFacture,23,FCard,float,8,53,0,False,False,((0)),
TmpFacture,24,FCardSarfasl,nvarchar,22,0,0,True,False,,Arabic_CI_AS
TmpFacture,25,FNesiyeh,float,8,53,0,False,False,((0)),
TmpFacture,26,SumLevy,float,8,53,0,False,False,((0)),
TmpFacture,27,SumScot,float,8,53,0,False,False,((0)),
TmpFacture,28,SumPrice,float,8,53,0,False,False,((0)),
TmpFacture,29,SumFew,float,8,53,0,False,False,((0)),
TmpFacture,30,WebId,int,4,10,0,False,False,((0)),
TmpFacture,31,C_Code_C,nvarchar,100,0,0,True,False,,Arabic_CI_AS
TmpFacture,32,FError,nvarchar,1000,0,0,True,False,,Arabic_CI_AS
TmpFacture,33,UserCode,int,4,10,0,False,False,((-1)),
TmpFacture,34,Fac_Code_C,int,4,10,0,False,False,((0)),
TmpFacture,35,TasviehDate,datetime,8,23,3,True,False,,
TmpFacture,36,isPrint,bit,1,1,0,True,False,((0)),
TmpFacture,37,FCheck,float,8,53,0,True,False,,
TmpFacture,38,RetFacCode,varchar,6,0,0,True,False,,Arabic_CI_AS
TmpFacture,39,ModifyDate,datetime,8,23,3,True,False,,
TmpSanad,1,ID,int,4,10,0,False,True,,
TmpSanad,2,SDateTime,datetime,8,23,3,True,False,,
TmpSanad,3,SNaghd,float,8,53,0,True,False,,
TmpSanad,4,SCheck,float,8,53,0,True,False,,
TmpSanad,5,SCard,float,8,53,0,True,False,,
TmpSanad,6,C_Code,nvarchar,100,0,0,True,False,,Arabic_CI_AS
TmpSanad,7,C_CodeVaseteh,nvarchar,100,0,0,True,False,,Arabic_CI_AS
TmpSanad,8,Comment,nvarchar,2000,0,0,True,False,,Arabic_CI_AS
TmpSanad,9,Selected,bit,1,1,0,False,False,((0)),
TmpSanad,10,ComputerName,nvarchar,100,0,0,True,False,,Arabic_CI_AS
TmpSanad,11,Sanad_Code,int,4,10,0,True,False,,
TmpSanad,12,AfoType,tinyint,1,3,0,True,False,,
TmpSanad,13,AccountSarfasl,varchar,11,0,0,True,False,,Arabic_CI_AS
TmpSanad,14,banKcode,varchar,11,0,0,True,False,,Arabic_CI_AS
TmpSanad,15,UserCode,int,4,10,0,True,False,,
TmpSanad,16,FundSarfasl,varchar,11,0,0,True,False,,Arabic_CI_AS
TmpSanad,17,discount,float,8,53,0,True,False,,
TmpSanad,18,Fac_Code,varchar,6,0,0,True,False,,Arabic_CI_AS
TmpSanad,19,Fac_Type,varchar,1,0,0,True,False,,Arabic_CI_AS
TmpSanad,20,Haz_Code,int,4,10,0,True,False,,
TmpSanad,21,Haz_Sarfasl,varchar,11,0,0,True,False,,Arabic_CI_AS
TRAVELCH,1,Check_Code,int,4,10,0,False,True,,
TRAVELCH,2,Check_Number,varchar,20,0,0,True,False,,Arabic_CI_AS
TRAVELCH,3,Bank_Code,varchar,10,0,0,True,False,,Arabic_CI_AS
TRAVELCH,4,Bank_Name,varchar,100,0,0,True,False,,Arabic_CI_AS
TRAVELCH,5,Sodoor_Date,varchar,10,0,0,True,False,,Arabic_CI_AS
TRAVELCH,6,Branch,varchar,30,0,0,True,False,,Arabic_CI_AS
TRAVELCH,7,C_Code_Source,varchar,5,0,0,True,False,,Arabic_CI_AS
TRAVELCH,8,C_Code_Destination,varchar,5,0,0,True,False,,Arabic_CI_AS
TRAVELCH,9,Cust,float,8,53,0,True,False,,
TRAVELCH,10,Daryaft_date,varchar,10,0,0,True,False,,Arabic_CI_AS
TYPE_ANB,1,Type_Anbar_C,int,4,10,0,False,True,,
TYPE_ANB,2,Type_Anbar_N,varchar,40,0,0,True,False,,Arabic_CI_AS
TYPE_ANB,3,ParentType_C,int,4,10,0,False,False,((0)),
UNIT,1,Unit_Code,int,4,10,0,False,True,,
UNIT,2,Unit_Name,varchar,30,0,0,True,False,,Arabic_CI_AS
UNIT,3,Unit_Few,float,8,53,0,True,False,,
UNIT,4,Creation_Date,datetime,8,23,3,True,False,,
UNIT,5,Endeditdate,datetime,8,23,3,True,False,,
UNIT,6,Ayar,float,8,53,0,False,False,((0)),
UNIT,7,Vahed_Vazn,smallint,2,5,0,False,False,((0)),
UNIT,8,TaxCode,nvarchar,20,0,0,True,False,,Arabic_CI_AS
Unit_group,1,ID,int,4,10,0,False,True,,
Unit_group,2,Kala_Id,nvarchar,100,0,0,True,False,,Arabic_CI_AS
Unit_group,3,Unit_Id,int,4,10,0,True,False,,
Unit_group,4,Sel_Price,float,8,53,0,True,False,,
Unit_group,5,Sel_Price1,float,8,53,0,True,False,,
Unit_group,6,Sel_Price2,float,8,53,0,True,False,,
Unit_group,7,Sel_Price3,float,8,53,0,True,False,,
Unit_group,8,Sel_Price4,float,8,53,0,True,False,,
Unit_group,9,Sel_Price5,float,8,53,0,True,False,,
Unit_group,10,Sel_Price6,float,8,53,0,True,False,,
Unit_group,11,Sel_Price7,float,8,53,0,True,False,,
Unit_group,12,Sel_Price8,float,8,53,0,True,False,,
Unit_group,13,Sel_Price9,float,8,53,0,True,False,,
UpInfo,1,Id,int,4,10,0,False,True,,
UpInfo,2,Fac_Code,nvarchar,12,0,0,False,False,,Arabic_CI_AS
UpInfo,3,Fac_Type,nvarchar,2,0,0,False,False,,Arabic_CI_AS
UpInfo,4,PaymentRef,nvarchar,100,0,0,True,False,,Arabic_CI_AS
UpInfo,5,PayAmount,float,8,53,0,True,False,,
UpInfo,6,QRBarcode,image,16,0,0,True,False,,
USERDB,1,PasWord,varchar,80,0,0,False,False,,Arabic_CI_AS
USERDB,2,Name,varchar,30,0,0,False,False,,Arabic_CI_AS
USERDB,3,UserCodeInc,int,4,10,0,False,False,,
USERDB,4,LockField,int,4,10,0,True,False,,
USERDB,5,SuperVizor,bit,1,1,0,True,False,,
USERDB,6,SaveSpdSel,bit,1,1,0,True,False,,
USERDB,7,SpdSel_NC,bit,1,1,0,True,False,,
USERDB,8,SpdSel_NPrint,smallint,2,5,0,True,False,,
USERDB,9,SpdSel_PrintRew,bit,1,1,0,True,False,,
USERDB,10,SpdSel_ShowList,bit,1,1,0,True,False,,
USERDB,11,Fac_buy,bit,1,1,0,True,False,,
USERDB,12,Fac_Sell,bit,1,1,0,True,False,,
USERDB,13,Fac_amani,bit,1,1,0,True,False,,
USERDB,14,Fac_westage,bit,1,1,0,True,False,,
USERDB,15,Fac_retbuy,bit,1,1,0,True,False,,
USERDB,16,Fac_retsel,bit,1,1,0,True,False,,
USERDB,17,Speedsel,bit,1,1,0,True,False,,
USERDB,18,ChangePriceSpdSel,bit,1,1,0,True,False,,
USERDB,19,Customer,bit,1,1,0,True,False,,
USERDB,20,Hamkar,bit,1,1,0,True,False,,
USERDB,21,SarfaslHesab,bit,1,1,0,True,False,,
USERDB,22,Hesabdari,bit,1,1,0,True,False,,
USERDB,23,HesabToDaem,bit,1,1,0,True,False,,
USERDB,24,HesabToMovaghat,bit,1,1,0,True,False,,
USERDB,25,Pay_m,bit,1,1,0,True,False,,
USERDB,26,AllCheck,bit,1,1,0,True,False,,
USERDB,27,Art,bit,1,1,0,True,False,,
USERDB,28,Anbargardani,bit,1,1,0,True,False,,
USERDB,29,Artamani,bit,1,1,0,True,False,,
USERDB,30,Havaleh,bit,1,1,0,True,False,,
USERDB,31,Bild,bit,1,1,0,True,False,,
USERDB,32,Tajzieh,bit,1,1,0,True,False,,
USERDB,33,EditHesabdari,bit,1,1,0,True,False,,
USERDB,34,EditCheck,bit,1,1,0,True,False,,
USERDB,35,EditFact,bit,1,1,0,True,False,,
USERDB,36,EditAval,bit,1,1,0,True,False,,
USERDB,37,EditHaval_Bild,bit,1,1,0,True,False,,
USERDB,38,BakUp,bit,1,1,0,True,False,,
USERDB,39,Setup,bit,1,1,0,True,False,,
USERDB,40,RepAnbar,bit,1,1,0,True,False,,
USERDB,41,RepFact,bit,1,1,0,True,False,,
USERDB,42,RepHesab,bit,1,1,0,True,False,,
USERDB,43,RepMamol,bit,1,1,0,True,False,,
USERDB,44,RepAmar,bit,1,1,0,True,False,,
USERDB,45,RepSecret,bit,1,1,0,True,False,,
USERDB,46,RepTolid,bit,1,1,0,True,False,,
USERDB,47,RepCheck,bit,1,1,0,True,False,,
USERDB,48,Article_buy,bit,1,1,0,True,False,,
USERDB,49,EftetahHesab,bit,1,1,0,True,False,,
USERDB,50,RepVaseteh,bit,1,1,0,True,False,,
USERDB,51,RepOld,bit,1,1,0,True,False,,
USERDB,52,HoghoghDastMozd,bit,1,1,0,True,False,,
USERDB,53,Aghsat,bit,1,1,0,True,False,,
USERDB,54,UserCode,int,4,10,0,True,False,,
USERDB,55,ChangePriceFact_FK,bit,1,1,0,True,False,((1)),
USERDB,56,EnterPriorDate,bit,1,1,0,True,False,((1)),
USERDB,57,SetTakhfifInSpdSel,bit,1,1,0,True,False,,
USERDB,58,Moien_Filtered,bit,1,1,0,True,False,,
USERDB,59,City_Filter,int,4,10,0,True,False,,
USERDB,60,EdtDarsadTakhfif,bit,1,1,0,True,False,,
USERDB,61,EdtTakhfifSpdSell,bit,1,1,0,True,False,,
USERDB,62,Report_Filtered,bit,1,1,0,True,False,,
USERDB,63,City_Report,int,4,10,0,True,False,,
USERDB,64,NotshowBuyPrice,bit,1,1,0,True,False,,
USERDB,65,CashSelected,bit,1,1,0,True,False,,
USERDB,66,CashTitleCode,char,11,0,0,True,False,,Arabic_CI_AS
USERDB,67,ChangePriceKala,bit,1,1,0,True,False,((0)),
USERDB,68,HazfKala,bit,1,1,0,True,False,,
USERDB,69,RepeatPrint,bit,1,1,0,True,False,,
USERDB,70,EnterPriorDate_FewDay,smallint,2,5,0,True,False,((0)),
USERDB,71,UserGroup,int,4,10,0,True,False,,
USERDB,72,CustRename,bit,1,1,0,False,False,((0)),
USERDB,73,ChangeTahvil,bit,1,1,0,False,False,((0)),
USERDB,74,ShowNaghdiInfo,bit,1,1,0,True,False,,
USERDB,75,DontPreviweinSPDSell,bit,1,1,0,True,False,,
USERDB,76,RepSoodSotuni,bit,1,1,0,False,False,((0)),
USERDB,77,RepDelSpdFact,bit,1,1,0,True,False,,
USERDB,78,EditSarfasl,bit,1,1,0,False,False,((0)),
USERDB,79,ResOuterFact,bit,1,1,0,False,False,((1)),
USERDB,80,ResPresentFact,bit,1,1,0,False,False,((1)),
USERDB,81,AlowChenghService,bit,1,1,0,False,False,((0)),
USERDB,82,ChangeDateCheck,bit,1,1,0,False,False,((1)),
USERDB,83,NspdNesiehFact,bit,1,1,0,False,False,((1)),
USERDB,84,Nspd_SpdFact,bit,1,1,0,False,False,((1)),
USERDB,85,SuperUser,bit,1,1,0,False,False,((0)),
USERDB,86,CtrlK,bit,1,1,0,False,False,((1)),
USERDB,87,ChangePursant,bit,1,1,0,False,False,((1)),
USERDB,88,OutOrdUser,bit,1,1,0,False,False,((0)),
USERDB,89,ShowDailyFacts,bit,1,1,0,False,False,((1)),
USERDB,90,FactPrint_CtrlP,bit,1,1,0,False,False,((1)),
USERDB,91,DBPnlRight,bit,1,1,0,True,False,,
USERDB,92,DBPGRight,varchar,15,0,0,True,False,,Arabic_CI_AS
USERDB,93,Nspd_Pay_Cust,bit,1,1,0,False,False,((1)),
USERDB,94,Nspd_Show_Cash,bit,1,1,0,False,False,((1)),
USERDB,95,Nspd_EditArt,bit,1,1,0,False,False,((1)),
USERDB,96,Nspd_Cust,bit,1,1,0,False,False,((1)),
USERDB,97,SaveSpdNoPrint,bit,1,1,0,False,False,((1)),
USERDB,98,SaveNesiehNoPrint,bit,1,1,0,False,False,((1)),
USERDB,99,Res_SaveSpdSel,bit,1,1,0,True,False,,
USERDB,100,Nspd_SaveSpdSel,bit,1,1,0,True,False,,
USERDB,101,DBPnlOrderRight,bit,1,1,0,True,False,,
USERDB,102,DBPGOrderRight,varchar,15,0,0,True,False,,Arabic_CI_AS
USERDB,103,MiddleManId,varchar,50,0,0,True,False,,Arabic_CI_AS
USERDB,104,DastresiFacture,bit,1,1,0,False,False,((0)),
USERDB,105,CityCodesFilter,nvarchar,510,0,0,True,False,,Arabic_CI_AS
USERDB,106,OKOtherUserDailySel,bit,1,1,0,False,False,((0)),
USERDB,107,SelectPicture,bit,1,1,0,False,False,((0)),
USERDB,108,DeletePicture,bit,1,1,0,False,False,((0)),
USERDB,109,DBPnlUserArtRight,bit,1,1,0,True,False,,
USERDB,110,UserTimeEditFact,bit,1,1,0,False,False,((0)),
USERDB,111,UserTimeEditValue,int,4,10,0,False,False,((3)),
USERDB,112,DBPnlUserPartyRight,bit,1,1,0,True,False,,
USERDB,113,ShowPaymentMandeh,bit,1,1,0,True,False,((0)),
USERDB,114,ShowDailySelSumPrice,bit,1,1,0,False,False,((1)),
USERDB,115,NotShowPayNaghd,bit,1,1,0,False,False,((0)),
USERDB,116,ShowExcelInRep,bit,1,1,0,False,False,((0)),
USERDB,117,Edit_DelPishFacture,bit,1,1,0,True,False,((0)),
USERDB,118,FinallOKUsersDailySel,bit,1,1,0,False,False,((0)),
USERDB,119,InsSanadBefor,bit,1,1,0,True,False,((0)),
USERDB,120,InsSanadAfter,bit,1,1,0,True,False,((0)),
USERDB,121,InsSanadBetween,bit,1,1,0,True,False,((0)),
USERDB,122,SDate,datetime,8,23,3,True,False,,
USERDB,123,EDate,datetime,8,23,3,True,False,,
USERDB,124,CanAcceptKartabl,bit,1,1,0,False,False,((0)),
USERDB,125,CanEditKartabl,bit,1,1,0,False,False,((0)),
USERDB,126,CanAcceptKartablOtherUser,bit,1,1,0,False,False,((0)),
USERDB,127,HasMiddleMan,bit,1,1,0,True,False,,
USERDB,128,NspdFinalFact,bit,1,1,0,False,False,((1)),
USERDB,129,NspdTasviehPeik,bit,1,1,0,False,False,((1)),
USERDB,130,EasyPresentFact,bit,1,1,0,False,False,((1)),
USERDB,131,EasySpdFact,bit,1,1,0,False,False,((1)),
USERDB,132,EasyNesiehFact,bit,1,1,0,False,False,((1)),
USERDB,133,ChangePriceService,bit,1,1,0,False,False,((0)),
USERDB,134,NotshowExist,bit,1,1,0,False,False,((0)),
USERDB,135,IsUserLimitArt5Price,bit,1,1,0,False,False,((0)),
USERDB,136,UserListArt5Price,varchar,255,0,0,True,False,,Arabic_CI_AS
USERDB,137,ResShowReserveFact,bit,1,1,0,False,False,((0)),
USERDB,138,AllowAccessSmartPanel,bit,1,1,0,False,False,((1)),
USERDB,139,MHazSelected,bit,1,1,0,True,False,((0)),
USERDB,140,AccessAllSmsOutBox,bit,1,1,0,False,False,((0)),
USERDB,141,DBPnlUserArtAmountRight,bit,1,1,0,True,False,,
USERDB,142,DBAllowChangePrice,bit,1,1,0,True,False,,
USERDB,143,CtrlH,bit,1,1,0,False,False,((1)),
USERDB,144,DeActive,bit,1,1,0,False,False,((0)),
USERDB,145,ViewSpatialAccount,bit,1,1,0,False,False,((0)),
USERDB,146,UserListZone,varchar,10,0,0,True,False,,Arabic_CI_AS
USERDB,147,ViewListBank,bit,1,1,0,False,False,((0)),
USERDB,148,HasPosBank,bit,1,1,0,True,False,,
USERDB,149,UserPosBankAccountId,int,4,10,0,True,False,,
USERDB,150,EditCommentFact,bit,1,1,0,False,False,((1)),
USERDB,151,CheckMinMaxReq,bit,1,1,0,False,False,((0)),
USERDB,152,KioskUser,bit,1,1,0,False,False,((0)),
USERDB,153,DastresiGlass,bit,1,1,0,False,False,((0)),
USERDB,154,ChangeTakhfif,bit,1,1,0,False,False,((1)),
USERDB,155,ChangePriceFactKharid,bit,1,1,0,True,False,,
USERDB,156,DBPnlOrderPriceType,bit,1,1,0,True,False,,
USERDB,157,ChangePriceFact_Y,bit,1,1,0,True,False,,
USERDB,158,ShowPriceInReq,bit,1,1,0,False,False,((0)),
USERDB,159,DBPnlUserPartyGroup,bit,1,1,0,False,False,((0)),
USERDB,160,AccessDroidSetting,bit,1,1,0,False,False,((0)),
USERDB,161,DeskSelected,bit,1,1,0,False,False,((0)),
USERDB,162,AccessRezervEsyFact,bit,1,1,0,False,False,((0)),
USERDB,163,AccessDroidGPS,bit,1,1,0,False,False,((0)),
USERDB,164,DroidGPSType,bit,1,1,0,False,False,((0)),
USERDB,165,SendIranMallData,bit,1,1,0,False,False,((1)),
USERDB,166,ISUserLimitPaymentTasviyeh,bit,1,1,0,False,False,((0)),
USERDB,167,UserLimitPaymentTasviyeh,varchar,255,0,0,True,False,,Arabic_CI_AS
USERDB,168,IsUserLimitTabDastresi,bit,1,1,0,False,False,((0)),
USERDB,169,TabDastresi,varchar,500,0,0,True,False,,Arabic_CI_AS
USERDB,170,ResShowCardFact,bit,1,1,0,False,False,((1)),
USERDB,171,KioskUserPay,bit,1,1,0,False,False,((0)),
USERDB,172,RealCount_Price,bit,1,1,0,False,False,((0)),
USERDB,173,CanAcceptBeforeAdmin,bit,1,1,0,False,False,((0)),
USERDB,174,ChangDateFact,bit,1,1,0,False,False,((0)),
USERDB,175,ShowLineSood,bit,1,1,0,False,False,((0)),
USERDB,176,RMDroidChangPrice,bit,1,1,0,False,False,((0)),
USERDB,177,AccessTasivehFacture,bit,1,1,0,False,False,((0)),
USERDB,178,SM100,bit,1,1,0,False,False,((1)),
USERDB,179,AccessBackup,int,4,10,0,False,False,((0)),
USERDB,180,BackupPassWord,varchar,80,0,0,True,False,,Arabic_CI_AS
USERDB,181,InsFactKartabl,bit,1,1,0,False,False,((0)),
USERDB,182,selectedKasri,bit,1,1,0,False,False,((0)),
USERDB,183,SarfaslKasri,varchar,11,0,0,True,False,(''),Arabic_CI_AS
USERDB,184,ChangePriceKala_Kharid,bit,1,1,0,True,False,((1)),
USERDB,185,ResShowCardFactwithoutprint,bit,1,1,0,False,False,((1)),
USERDB,186,NspdNesiehFactWOP,bit,1,1,0,False,False,((1)),
USERDB,187,Nspd_SpdFactWOP,bit,1,1,0,False,False,((1)),
USERDB,188,ShowCardFact,bit,1,1,0,False,False,((1)),
USERDB,189,ShowCardFactwithoutprint,bit,1,1,0,False,False,((1)),
USERDB,190,EditFactureRow,bit,1,1,0,False,False,((1)),
USERDB,191,AccessDroidGPSFact,bit,1,1,0,False,False,((0)),
USERDB,192,TasviehC,bit,1,1,0,False,False,((0)),
USERDB,193,OpenFNesieh,bit,1,1,0,False,False,((0)),
USERDB,194,AccessMohlatTasvieh,bit,1,1,0,False,False,((0)),
USERDB,195,NotShowPursant,bit,1,1,0,False,False,((0)),
USERDB,196,AccessChangeBlacklist,bit,1,1,0,False,False,((0)),
USERDB,197,SanadTimeInsertValueBefore,int,4,10,0,False,False,((0)),
USERDB,198,SanadTimeInsertValueAfter,int,4,10,0,False,False,((0)),
USERDB,199,WSendArticle,bit,1,1,0,False,False,((0)),
USERDB,200,WSendDesk,bit,1,1,0,False,False,((0)),
USERDB,201,WSendArticlePicture,bit,1,1,0,False,False,((0)),
USERDB,202,DBPnlOrderPrice,bit,1,1,0,False,False,((0)),
USERDB,203,WSendParty,bit,1,1,0,False,False,((0)),
USERDB,204,WSearchFact,bit,1,1,0,False,False,((0)),
USERDB,205,WEditFactByUser,bit,1,1,0,False,False,((0)),
USERDB,206,WInsertParty,bit,1,1,0,False,False,((0)),
USERDB,207,WEditPartyByUser,bit,1,1,0,False,False,((0)),
USERDB,208,WSendReminParty,bit,1,1,0,False,False,((0)),
USERDB,209,WSendReminChequeNotReceive,bit,1,1,0,False,False,((0)),
USERDB,210,WSendChequeNotReceive,bit,1,1,0,False,False,((0)),
USERDB,211,WPayoffParty,bit,1,1,0,False,False,((0)),
USERDB,212,WReciveDiscount,bit,1,1,0,False,False,((0)),
USERDB,213,WInsertReciveKind,bit,1,1,0,False,False,((0)),
USERDB,214,WEditOrderByUser,bit,1,1,0,False,False,((0)),
USERDB,215,WReciveMoeinByUser,bit,1,1,0,False,False,((0)),
USERDB,216,WMoienReport,bit,1,1,0,False,False,((0)),
USERDB,217,WSendPartyMiddleman,bit,1,1,0,False,False,((0)),
USERDB,218,WNotAllowDiscount,bit,1,1,0,False,False,((0)),
USERDB,219,WGetEditUserSettlement,bit,1,1,0,False,False,((0)),
USERDB,220,WshowCustomerChequeForAll,bit,1,1,0,False,False,((0)),
USERDB,221,NotAccessRecordTaradod,bit,1,1,0,False,False,((0)),
USERDB,222,NspdNesiehFactWP,bit,1,1,0,False,False,((1)),
USERDB,223,EditSanadEftethieh,bit,1,1,0,False,False,((0)),
USERDB,224,UseExist2Only,bit,1,1,0,False,False,((0)),
USERDB,225,RmDroidEditFactorAccess,bit,1,1,0,False,False,((1)),
USERDB,226,RmDroidTasviehFactorAccess,bit,1,1,0,False,False,((1)),
USERDB,227,Garson_Takhfif,bit,1,1,0,False,False,((0)),
USERDB,228,RmTasviehFactor_ForceTasvieh,bit,1,1,0,False,False,((0)),
USERDB,229,RmTasviehFactor_PosOnly,bit,1,1,0,False,False,((0)),
USERDB,230,WPayoffParty_Pardakht,bit,1,1,0,False,False,((0)),
USERDB,231,AllowEditKartablForUser,bit,1,1,0,False,False,((0)),
USERDB,232,HasCollector,bit,1,1,0,True,False,,
USERDB,233,ResFood_Reserve,bit,1,1,0,False,False,((1)),
USERDB,234,ResLoadFood_Reserve,bit,1,1,0,False,False,((1)),
USERDB,235,AccessSabtHazineh,bit,1,1,0,False,False,((0)),
USERDB,236,CheckRepeatPrintHavalForUser,bit,1,1,0,False,False,((0)),
USERDB,237,ChangeArz,bit,1,1,0,False,False,((1)),
USERDB,238,ResShowTable_Status,bit,1,1,0,False,False,((1)),
USERDB,239,AccessPishFactToFac,bit,1,1,0,False,False,((0)),
Userdb_Info,1,Id,int,4,10,0,False,True,,
Userdb_Info,2,UserCodeInc,int,4,10,0,False,False,,
Userdb_Info,3,National_Code,varchar,50,0,0,True,False,,Arabic_CI_AS
Userdb_Info,4,Tel,varchar,20,0,0,True,False,,Arabic_CI_AS
Userdb_Info,5,Mobile,varchar,20,0,0,True,False,,Arabic_CI_AS
Userdb_Info,6,Adress,varchar,200,0,0,True,False,,Arabic_CI_AS
Userdb_Info,7,SMSGroup,varchar,100,0,0,True,False,,Arabic_CI_AS
UserDBAcces,1,Id,int,4,10,0,False,True,,
UserDBAcces,2,IDTmpAlias_Holoo,int,4,10,0,False,False,,
UserDBAcces,3,UserDBCode,int,4,10,0,False,False,,
UserSell,1,ID,int,4,10,0,False,True,,
UserSell,2,UserCodeInc,int,4,10,0,False,False,,
UserSell,3,SellCode,int,4,10,0,False,False,((0)),
UserSell,4,TypeInc,int,4,10,0,False,False,((1)),
UserSell,5,Accesssarfasl,varchar,11,0,0,False,False,('00000'),Arabic_CI_AS
UserSell,6,ISActive,bit,1,1,0,False,False,((1)),
Vaset_Factor_Tolid,1,Fac_Code_Bild,varchar,6,0,0,False,False,,Arabic_CI_AS
Vaset_Factor_Tolid,2,Fac_Code,varchar,6,0,0,False,False,,Arabic_CI_AS
Vaset_Factor_Tolid,3,Fac_Type,varchar,1,0,0,False,False,,Arabic_CI_AS
Vaset_Factor_Tolid,4,A_Code,varchar,7,0,0,False,False,,Arabic_CI_AS
Vaset_Factor_Tolid,5,A_Index,smallint,2,5,0,False,False,,
Vaset_Factor_Tolid,6,Level,int,4,10,0,True,False,,
VasetF,1,Fac_Code,varchar,6,0,0,False,False,,Arabic_CI_AS
VasetF,2,Fac_Type,varchar,1,0,0,False,False,,Arabic_CI_AS
VasetF,3,VasetTel,varchar,30,0,0,True,False,,Arabic_CI_AS
VasetF,4,VasetName,varchar,60,0,0,True,False,,Arabic_CI_AS
VasetF,5,C_Code,varchar,5,0,0,True,False,,Arabic_CI_AS
VC_Facture,1,VCF_code,int,4,10,0,False,True,,
VC_Facture,2,VCF_Code_C,varchar,7,0,0,True,False,,Arabic_CI_AS
VC_Facture,3,A_code,varchar,18,0,0,True,False,,Arabic_CI_AS
VC_Facture,4,C_Code,varchar,12,0,0,True,False,,Arabic_CI_AS
VC_Facture,5,VCF_Date,datetime,8,23,3,True,False,,
VC_Facture,6,VCF_Time,char,8,0,0,True,False,,Arabic_CI_AS
VC_Facture,7,VCF_RDate,datetime,8,23,3,True,False,,
VC_Facture,8,VCF_RTime,char,5,0,0,True,False,,Arabic_CI_AS
VC_Facture,9,VCT_Code,int,4,10,0,True,False,,
VC_Facture,10,VCF_Zemanat,varchar,50,0,0,True,False,,Arabic_CI_AS
VC_Facture,11,VCF_SendType,tinyint,1,3,0,True,False,,
VC_Facture,12,VCF_CodePaik,varchar,12,0,0,True,False,,Arabic_CI_AS
VC_Facture,13,VCF_Count,float,8,53,0,True,False,,
VC_Facture,14,VCF_RCount,float,8,53,0,True,False,,
VC_Facture,15,VCF_Price,float,8,53,0,True,False,,
VC_Facture,16,VCF_Jarimeh,float,8,53,0,True,False,,
VC_Facture,17,VCF_SumPrice,float,8,53,0,True,False,,
VC_Facture,18,VCF_PaikPrice,float,8,53,0,True,False,,
VC_Facture,19,VCF_PaikTime,varchar,5,0,0,True,False,,Arabic_CI_AS
VC_Facture,20,VCF_AccessCount,smallint,2,5,0,True,False,,
VC_Facture,21,VCF_Day_Mojaz,int,4,10,0,True,False,,
VC_Facture,22,VCF_Day_jarimeh,int,4,10,0,True,False,,
VC_Facture,23,VCF_Takhfif,float,8,53,0,True,False,,
VC_Facture,24,Sanad_Code,int,4,10,0,True,False,,
VC_Facture,25,VCF_Naghd,float,8,53,0,True,False,,
VC_Facture,26,VCF_Check,float,8,53,0,True,False,,
VC_Facture,27,VCF_NaghdB,float,8,53,0,False,False,((0)),
VC_Facture,28,VCF_KartKhanB,float,8,53,0,False,False,((0)),
VC_Facture,29,VCF_KartKhan,float,8,53,0,False,False,((0)),
VC_Facture,30,VCF_VasetehCode,varchar,12,0,0,True,False,,Arabic_CI_AS
VC_Facture,31,VCF_Vasetehtype,bit,1,1,0,False,False,((0)),
VC_Facture,32,VCF_VasetehPrice,float,8,53,0,False,False,((0)),
VC_Facture,33,VCF_CountFirst,float,8,53,0,False,False,((0)),
VC_Facture,34,VCF_Cust_Rent,float,8,53,0,False,False,((0)),
VC_Facture,35,VCF_Scode_Rent,int,4,10,0,True,False,,
VC_Facture,36,VCF_Comment,nvarchar,8000,0,0,True,False,,Arabic_CI_AS
VC_Facture,37,VCF_Id,int,4,10,0,False,False,((0)),
VC_Facture,38,VC_Hazineh,float,8,53,0,False,False,((0)),
VC_Facture,39,VCF_CommentTitr,nvarchar,8000,0,0,True,False,,Arabic_CI_AS
VC_Facture,40,VCF_CommentOdat,nvarchar,8000,0,0,True,False,,Arabic_CI_AS
VC_Facture,41,VCT_Price,float,8,53,0,False,False,((0)),
VC_Facture,42,VCT_Day,int,4,10,0,False,False,((0)),
VC_Facture,43,VCTName,nvarchar,2000,0,0,False,False,((0)),Arabic_CI_AS
VC_Facture,44,VCT_LateDayPrice,float,8,53,0,False,False,((0)),
VC_PeikVaseteh,1,Id,int,4,10,0,False,True,,
VC_PeikVaseteh,2,VCF_Id,int,4,10,0,False,False,,
VC_PeikVaseteh,3,VCF_Type,varchar,1,0,0,False,False,,Arabic_CI_AS
VC_PeikVaseteh,4,Counect_Code,varchar,5,0,0,False,False,,Arabic_CI_AS
VC_PeikVaseteh,5,Darsad_Porsunt,float,8,53,0,True,False,,
VC_PeikVaseteh,6,Cust_Porsunt,float,8,53,0,True,False,,
VC_Type,1,VCT_Code,int,4,10,0,False,True,,
VC_Type,2,VCT_Name,varchar,50,0,0,True,False,,Arabic_CI_AS
VC_Type,3,VCT_Day,int,4,10,0,True,False,,
VC_Type,4,VCT_Price,int,4,10,0,True,False,,
VC_Type,5,VCT_LateDayPrice,float,8,53,0,True,False,,
VisitorCoordinate,1,Id,int,4,10,0,False,True,,
VisitorCoordinate,2,userCode,nvarchar,10,0,0,False,False,,Arabic_CI_AS
VisitorCoordinate,3,dateTime,datetime,8,23,3,False,False,,
VisitorCoordinate,4,lat,nvarchar,40,0,0,True,False,,Arabic_CI_AS
VisitorCoordinate,5,long,nvarchar,40,0,0,True,False,,Arabic_CI_AS
VisitorCoordinate,6,isActive,bit,1,1,0,True,False,,
VisitorCoordinate,7,UserCodeInc,int,4,10,0,True,False,,
Work,1,CodePer,varchar,5,0,0,False,False,,Arabic_CI_AS
Work,2,WDate,datetime,8,23,3,False,False,,
Work,3,TimeStart_EzafeWork,float,8,53,0,True,False,,
Work,4,TimeEnd_KasrWork,float,8,53,0,True,False,,
Work,5,Count_EzafeWork,float,8,53,0,True,False,,
Work,6,Count_KasrWork,float,8,53,0,True,False,,
Work,7,DayOfWeek,smallint,2,5,0,True,False,,
Work,8,TimeEnd_KasrWork2,float,8,53,0,True,False,,
Work,9,TimeStart_EzafeWork2,float,8,53,0,True,False,,
